2026-08-14 15:18:11,785 1 INFO ? odoo: Odoo version 18.0-20260209 
2026-08-14 15:18:11,787 1 INFO ? odoo: Using configuration file at /etc/odoo/odoo.conf 
2026-08-14 15:18:11,787 1 INFO ? odoo: addons paths: ['/usr/lib/python3/dist-packages/odoo/addons', '/var/lib/odoo/.local/share/Odoo/addons/18.0', '/mnt/extra-addons'] 
2026-08-14 15:18:11,788 1 INFO ? odoo: database: odoo@postgres:5432 
2026-08-14 15:18:12,143 1 INFO ? odoo.addons.base.models.ir_actions_report: Will use the Wkhtmltopdf binary at /usr/local/bin/wkhtmltopdf 
2026-08-14 15:18:12,197 1 INFO ? odoo.addons.base.models.ir_actions_report: Will use the Wkhtmltoimage binary at /usr/local/bin/wkhtmltoimage 
2026-08-14 15:18:12,501 1 INFO ? odoo.service.server: Watching addons folder /usr/lib/python3/dist-packages/odoo/addons 
2026-08-14 15:18:12,502 1 INFO ? odoo.service.server: Watching addons folder /var/lib/odoo/.local/share/Odoo/addons/18.0 
2026-08-14 15:18:12,502 1 INFO ? odoo.service.server: Watching addons folder /mnt/extra-addons 
2026-08-14 15:18:15,986 1 INFO ? odoo.service.server: AutoReload watcher running with watchdog 
2026-08-14 15:18:15,986 1 INFO ? odoo.service.server: HTTP service (werkzeug) running on 6bffeaf1e621:8069 
2026-08-14 15:18:16,485 1 INFO ? odoo.modules.loading: loading 1 modules... 
2026-08-14 15:18:16,492 1 INFO ? odoo.modules.loading: 1 modules loaded in 0.01s, 0 queries (+0 extra) 
2026-08-14 15:18:16,544 1 WARNING ? odoo.modules.module: Missing `license` key in manifest for 'recrutement', defaulting to LGPL-3 
2026-08-14 15:18:16,559 1 INFO ? odoo.modules.loading: loading 43 modules... 
2026-08-14 15:18:17,602 1 WARNING ? py.warnings: /usr/lib/python3/dist-packages/odoo/api.py:484: DeprecationWarning: The model odoo.addons.recrutement.models.recruitment_planning_header is not overriding the create method in batch
  File "/usr/lib/python3.12/threading.py", line 1030, in _bootstrap
    self._bootstrap_inner()
  File "/usr/lib/python3.12/threading.py", line 1073, in _bootstrap_inner
    self.run()
  File "/usr/lib/python3.12/threading.py", line 1010, in run
    self._target(*self._args, **self._kwargs)
  File "/usr/lib/python3.12/socketserver.py", line 692, in process_request_thread
    self.finish_request(request, client_address)
  File "/usr/lib/python3.12/socketserver.py", line 362, in finish_request
    self.RequestHandlerClass(request, client_address, self)
  File "/usr/lib/python3/dist-packages/odoo/service/server.py", line 128, in __init__
    super().__init__(*args, **kwargs)
  File "/usr/lib/python3.12/socketserver.py", line 761, in __init__
    self.handle()
  File "/usr/lib/python3/dist-packages/werkzeug/serving.py", line 390, in handle
    super().handle()
  File "/usr/lib/python3.12/http/server.py", line 436, in handle
    self.handle_one_request()
  File "/usr/lib/python3.12/http/server.py", line 424, in handle_one_request
    method()
  File "/usr/lib/python3/dist-packages/werkzeug/serving.py", line 362, in run_wsgi
    execute(self.server.app)
  File "/usr/lib/python3/dist-packages/werkzeug/serving.py", line 323, in execute
    application_iter = app(environ, start_response)
  File "/usr/lib/python3/dist-packages/odoo/http.py", line 2576, in __call__
    response = request._serve_db()
  File "/usr/lib/python3/dist-packages/odoo/http.py", line 2080, in _serve_db
    self.registry, cr_readwrite = self._open_registry()
  File "/usr/lib/python3/dist-packages/odoo/http.py", line 1690, in _open_registry
    registry = Registry(self.db)
  File "/usr/lib/python3/dist-packages/odoo/modules/registry.py", line 108, in __new__
    return cls.new(db_name)
  File "/usr/lib/python3/dist-packages/decorator.py", line 232, in fun
    return caller(func, *(extras + args), **kw)
  File "/usr/lib/python3/dist-packages/odoo/tools/func.py", line 97, in locked
    return func(inst, *args, **kwargs)
  File "/usr/lib/python3/dist-packages/odoo/modules/registry.py", line 129, in new
    odoo.modules.load_modules(registry, force_demo, status, update_module)
  File "/usr/lib/python3/dist-packages/odoo/modules/loading.py", line 485, in load_modules
    processed_modules += load_marked_modules(env, graph,
  File "/usr/lib/python3/dist-packages/odoo/modules/loading.py", line 365, in load_marked_modules
    loaded, processed = load_module_graph(
  File "/usr/lib/python3/dist-packages/odoo/modules/loading.py", line 186, in load_module_graph
    load_openerp_module(package.name)
  File "/usr/lib/python3/dist-packages/odoo/modules/module.py", line 384, in load_openerp_module
    __import__(qualname)
  File "/mnt/extra-addons/recrutement/__init__.py", line 1, in <module>
    from . import models
  File "/mnt/extra-addons/recrutement/models/__init__.py", line 1, in <module>
    from . import recruitment_planning_header
  File "/mnt/extra-addons/recrutement/models/recruitment_planning_header.py", line 5, in <module>
    class RecruitmentPlanningHeader(models.Model):
  File "/mnt/extra-addons/recrutement/models/recruitment_planning_header.py", line 213, in RecruitmentPlanningHeader
    @api.model
  File "/usr/lib/python3/dist-packages/odoo/api.py", line 431, in model
    return model_create_single(method)
  File "/usr/lib/python3/dist-packages/odoo/api.py", line 484, in model_create_single
    warnings.warn(
 
2026-08-14 15:18:17,644 1 INFO ? odoo.modules.loading: 43 modules loaded in 1.08s, 0 queries (+0 extra) 
2026-08-14 15:18:17,745 1 WARNING ? odoo.fields: Field recruitment.planning.header.project_id with unknown comodel_name 'recruitment.project' 
2026-08-14 15:18:17,771 1 WARNING ? odoo.modules.loading: Transient module states were reset 
2026-08-14 15:18:17,772 1 ERROR ? odoo.modules.registry: Failed to load registry 
2026-08-14 15:18:17,773 1 ERROR ? odoo.http: Exception during request handling. 
Traceback (most recent call last):
  File "/usr/lib/python3/dist-packages/odoo/modules/registry.py", line 106, in __new__
    return cls.registries[db_name]
           ~~~~~~~~~~~~~~^^^^^^^^^
  File "/usr/lib/python3/dist-packages/decorator.py", line 232, in fun
    return caller(func, *(extras + args), **kw)
           ^^^^^^^^^^^^^^^^^^^^^^^^^^^^^^^^^^^^
  File "/usr/lib/python3/dist-packages/odoo/tools/func.py", line 97, in locked
    return func(inst, *args, **kwargs)
           ^^^^^^^^^^^^^^^^^^^^^^^^^^^
  File "/usr/lib/python3/dist-packages/odoo/tools/lru.py", line 33, in __getitem__
    a = self.d[obj]
        ~~~~~~^^^^^
KeyError: 'rh_2026'

During handling of the above exception, another exception occurred:

Traceback (most recent call last):
  File "/usr/lib/python3/dist-packages/odoo/http.py", line 2576, in __call__
    response = request._serve_db()
               ^^^^^^^^^^^^^^^^^^^
  File "/usr/lib/python3/dist-packages/odoo/http.py", line 2080, in _serve_db
    self.registry, cr_readwrite = self._open_registry()
                                  ^^^^^^^^^^^^^^^^^^^^^
  File "/usr/lib/python3/dist-packages/odoo/http.py", line 1690, in _open_registry
    registry = Registry(self.db)
               ^^^^^^^^^^^^^^^^^
  File "/usr/lib/python3/dist-packages/odoo/modules/registry.py", line 108, in __new__
    return cls.new(db_name)
           ^^^^^^^^^^^^^^^^
  File "/usr/lib/python3/dist-packages/decorator.py", line 232, in fun
    return caller(func, *(extras + args), **kw)
           ^^^^^^^^^^^^^^^^^^^^^^^^^^^^^^^^^^^^
  File "/usr/lib/python3/dist-packages/odoo/tools/func.py", line 97, in locked
    return func(inst, *args, **kwargs)
           ^^^^^^^^^^^^^^^^^^^^^^^^^^^
  File "/usr/lib/python3/dist-packages/odoo/modules/registry.py", line 129, in new
    odoo.modules.load_modules(registry, force_demo, status, update_module)
  File "/usr/lib/python3/dist-packages/odoo/modules/loading.py", line 511, in load_modules
    registry.setup_models(cr)
  File "/usr/lib/python3/dist-packages/decorator.py", line 232, in fun
    return caller(func, *(extras + args), **kw)
           ^^^^^^^^^^^^^^^^^^^^^^^^^^^^^^^^^^^^
  File "/usr/lib/python3/dist-packages/odoo/tools/func.py", line 97, in locked
    return func(inst, *args, **kwargs)
           ^^^^^^^^^^^^^^^^^^^^^^^^^^^
  File "/usr/lib/python3/dist-packages/odoo/modules/registry.py", line 355, in setup_models
    model._setup_fields()
  File "/usr/lib/python3/dist-packages/odoo/models.py", line 3720, in _setup_fields
    field.setup(self)
  File "/usr/lib/python3/dist-packages/odoo/fields.py", line 537, in setup
    self.setup_related(model)
  File "/usr/lib/python3/dist-packages/odoo/fields.py", line 2879, in setup_related
    super().setup_related(model)
  File "/usr/lib/python3/dist-packages/odoo/fields.py", line 611, in setup_related
    raise KeyError(
KeyError: 'Field owner_type referenced in related field definition recruitment.planning.header.owner_type does not exist.'
2026-08-14 15:18:17,780 1 INFO ? werkzeug: 172.22.0.1 - - [14/Aug/2026 15:18:17] "GET /websocket?version=18.0-7 HTTP/1.1" 500 - 14 0.120 1.255
2026-08-14 15:18:25,707 1 INFO ? odoo.modules.loading: loading 1 modules... 
2026-08-14 15:18:25,713 1 INFO ? odoo.modules.loading: 1 modules loaded in 0.01s, 0 queries (+0 extra) 
2026-08-14 15:18:25,718 1 INFO ? odoo.modules.loading: loading 43 modules... 
2026-08-14 15:18:25,746 1 INFO ? odoo.modules.loading: 43 modules loaded in 0.03s, 0 queries (+0 extra) 
2026-08-14 15:18:25,819 1 WARNING ? odoo.modules.loading: Transient module states were reset 
2026-08-14 15:18:25,820 1 ERROR ? odoo.modules.registry: Failed to load registry 
2026-08-14 15:18:25,821 1 ERROR ? odoo.http: Exception during request handling. 
Traceback (most recent call last):
  File "/usr/lib/python3/dist-packages/odoo/modules/registry.py", line 106, in __new__
    return cls.registries[db_name]
           ~~~~~~~~~~~~~~^^^^^^^^^
  File "/usr/lib/python3/dist-packages/decorator.py", line 232, in fun
    return caller(func, *(extras + args), **kw)
           ^^^^^^^^^^^^^^^^^^^^^^^^^^^^^^^^^^^^
  File "/usr/lib/python3/dist-packages/odoo/tools/func.py", line 97, in locked
    return func(inst, *args, **kwargs)
           ^^^^^^^^^^^^^^^^^^^^^^^^^^^
  File "/usr/lib/python3/dist-packages/odoo/tools/lru.py", line 33, in __getitem__
    a = self.d[obj]
        ~~~~~~^^^^^
KeyError: 'rh_2026'

During handling of the above exception, another exception occurred:

Traceback (most recent call last):
  File "/usr/lib/python3/dist-packages/odoo/http.py", line 2576, in __call__
    response = request._serve_db()
               ^^^^^^^^^^^^^^^^^^^
  File "/usr/lib/python3/dist-packages/odoo/http.py", line 2080, in _serve_db
    self.registry, cr_readwrite = self._open_registry()
                                  ^^^^^^^^^^^^^^^^^^^^^
  File "/usr/lib/python3/dist-packages/odoo/http.py", line 1690, in _open_registry
    registry = Registry(self.db)
               ^^^^^^^^^^^^^^^^^
  File "/usr/lib/python3/dist-packages/odoo/modules/registry.py", line 108, in __new__
    return cls.new(db_name)
           ^^^^^^^^^^^^^^^^
  File "/usr/lib/python3/dist-packages/decorator.py", line 232, in fun
    return caller(func, *(extras + args), **kw)
           ^^^^^^^^^^^^^^^^^^^^^^^^^^^^^^^^^^^^
  File "/usr/lib/python3/dist-packages/odoo/tools/func.py", line 97, in locked
    return func(inst, *args, **kwargs)
           ^^^^^^^^^^^^^^^^^^^^^^^^^^^
  File "/usr/lib/python3/dist-packages/odoo/modules/registry.py", line 129, in new
    odoo.modules.load_modules(registry, force_demo, status, update_module)
  File "/usr/lib/python3/dist-packages/odoo/modules/loading.py", line 511, in load_modules
    registry.setup_models(cr)
  File "/usr/lib/python3/dist-packages/decorator.py", line 232, in fun
    return caller(func, *(extras + args), **kw)
           ^^^^^^^^^^^^^^^^^^^^^^^^^^^^^^^^^^^^
  File "/usr/lib/python3/dist-packages/odoo/tools/func.py", line 97, in locked
    return func(inst, *args, **kwargs)
           ^^^^^^^^^^^^^^^^^^^^^^^^^^^
  File "/usr/lib/python3/dist-packages/odoo/modules/registry.py", line 355, in setup_models
    model._setup_fields()
  File "/usr/lib/python3/dist-packages/odoo/models.py", line 3720, in _setup_fields
    field.setup(self)
  File "/usr/lib/python3/dist-packages/odoo/fields.py", line 537, in setup
    self.setup_related(model)
  File "/usr/lib/python3/dist-packages/odoo/fields.py", line 2879, in setup_related
    super().setup_related(model)
  File "/usr/lib/python3/dist-packages/odoo/fields.py", line 611, in setup_related
    raise KeyError(
KeyError: 'Field owner_type referenced in related field definition recruitment.planning.header.owner_type does not exist.'
2026-08-14 15:18:25,823 1 INFO ? werkzeug: 172.22.0.1 - - [14/Aug/2026 15:18:25] "GET /odoo/action-250/new HTTP/1.1" 500 - 14 0.005 0.784
2026-08-14 15:18:27,468 1 INFO ? odoo.modules.loading: loading 1 modules... 
2026-08-14 15:18:27,480 1 INFO ? odoo.modules.loading: 1 modules loaded in 0.01s, 0 queries (+0 extra) 
2026-08-14 15:18:27,486 1 INFO ? odoo.modules.loading: loading 43 modules... 
2026-08-14 15:18:27,520 1 INFO ? odoo.modules.loading: 43 modules loaded in 0.03s, 0 queries (+0 extra) 
2026-08-14 15:18:27,601 1 WARNING ? odoo.modules.loading: Transient module states were reset 
2026-08-14 15:18:27,602 1 ERROR ? odoo.modules.registry: Failed to load registry 
2026-08-14 15:18:27,603 1 ERROR ? odoo.http: Exception during request handling. 
Traceback (most recent call last):
  File "/usr/lib/python3/dist-packages/odoo/modules/registry.py", line 106, in __new__
    return cls.registries[db_name]
           ~~~~~~~~~~~~~~^^^^^^^^^
  File "/usr/lib/python3/dist-packages/decorator.py", line 232, in fun
    return caller(func, *(extras + args), **kw)
           ^^^^^^^^^^^^^^^^^^^^^^^^^^^^^^^^^^^^
  File "/usr/lib/python3/dist-packages/odoo/tools/func.py", line 97, in locked
    return func(inst, *args, **kwargs)
           ^^^^^^^^^^^^^^^^^^^^^^^^^^^
  File "/usr/lib/python3/dist-packages/odoo/tools/lru.py", line 33, in __getitem__
    a = self.d[obj]
        ~~~~~~^^^^^
KeyError: 'rh_2026'

During handling of the above exception, another exception occurred:

Traceback (most recent call last):
  File "/usr/lib/python3/dist-packages/odoo/http.py", line 2576, in __call__
    response = request._serve_db()
               ^^^^^^^^^^^^^^^^^^^
  File "/usr/lib/python3/dist-packages/odoo/http.py", line 2080, in _serve_db
    self.registry, cr_readwrite = self._open_registry()
                                  ^^^^^^^^^^^^^^^^^^^^^
  File "/usr/lib/python3/dist-packages/odoo/http.py", line 1690, in _open_registry
    registry = Registry(self.db)
               ^^^^^^^^^^^^^^^^^
  File "/usr/lib/python3/dist-packages/odoo/modules/registry.py", line 108, in __new__
    return cls.new(db_name)
           ^^^^^^^^^^^^^^^^
  File "/usr/lib/python3/dist-packages/decorator.py", line 232, in fun
    return caller(func, *(extras + args), **kw)
           ^^^^^^^^^^^^^^^^^^^^^^^^^^^^^^^^^^^^
  File "/usr/lib/python3/dist-packages/odoo/tools/func.py", line 97, in locked
    return func(inst, *args, **kwargs)
           ^^^^^^^^^^^^^^^^^^^^^^^^^^^
  File "/usr/lib/python3/dist-packages/odoo/modules/registry.py", line 129, in new
    odoo.modules.load_modules(registry, force_demo, status, update_module)
  File "/usr/lib/python3/dist-packages/odoo/modules/loading.py", line 511, in load_modules
    registry.setup_models(cr)
  File "/usr/lib/python3/dist-packages/decorator.py", line 232, in fun
    return caller(func, *(extras + args), **kw)
           ^^^^^^^^^^^^^^^^^^^^^^^^^^^^^^^^^^^^
  File "/usr/lib/python3/dist-packages/odoo/tools/func.py", line 97, in locked
    return func(inst, *args, **kwargs)
           ^^^^^^^^^^^^^^^^^^^^^^^^^^^
  File "/usr/lib/python3/dist-packages/odoo/modules/registry.py", line 355, in setup_models
    model._setup_fields()
  File "/usr/lib/python3/dist-packages/odoo/models.py", line 3720, in _setup_fields
    field.setup(self)
  File "/usr/lib/python3/dist-packages/odoo/fields.py", line 537, in setup
    self.setup_related(model)
  File "/usr/lib/python3/dist-packages/odoo/fields.py", line 2879, in setup_related
    super().setup_related(model)
  File "/usr/lib/python3/dist-packages/odoo/fields.py", line 611, in setup_related
    raise KeyError(
KeyError: 'Field owner_type referenced in related field definition recruitment.planning.header.owner_type does not exist.'
2026-08-14 15:18:27,605 1 INFO ? werkzeug: 172.22.0.1 - - [14/Aug/2026 15:18:27] "GET /web/service-worker.js HTTP/1.1" 500 - 14 0.009 0.138
2026-08-14 15:18:29,480 1 INFO ? odoo.modules.loading: loading 1 modules... 
2026-08-14 15:18:29,492 1 INFO ? odoo.modules.loading: 1 modules loaded in 0.01s, 0 queries (+0 extra) 
2026-08-14 15:18:29,499 1 INFO ? odoo.modules.loading: loading 43 modules... 
2026-08-14 15:18:29,541 1 INFO ? odoo.modules.loading: 43 modules loaded in 0.04s, 0 queries (+0 extra) 
2026-08-14 15:18:29,660 1 WARNING ? odoo.modules.loading: Transient module states were reset 
2026-08-14 15:18:29,661 1 ERROR ? odoo.modules.registry: Failed to load registry 
2026-08-14 15:18:29,662 1 ERROR ? odoo.http: Exception during request handling. 
Traceback (most recent call last):
  File "/usr/lib/python3/dist-packages/odoo/modules/registry.py", line 106, in __new__
    return cls.registries[db_name]
           ~~~~~~~~~~~~~~^^^^^^^^^
  File "/usr/lib/python3/dist-packages/decorator.py", line 232, in fun
    return caller(func, *(extras + args), **kw)
           ^^^^^^^^^^^^^^^^^^^^^^^^^^^^^^^^^^^^
  File "/usr/lib/python3/dist-packages/odoo/tools/func.py", line 97, in locked
    return func(inst, *args, **kwargs)
           ^^^^^^^^^^^^^^^^^^^^^^^^^^^
  File "/usr/lib/python3/dist-packages/odoo/tools/lru.py", line 33, in __getitem__
    a = self.d[obj]
        ~~~~~~^^^^^
KeyError: 'rh_2026'

During handling of the above exception, another exception occurred:

Traceback (most recent call last):
  File "/usr/lib/python3/dist-packages/odoo/http.py", line 2576, in __call__
    response = request._serve_db()
               ^^^^^^^^^^^^^^^^^^^
  File "/usr/lib/python3/dist-packages/odoo/http.py", line 2080, in _serve_db
    self.registry, cr_readwrite = self._open_registry()
                                  ^^^^^^^^^^^^^^^^^^^^^
  File "/usr/lib/python3/dist-packages/odoo/http.py", line 1690, in _open_registry
    registry = Registry(self.db)
               ^^^^^^^^^^^^^^^^^
  File "/usr/lib/python3/dist-packages/odoo/modules/registry.py", line 108, in __new__
    return cls.new(db_name)
           ^^^^^^^^^^^^^^^^
  File "/usr/lib/python3/dist-packages/decorator.py", line 232, in fun
    return caller(func, *(extras + args), **kw)
           ^^^^^^^^^^^^^^^^^^^^^^^^^^^^^^^^^^^^
  File "/usr/lib/python3/dist-packages/odoo/tools/func.py", line 97, in locked
    return func(inst, *args, **kwargs)
           ^^^^^^^^^^^^^^^^^^^^^^^^^^^
  File "/usr/lib/python3/dist-packages/odoo/modules/registry.py", line 129, in new
    odoo.modules.load_modules(registry, force_demo, status, update_module)
  File "/usr/lib/python3/dist-packages/odoo/modules/loading.py", line 511, in load_modules
    registry.setup_models(cr)
  File "/usr/lib/python3/dist-packages/decorator.py", line 232, in fun
    return caller(func, *(extras + args), **kw)
           ^^^^^^^^^^^^^^^^^^^^^^^^^^^^^^^^^^^^
  File "/usr/lib/python3/dist-packages/odoo/tools/func.py", line 97, in locked
    return func(inst, *args, **kwargs)
           ^^^^^^^^^^^^^^^^^^^^^^^^^^^
  File "/usr/lib/python3/dist-packages/odoo/modules/registry.py", line 355, in setup_models
    model._setup_fields()
  File "/usr/lib/python3/dist-packages/odoo/models.py", line 3720, in _setup_fields
    field.setup(self)
  File "/usr/lib/python3/dist-packages/odoo/fields.py", line 537, in setup
    self.setup_related(model)
  File "/usr/lib/python3/dist-packages/odoo/fields.py", line 2879, in setup_related
    super().setup_related(model)
  File "/usr/lib/python3/dist-packages/odoo/fields.py", line 611, in setup_related
    raise KeyError(
KeyError: 'Field owner_type referenced in related field definition recruitment.planning.header.owner_type does not exist.'
2026-08-14 15:18:29,669 1 INFO ? werkzeug: 172.22.0.1 - - [14/Aug/2026 15:18:29] "GET /websocket?version=18.0-7 HTTP/1.1" 500 - 14 0.010 0.189
2026-08-14 15:18:56,708 1 INFO ? odoo.service.server: Initiating shutdown 
2026-08-14 15:18:56,709 1 INFO ? odoo.service.server: Hit CTRL-C again or send a second signal to force the shutdown. 
2026-08-14 15:18:56,895 1 INFO ? odoo.sql_db: ConnectionPool(read/write;used=0/count=0/max=64): Closed 3 connections  
2026-08-14 15:19:09,788 1 INFO ? odoo: Odoo version 18.0-20260209 
2026-08-14 15:19:09,789 1 INFO ? odoo: Using configuration file at /etc/odoo/odoo.conf 
2026-08-14 15:19:09,790 1 INFO ? odoo: addons paths: ['/usr/lib/python3/dist-packages/odoo/addons', '/var/lib/odoo/.local/share/Odoo/addons/18.0', '/mnt/extra-addons'] 
2026-08-14 15:19:09,790 1 INFO ? odoo: database: odoo@postgres:5432 
2026-08-14 15:19:10,036 1 INFO ? odoo.addons.base.models.ir_actions_report: Will use the Wkhtmltopdf binary at /usr/local/bin/wkhtmltopdf 
2026-08-14 15:19:10,043 1 INFO ? odoo.addons.base.models.ir_actions_report: Will use the Wkhtmltoimage binary at /usr/local/bin/wkhtmltoimage 
2026-08-14 15:19:10,202 1 INFO ? odoo.service.server: Watching addons folder /usr/lib/python3/dist-packages/odoo/addons 
2026-08-14 15:19:10,203 1 INFO ? odoo.service.server: Watching addons folder /var/lib/odoo/.local/share/Odoo/addons/18.0 
2026-08-14 15:19:10,203 1 INFO ? odoo.service.server: Watching addons folder /mnt/extra-addons 
2026-08-14 15:19:10,627 1 INFO ? odoo.service.server: AutoReload watcher running with watchdog 
2026-08-14 15:19:10,653 1 INFO ? odoo.service.server: HTTP service (werkzeug) running on be04595ef588:8069 
2026-08-14 15:19:16,062 1 WARNING ? odoo.modules.module: Missing `license` key in manifest for 'recrutement', defaulting to LGPL-3 
2026-08-14 15:19:16,087 1 INFO ? werkzeug: 172.22.0.1 - - [14/Aug/2026 15:19:16] "GET /odoo/action-250/new HTTP/1.1" 303 - 2 0.003 0.589
2026-08-14 15:19:16,179 1 INFO ? werkzeug: 172.22.0.1 - - [14/Aug/2026 15:19:16] "GET /web/database/selector HTTP/1.1" 200 - 2 0.002 0.079
2026-08-14 15:19:17,863 1 INFO ? werkzeug: 172.22.0.1 - - [14/Aug/2026 15:19:17] "GET /web/service-worker.js HTTP/1.1" 404 - 1 0.001 0.011
2026-08-14 15:19:17,880 1 INFO ? werkzeug: 172.22.0.1 - - [14/Aug/2026 15:19:17] "GET /web/service-worker.js HTTP/1.1" 404 - 1 0.001 0.011
2026-08-14 15:19:18,819 1 INFO ? werkzeug: 172.22.0.1 - - [14/Aug/2026 15:19:18] "GET /websocket?version=18.0-7 HTTP/1.1" 404 - 1 0.001 0.011
2026-08-14 15:19:28,769 1 INFO ? werkzeug: 172.22.0.1 - - [14/Aug/2026 15:19:28] "GET /websocket?version=18.0-7 HTTP/1.1" 404 - 1 0.001 0.011
2026-08-14 15:19:47,459 1 INFO ? werkzeug: 172.22.0.1 - - [14/Aug/2026 15:19:47] "GET /web/service-worker.js HTTP/1.1" 404 - 1 0.012 0.049
2026-08-14 15:20:08,534 1 INFO None odoo.service.db: Create database `rh_2026`. 
2026-08-14 15:20:09,788 1 INFO None odoo.modules.loading: loading 1 modules... 
2026-08-14 15:20:09,789 1 INFO None odoo.modules.loading: Loading module base (1/1) 
2026-08-14 15:20:09,815 1 INFO None odoo.modules.registry: module base: creating or updating database tables 
2026-08-14 15:20:10,495 1 INFO None odoo.models: Prepare computation of ir.module.module.menus_by_module 
2026-08-14 15:20:10,496 1 INFO None odoo.models: Prepare computation of ir.module.module.reports_by_module 
2026-08-14 15:20:10,497 1 INFO None odoo.models: Prepare computation of ir.module.module.views_by_module 
2026-08-14 15:20:10,722 1 INFO None odoo.models: Prepare computation of res.partner.user_id 
2026-08-14 15:20:10,722 1 INFO None odoo.models: Prepare computation of res.partner.commercial_partner_id 
2026-08-14 15:20:10,723 1 INFO None odoo.models: Prepare computation of res.partner.complete_name 
2026-08-14 15:20:10,723 1 INFO None odoo.models: Prepare computation of res.partner.company_registry 
2026-08-14 15:20:10,724 1 INFO None odoo.models: Prepare computation of res.partner.commercial_company_name 
2026-08-14 15:20:10,724 1 INFO None odoo.models: Prepare computation of res.partner.partner_share 
2026-08-14 15:20:10,789 1 INFO None odoo.models: Prepare computation of res.currency.decimal_places 
2026-08-14 15:20:10,835 1 INFO None odoo.models: Prepare computation of res.company.uses_default_logo 
2026-08-14 15:20:10,836 1 INFO None odoo.models: Prepare computation of res.company.logo_web 
2026-08-14 15:20:10,841 1 INFO None odoo.models: Computing parent_path for table res_company... 
2026-08-14 15:20:10,888 1 INFO None odoo.models: Prepare computation of res.users.signature 
2026-08-14 15:20:10,888 1 INFO None odoo.models: Prepare computation of res.users.share 
2026-08-14 15:20:12,854 1 INFO None odoo.modules.loading: loading base/data/res_bank.xml 
2026-08-14 15:20:12,863 1 INFO None odoo.modules.loading: loading base/data/res.lang.csv 
2026-08-14 15:20:12,900 1 INFO None odoo.modules.loading: loading base/data/res_lang_data.xml 
2026-08-14 15:20:12,944 1 INFO None odoo.modules.loading: loading base/data/res_partner_data.xml 
2026-08-14 15:20:13,013 1 INFO None odoo.modules.loading: loading base/data/res_currency_data.xml 
2026-08-14 15:20:13,551 1 INFO None odoo.modules.loading: loading base/data/res_company_data.xml 
2026-08-14 15:20:13,571 1 INFO None odoo.modules.loading: loading base/data/res_users_data.xml 
2026-08-14 15:20:14,513 1 INFO None odoo.modules.loading: loading base/data/report_paperformat_data.xml 
2026-08-14 15:20:14,523 1 INFO None odoo.modules.loading: loading base/data/res_country_data.xml 
2026-08-14 15:20:14,935 1 INFO None odoo.modules.loading: loading base/data/ir_demo_data.xml 
2026-08-14 15:20:14,947 1 INFO None odoo.modules.loading: loading base/security/base_groups.xml 
2026-08-14 15:20:15,510 1 INFO None odoo.modules.loading: loading base/security/base_security.xml 
2026-08-14 15:20:15,654 1 INFO None odoo.modules.loading: loading base/views/base_menus.xml 
2026-08-14 15:20:15,733 1 INFO None odoo.modules.loading: loading base/views/decimal_precision_views.xml 
2026-08-14 15:20:15,753 1 INFO None odoo.modules.loading: loading base/views/res_config_views.xml 
2026-08-14 15:20:15,761 1 INFO None odoo.modules.loading: loading base/data/res.country.state.csv 
2026-08-14 15:20:16,373 1 INFO None odoo.modules.loading: loading base/views/ir_actions_views.xml 
2026-08-14 15:20:16,502 1 INFO None odoo.modules.loading: loading base/views/ir_asset_views.xml 
2026-08-14 15:20:16,532 1 INFO None odoo.modules.loading: loading base/views/ir_config_parameter_views.xml 
2026-08-14 15:20:16,551 1 INFO None odoo.modules.loading: loading base/views/ir_cron_views.xml 
2026-08-14 15:20:16,580 1 INFO None odoo.modules.loading: loading base/views/ir_cron_trigger_views.xml 
2026-08-14 15:20:16,599 1 INFO None odoo.modules.loading: loading base/views/ir_filters_views.xml 
2026-08-14 15:20:16,620 1 INFO None odoo.modules.loading: loading base/views/ir_mail_server_views.xml 
2026-08-14 15:20:16,644 1 INFO None odoo.modules.loading: loading base/views/ir_model_views.xml 
2026-08-14 15:20:16,805 1 INFO None odoo.modules.loading: loading base/views/ir_attachment_views.xml 
2026-08-14 15:20:16,829 1 INFO None odoo.modules.loading: loading base/views/ir_rule_views.xml 
2026-08-14 15:20:16,850 1 INFO None odoo.modules.loading: loading base/views/ir_sequence_views.xml 
2026-08-14 15:20:16,872 1 INFO None odoo.modules.loading: loading base/views/ir_ui_menu_views.xml 
2026-08-14 15:20:16,892 1 INFO None odoo.modules.loading: loading base/views/ir_ui_view_views.xml 
2026-08-14 15:20:16,938 1 INFO None odoo.modules.loading: loading base/views/ir_default_views.xml 
2026-08-14 15:20:16,957 1 INFO None odoo.modules.loading: loading base/data/ir_config_parameter_data.xml 
2026-08-14 15:20:16,961 1 INFO None odoo.modules.loading: loading base/data/ir_cron_data.xml 
2026-08-14 15:20:16,971 1 INFO None odoo.modules.loading: loading base/report/ir_model_report.xml 
2026-08-14 15:20:16,976 1 INFO None odoo.modules.loading: loading base/report/ir_model_templates.xml 
2026-08-14 15:20:16,990 1 INFO None odoo.modules.loading: loading base/views/ir_logging_views.xml 
2026-08-14 15:20:17,009 1 INFO None odoo.modules.loading: loading base/views/ir_qweb_widget_templates.xml 
2026-08-14 15:20:17,025 1 INFO None odoo.modules.loading: loading base/views/ir_module_views.xml 
2026-08-14 15:20:17,074 1 INFO None odoo.modules.loading: loading base/data/ir_module_category_data.xml 
2026-08-14 15:20:17,136 1 INFO None odoo.modules.loading: loading base/data/ir_module_module.xml 
2026-08-14 15:20:17,203 1 INFO None odoo.modules.loading: loading base/report/ir_module_reports.xml 
2026-08-14 15:20:17,208 1 INFO None odoo.modules.loading: loading base/report/ir_module_report_templates.xml 
2026-08-14 15:20:17,219 1 INFO None odoo.modules.loading: loading base/wizard/base_module_update_views.xml 
2026-08-14 15:20:17,236 1 INFO None odoo.modules.loading: loading base/wizard/base_language_install_views.xml 
2026-08-14 15:20:17,250 1 INFO None odoo.modules.loading: loading base/wizard/base_import_language_views.xml 
2026-08-14 15:20:17,262 1 INFO None odoo.modules.loading: loading base/wizard/base_module_upgrade_views.xml 
2026-08-14 15:20:17,282 1 INFO None odoo.modules.loading: loading base/wizard/base_module_uninstall_views.xml 
2026-08-14 15:20:17,292 1 INFO None odoo.modules.loading: loading base/wizard/base_export_language_views.xml 
2026-08-14 15:20:17,304 1 INFO None odoo.modules.loading: loading base/wizard/base_partner_merge_views.xml 
2026-08-14 15:20:17,321 1 INFO None odoo.modules.loading: loading base/data/ir_demo_failure_data.xml 
2026-08-14 15:20:17,340 1 INFO None odoo.modules.loading: loading base/views/ir_profile_views.xml 
2026-08-14 15:20:17,366 1 INFO None odoo.modules.loading: loading base/views/res_company_views.xml 
2026-08-14 15:20:17,394 1 INFO None odoo.modules.loading: loading base/views/res_lang_views.xml 
2026-08-14 15:20:17,416 1 INFO None odoo.modules.loading: loading base/views/res_partner_views.xml 
2026-08-14 15:20:17,515 1 INFO None odoo.modules.loading: loading base/views/res_bank_views.xml 
2026-08-14 15:20:17,546 1 INFO None odoo.modules.loading: loading base/views/res_country_views.xml 
2026-08-14 15:20:17,589 1 INFO None odoo.modules.loading: loading base/views/res_currency_views.xml 
2026-08-14 15:20:17,624 1 INFO None odoo.modules.loading: loading base/views/res_users_views.xml 
2026-08-14 15:20:17,735 1 INFO None odoo.modules.loading: loading base/views/res_device_views.xml 
2026-08-14 15:20:17,768 1 INFO None odoo.modules.loading: loading base/views/res_users_identitycheck_views.xml 
2026-08-14 15:20:17,775 1 INFO None odoo.modules.loading: loading base/views/res_config_settings_views.xml 
2026-08-14 15:20:17,785 1 INFO None odoo.modules.loading: loading base/views/report_paperformat_views.xml 
2026-08-14 15:20:17,810 1 INFO None odoo.modules.loading: loading base/security/ir.model.access.csv 
2026-08-14 15:20:17,925 1 INFO None odoo.modules.loading: Module base: loading demo 
2026-08-14 15:20:17,926 1 INFO None odoo.modules.loading: loading base/data/res_users_demo.xml 
2026-08-14 15:20:19,374 1 INFO None odoo.modules.loading: loading base/data/res_partner_bank_demo.xml 
2026-08-14 15:20:19,380 1 INFO None odoo.modules.loading: loading base/data/res_currency_demo.xml 
2026-08-14 15:20:19,385 1 INFO None odoo.modules.loading: loading base/data/res_currency_rate_demo.xml 
2026-08-14 15:20:19,622 1 INFO None odoo.modules.loading: loading base/data/res_bank_demo.xml 
2026-08-14 15:20:19,628 1 INFO None odoo.modules.loading: loading base/data/res_partner_demo.xml 
2026-08-14 15:20:19,785 1 INFO None odoo.modules.loading: loading base/data/res_partner_image_demo.xml 
2026-08-14 15:20:20,288 1 INFO None odoo.modules.loading: Module base loaded in 10.50s, 9449 queries (+9450 other) 
2026-08-14 15:20:20,289 1 INFO None odoo.modules.loading: 1 modules loaded in 10.50s, 9449 queries (+9450 extra) 
2026-08-14 15:20:20,319 1 INFO None odoo.modules.loading: updating modules list 
2026-08-14 15:20:20,320 1 INFO None odoo.addons.base.models.ir_module: ALLOW access to module.update_list on [] to user __system__ #1 via n/a 
2026-08-14 15:20:21,140 1 INFO None odoo.modules.loading: loading 12 modules... 
2026-08-14 15:20:21,141 1 INFO None odoo.modules.loading: Loading module web (2/12) 
2026-08-14 15:20:21,168 1 INFO None odoo.modules.registry: module web: creating or updating database tables 
2026-08-14 15:20:21,851 1 INFO None odoo.modules.loading: loading web/security/ir.model.access.csv 
2026-08-14 15:20:21,872 1 INFO None odoo.modules.loading: loading web/views/webclient_templates.xml 
2026-08-14 15:20:21,939 1 INFO None odoo.modules.loading: loading web/views/report_templates.xml 
2026-08-14 15:20:22,079 1 INFO None odoo.modules.loading: loading web/views/base_document_layout_views.xml 
2026-08-14 15:20:22,093 1 INFO None odoo.modules.loading: loading web/views/partner_view.xml 
2026-08-14 15:20:22,099 1 INFO None odoo.modules.loading: loading web/views/speedscope_template.xml 
2026-08-14 15:20:22,106 1 INFO None odoo.modules.loading: loading web/views/neutralize_views.xml 
2026-08-14 15:20:22,114 1 INFO None odoo.modules.loading: loading web/data/ir_attachment.xml 
2026-08-14 15:20:22,120 1 INFO None odoo.modules.loading: loading web/data/report_layout.xml 
2026-08-14 15:20:22,138 1 WARNING None odoo.addons.base.models.ir_qweb: Found deprecated directive @t-esc='company.id' in template 214. Replace by @t-out 
2026-08-14 15:20:22,139 1 WARNING None odoo.addons.base.models.ir_qweb: Found deprecated directive @t-esc='font' in template 214. Replace by @t-out 
2026-08-14 15:20:22,140 1 WARNING None odoo.addons.base.models.ir_qweb: Found deprecated directive @t-esc='primary' in template 214. Replace by @t-out 
2026-08-14 15:20:22,141 1 WARNING None odoo.addons.base.models.ir_qweb: Found deprecated directive @t-esc='secondary' in template 214. Replace by @t-out 
2026-08-14 15:20:22,142 1 WARNING None odoo.addons.base.models.ir_qweb: Found deprecated directive @t-esc='primary' in template 214. Replace by @t-out 
2026-08-14 15:20:22,142 1 WARNING None odoo.addons.base.models.ir_qweb: Found deprecated directive @t-esc='primary' in template 214. Replace by @t-out 
2026-08-14 15:20:22,144 1 WARNING None odoo.addons.base.models.ir_qweb: Found deprecated directive @t-esc='primary' in template 214. Replace by @t-out 
2026-08-14 15:20:22,145 1 WARNING None odoo.addons.base.models.ir_qweb: Found deprecated directive @t-esc='primary' in template 214. Replace by @t-out 
2026-08-14 15:20:22,146 1 WARNING None odoo.addons.base.models.ir_qweb: Found deprecated directive @t-esc='secondary' in template 214. Replace by @t-out 
2026-08-14 15:20:22,147 1 WARNING None odoo.addons.base.models.ir_qweb: Found deprecated directive @t-esc='secondary' in template 214. Replace by @t-out 
2026-08-14 15:20:22,148 1 WARNING None odoo.addons.base.models.ir_qweb: Found deprecated directive @t-esc='primary' in template 214. Replace by @t-out 
2026-08-14 15:20:22,149 1 WARNING None odoo.addons.base.models.ir_qweb: Found deprecated directive @t-esc='secondary' in template 214. Replace by @t-out 
2026-08-14 15:20:22,150 1 WARNING None odoo.addons.base.models.ir_qweb: Found deprecated directive @t-esc='secondary' in template 214. Replace by @t-out 
2026-08-14 15:20:22,151 1 WARNING None odoo.addons.base.models.ir_qweb: Found deprecated directive @t-esc='secondary' in template 214. Replace by @t-out 
2026-08-14 15:20:22,152 1 WARNING None odoo.addons.base.models.ir_qweb: Found deprecated directive @t-esc='secondary' in template 214. Replace by @t-out 
2026-08-14 15:20:22,153 1 WARNING None odoo.addons.base.models.ir_qweb: Found deprecated directive @t-esc='secondary' in template 214. Replace by @t-out 
2026-08-14 15:20:22,153 1 WARNING None odoo.addons.base.models.ir_qweb: Found deprecated directive @t-esc='primary' in template 214. Replace by @t-out 
2026-08-14 15:20:22,154 1 WARNING None odoo.addons.base.models.ir_qweb: Found deprecated directive @t-esc='primary' in template 214. Replace by @t-out 
2026-08-14 15:20:22,155 1 WARNING None odoo.addons.base.models.ir_qweb: Found deprecated directive @t-esc='primary' in template 214. Replace by @t-out 
2026-08-14 15:20:22,179 1 INFO None odoo.modules.loading: Module web loaded in 1.04s, 1143 queries (+1143 other) 
2026-08-14 15:20:22,180 1 INFO None odoo.modules.loading: Loading module auth_totp (3/12) 
2026-08-14 15:20:22,228 1 INFO None odoo.modules.registry: module auth_totp: creating or updating database tables 
2026-08-14 15:20:22,299 1 INFO None odoo.modules.loading: loading auth_totp/security/security.xml 
2026-08-14 15:20:22,322 1 INFO None odoo.modules.loading: loading auth_totp/security/ir.model.access.csv 
2026-08-14 15:20:22,331 1 INFO None odoo.modules.loading: loading auth_totp/data/ir_action_data.xml 
2026-08-14 15:20:22,338 1 INFO None odoo.modules.loading: loading auth_totp/views/res_users_views.xml 
2026-08-14 15:20:22,376 1 INFO None odoo.modules.loading: loading auth_totp/views/templates.xml 
2026-08-14 15:20:22,385 1 INFO None odoo.modules.loading: loading auth_totp/wizard/auth_totp_wizard_views.xml 
2026-08-14 15:20:22,409 1 INFO None odoo.modules.loading: Module auth_totp loaded in 0.23s, 197 queries (+197 other) 
2026-08-14 15:20:22,410 1 INFO None odoo.modules.loading: Loading module base_import (4/12) 
2026-08-14 15:20:22,712 1 INFO None odoo.modules.registry: module base_import: creating or updating database tables 
2026-08-14 15:20:23,392 1 INFO None odoo.modules.loading: loading base_import/security/ir.model.access.csv 
2026-08-14 15:20:23,411 1 INFO None odoo.modules.loading: Module base_import loaded in 1.00s, 881 queries (+881 other) 
2026-08-14 15:20:23,412 1 INFO None odoo.modules.loading: Loading module base_import_module (5/12) 
2026-08-14 15:20:23,440 1 INFO None odoo.modules.registry: module base_import_module: creating or updating database tables 
2026-08-14 15:20:23,514 1 INFO None odoo.modules.loading: loading base_import_module/security/ir.model.access.csv 
2026-08-14 15:20:23,535 1 INFO None odoo.modules.loading: loading base_import_module/views/base_import_module_view.xml 
2026-08-14 15:20:23,553 1 INFO None odoo.modules.loading: loading base_import_module/views/ir_module_views.xml 
2026-08-14 15:20:23,610 1 INFO None odoo.modules.loading: Module base_import_module loaded in 0.20s, 173 queries (+173 other) 
2026-08-14 15:20:23,611 1 INFO None odoo.modules.loading: Loading module base_setup (6/12) 
2026-08-14 15:20:23,641 1 INFO None odoo.modules.registry: module base_setup: creating or updating database tables 
2026-08-14 15:20:23,698 1 INFO None odoo.modules.loading: loading base_setup/data/base_setup_data.xml 
2026-08-14 15:20:23,716 1 INFO None odoo.modules.loading: loading base_setup/views/res_config_settings_views.xml 
2026-08-14 15:20:23,751 1 INFO None odoo.modules.loading: loading base_setup/views/res_partner_views.xml 
2026-08-14 15:20:23,779 1 INFO None odoo.modules.loading: Module base_setup loaded in 0.17s, 158 queries (+158 other) 
2026-08-14 15:20:23,779 1 INFO None odoo.modules.loading: Loading module bus (7/12) 
2026-08-14 15:20:23,822 1 INFO None odoo.modules.registry: module bus: creating or updating database tables 
2026-08-14 15:20:23,964 1 INFO None odoo.modules.loading: loading bus/security/ir.model.access.csv 
2026-08-14 15:20:23,997 1 INFO None odoo.modules.loading: Module bus loaded in 0.22s, 165 queries (+165 other) 
2026-08-14 15:20:23,998 1 INFO None odoo.modules.loading: Loading module web_tour (8/12) 
2026-08-14 15:20:24,023 1 INFO None odoo.modules.registry: module web_tour: creating or updating database tables 
2026-08-14 15:20:24,029 1 INFO None odoo.models: Prepare computation of res.users.tour_enabled 
2026-08-14 15:20:24,129 1 INFO None odoo.modules.loading: loading web_tour/security/ir.model.access.csv 
2026-08-14 15:20:24,151 1 INFO None odoo.modules.loading: loading web_tour/views/tour_views.xml 
2026-08-14 15:20:24,179 1 INFO None odoo.modules.loading: loading web_tour/views/res_users_views.xml 
2026-08-14 15:20:24,213 1 INFO None odoo.modules.loading: Module web_tour loaded in 0.22s, 194 queries (+194 other) 
2026-08-14 15:20:24,214 1 INFO None odoo.modules.loading: Loading module html_editor (9/12) 
2026-08-14 15:20:24,376 1 INFO None odoo.modules.registry: module html_editor: creating or updating database tables 
2026-08-14 15:20:24,421 1 INFO None odoo.modules.loading: Module html_editor loaded in 0.21s, 46 queries (+46 other) 
2026-08-14 15:20:24,422 1 INFO None odoo.modules.loading: Loading module iap (10/12) 
2026-08-14 15:20:24,444 1 INFO None odoo.modules.registry: module iap: creating or updating database tables 
2026-08-14 15:20:24,545 1 INFO None odoo.modules.loading: loading iap/data/services.xml 
2026-08-14 15:20:24,558 1 INFO None odoo.modules.loading: loading iap/security/ir.model.access.csv 
2026-08-14 15:20:24,569 1 INFO None odoo.modules.loading: loading iap/security/ir_rule.xml 
2026-08-14 15:20:24,578 1 INFO None odoo.modules.loading: loading iap/views/iap_views.xml 
2026-08-14 15:20:24,606 1 INFO None odoo.modules.loading: loading iap/views/res_config_settings.xml 
2026-08-14 15:20:24,645 1 INFO None odoo.modules.loading: Module iap loaded in 0.22s, 194 queries (+194 other) 
2026-08-14 15:20:24,645 1 INFO None odoo.modules.loading: Loading module web_editor (11/12) 
2026-08-14 15:20:24,703 1 INFO None odoo.modules.registry: module web_editor: creating or updating database tables 
2026-08-14 15:20:24,872 1 INFO None odoo.modules.loading: loading web_editor/security/ir.model.access.csv 
2026-08-14 15:20:24,884 1 INFO None odoo.modules.loading: loading web_editor/data/editor_assets.xml 
2026-08-14 15:20:24,135 1 INFO None odoo.modules.loading: loading web_editor/views/editor.xml 
2026-08-14 15:20:24,158 1 INFO None odoo.modules.loading: loading web_editor/views/snippets.xml 
2026-08-14 15:20:24,279 1 INFO None odoo.modules.loading: Module web_editor loaded in -0.37s, 1024 queries (+1024 other) 
2026-08-14 15:20:24,279 1 INFO None odoo.modules.loading: Loading module web_unsplash (12/12) 
2026-08-14 15:20:24,309 1 INFO None odoo.modules.registry: module web_unsplash: creating or updating database tables 
2026-08-14 15:20:24,373 1 INFO None odoo.modules.loading: loading web_unsplash/views/res_config_settings_view.xml 
2026-08-14 15:20:24,413 1 INFO None odoo.modules.loading: Module web_unsplash loaded in 0.13s, 107 queries (+107 other) 
2026-08-14 15:20:24,414 1 INFO None odoo.modules.loading: 12 modules loaded in 3.27s, 4282 queries (+4282 extra) 
2026-08-14 15:20:24,680 1 INFO None odoo.modules.loading: Modules loaded. 
2026-08-14 15:20:24,685 1 INFO None odoo.modules.registry: Registry changed, signaling through the database 
2026-08-14 15:20:24,686 1 INFO None odoo.modules.registry: Registry loaded in 14.908s 
2026-08-14 15:20:24,702 1 INFO rh_2026 odoo.addons.base.models.ir_http: Generating routing map for key None 
2026-08-14 15:20:24,724 1 INFO rh_2026 werkzeug: 172.22.0.1 - - [14/Aug/2026 15:20:24] "GET /websocket?version=18.0-7 HTTP/1.1" 101 - 6 0.008 4.794
2026-08-14 15:20:24,744 1 INFO rh_2026 werkzeug: 172.22.0.1 - - [14/Aug/2026 15:20:24] "POST /bus/has_missed_notifications HTTP/1.1" 200 - 3 0.001 0.003
2026-08-14 15:20:25,056 1 INFO ? odoo.addons.bus.models.bus: Bus.loop listen imbus on db postgres 
2026-08-14 15:20:25,673 1 INFO None odoo.addons.base.models.res_users: Login successful for db:rh_2026 login:admin@admin.com from 172.22.0.1 
2026-08-14 15:20:25,686 1 INFO None werkzeug: 172.22.0.1 - - [14/Aug/2026 15:20:25] "POST /web/database/create HTTP/1.1" 303 - 20481 7.615 10.048
2026-08-14 15:20:25,706 1 INFO rh_2026 werkzeug: 172.22.0.1 - - [14/Aug/2026 15:20:25] "GET /odoo HTTP/1.1" 303 - 4 0.002 0.005
2026-08-14 15:20:25,750 1 WARNING rh_2026 odoo.addons.base.models.ir_qweb: Found deprecated directive @t-esc='error' in template 185. Replace by @t-out 
2026-08-14 15:20:25,751 1 WARNING rh_2026 odoo.addons.base.models.ir_qweb: Found deprecated directive @t-esc='message' in template 185. Replace by @t-out 
2026-08-14 15:20:25,773 1 WARNING rh_2026 odoo.addons.base.models.ir_qweb: Found deprecated directive @t-esc="title or 'Odoo'" in template 181. Replace by @t-out 
2026-08-14 15:20:25,775 1 WARNING rh_2026 odoo.addons.base.models.ir_qweb: Found deprecated directive @t-esc='request.csrf_token(None)' in template 181. Replace by @t-out 
2026-08-14 15:20:25,776 1 WARNING rh_2026 odoo.addons.base.models.ir_qweb: Found deprecated directive @t-esc='debug' in template 181. Replace by @t-out 
2026-08-14 15:20:26,014 1 INFO rh_2026 werkzeug: 172.22.0.1 - - [14/Aug/2026 15:20:26] "GET /web/login?redirect=/odoo? HTTP/1.1" 200 - 56 0.020 0.279
2026-08-14 15:20:26,030 1 INFO rh_2026 werkzeug: 172.22.0.1 - - [14/Aug/2026 15:20:26] "GET /web/binary/company_logo HTTP/1.1" 200 - 2 0.001 0.002
2026-08-14 15:20:26,129 1 INFO rh_2026 werkzeug: 172.22.0.1 - - [14/Aug/2026 15:20:26] "GET /web/webclient/translations/1786720826755 HTTP/1.1" 200 - 2 0.001 0.020
2026-08-14 15:20:27,765 1 INFO rh_2026 werkzeug: 172.22.0.1 - - [14/Aug/2026 15:20:27] "GET /web/service-worker.js HTTP/1.1" 200 - 2 0.001 0.004
2026-08-14 15:20:27,775 1 INFO rh_2026 werkzeug: 172.22.0.1 - - [14/Aug/2026 15:20:27] "GET /web/service-worker.js HTTP/1.1" 200 - 2 0.001 0.003
2026-08-14 15:20:27,797 1 WARNING rh_2026 odoo.addons.base.models.ir_qweb: Found deprecated directive @t-esc="title or 'Odoo'" in template 180. Replace by @t-out 
2026-08-14 15:20:27,799 1 WARNING rh_2026 odoo.addons.base.models.ir_qweb: Found deprecated directive @t-esc='request.csrf_token(None)' in template 180. Replace by @t-out 
2026-08-14 15:20:27,800 1 WARNING rh_2026 odoo.addons.base.models.ir_qweb: Found deprecated directive @t-esc='debug' in template 180. Replace by @t-out 
2026-08-14 15:20:27,803 1 INFO rh_2026 werkzeug: 172.22.0.1 - - [14/Aug/2026 15:20:27] "GET /odoo/offline HTTP/1.1" 200 - 13 0.005 0.017
2026-08-14 15:20:29,481 1 INFO rh_2026 werkzeug: 172.22.0.1 - - [14/Aug/2026 15:20:29] "GET /websocket?version=18.0-7 HTTP/1.1" 101 - 2 0.001 0.003
2026-08-14 15:20:38,485 1 INFO rh_2026 odoo.addons.base.models.res_users: Login failed for db:rh_2026 login:admin@admin.com from 172.22.0.1 
2026-08-14 15:20:38,496 1 WARNING rh_2026 odoo.addons.base.models.ir_qweb: Found deprecated directive @t-esc='error' in template 185. Replace by @t-out 
2026-08-14 15:20:38,497 1 WARNING rh_2026 odoo.addons.base.models.ir_qweb: Found deprecated directive @t-esc='message' in template 185. Replace by @t-out 
2026-08-14 15:20:38,516 1 WARNING rh_2026 odoo.addons.base.models.ir_qweb: Found deprecated directive @t-esc="title or 'Odoo'" in template 181. Replace by @t-out 
2026-08-14 15:20:38,518 1 WARNING rh_2026 odoo.addons.base.models.ir_qweb: Found deprecated directive @t-esc='request.csrf_token(None)' in template 181. Replace by @t-out 
2026-08-14 15:20:38,519 1 WARNING rh_2026 odoo.addons.base.models.ir_qweb: Found deprecated directive @t-esc='debug' in template 181. Replace by @t-out 
2026-08-14 15:20:38,713 1 INFO rh_2026 werkzeug: 172.22.0.1 - - [14/Aug/2026 15:20:38] "POST /web/login HTTP/1.1" 200 - 53 0.018 0.738
2026-08-14 15:20:38,726 1 INFO rh_2026 werkzeug: 172.22.0.1 - - [14/Aug/2026 15:20:38] "GET /web/binary/company_logo HTTP/1.1" 304 - 2 0.001 0.003
2026-08-14 15:20:38,805 1 INFO rh_2026 werkzeug: 172.22.0.1 - - [14/Aug/2026 15:20:38] "GET /web/webclient/translations/1786720838916 HTTP/1.1" 200 - 2 0.001 0.003
2026-08-14 15:20:40,370 1 INFO rh_2026 werkzeug: 172.22.0.1 - - [14/Aug/2026 15:20:40] "GET /web/service-worker.js HTTP/1.1" 200 - 2 0.001 0.004
2026-08-14 15:20:42,705 1 INFO rh_2026 odoo.addons.base.models.res_users: Login successful for db:rh_2026 login:admin@admin.com from 172.22.0.1 
2026-08-14 15:20:42,713 1 INFO rh_2026 werkzeug: 172.22.0.1 - - [14/Aug/2026 15:20:42] "POST /web/login HTTP/1.1" 303 - 29 0.013 0.504
2026-08-14 15:20:42,721 1 INFO rh_2026 odoo.addons.base.models.res_device: User 2 inserts device log (9ezY0Q_JqoNzc6kiwwA6UFeKpHkd0hdc6QtxM7-Qa9) 
2026-08-14 15:20:43,267 1 WARNING rh_2026 odoo.addons.base.models.ir_qweb: Found deprecated directive @t-esc="title or 'Odoo'" in template 180. Replace by @t-out 
2026-08-14 15:20:43,268 1 WARNING rh_2026 odoo.addons.base.models.ir_qweb: Found deprecated directive @t-esc='request.csrf_token(None)' in template 180. Replace by @t-out 
2026-08-14 15:20:43,269 1 WARNING rh_2026 odoo.addons.base.models.ir_qweb: Found deprecated directive @t-esc='debug' in template 180. Replace by @t-out 
2026-08-14 15:20:43,275 1 INFO rh_2026 werkzeug: 172.22.0.1 - - [14/Aug/2026 15:20:43] "GET /odoo HTTP/1.1" 200 - 78 0.025 0.532
2026-08-14 15:20:43,330 1 INFO rh_2026 werkzeug: 172.22.0.1 - - [14/Aug/2026 15:20:43] "GET /web/manifest.webmanifest HTTP/1.1" 200 - 8 0.003 0.004
2026-08-14 15:20:43,421 1 INFO rh_2026 werkzeug: 172.22.0.1 - - [14/Aug/2026 15:20:43] "POST /web/action/load HTTP/1.1" 200 - 10 0.010 0.020
2026-08-14 15:20:43,431 1 INFO rh_2026 werkzeug: 172.22.0.1 - - [14/Aug/2026 15:20:43] "GET /web/image/res.partner/3/avatar_128?unique=1786717225000 HTTP/1.1" 200 - 18 0.014 0.025
2026-08-14 15:20:43,437 1 INFO rh_2026 werkzeug: 172.22.0.1 - - [14/Aug/2026 15:20:43] "GET /web/image?model=res.users&field=avatar_128&id=2 HTTP/1.1" 304 - 20 0.019 0.024
2026-08-14 15:20:43,516 1 INFO rh_2026 werkzeug: 172.22.0.1 - - [14/Aug/2026 15:20:43] "POST /web/dataset/call_kw/ir.module.module/get_views HTTP/1.1" 200 - 61 0.028 0.050
2026-08-14 15:20:43,532 1 INFO rh_2026 werkzeug: 172.22.0.1 - - [14/Aug/2026 15:20:43] "POST /web/dataset/call_kw/ir.module.module/search_panel_select_range HTTP/1.1" 200 - 1 0.001 0.007
2026-08-14 15:20:43,571 1 INFO rh_2026 werkzeug: 172.22.0.1 - - [14/Aug/2026 15:20:43] "POST /web/dataset/call_kw/ir.module.module/search_panel_select_range HTTP/1.1" 200 - 68 0.029 0.017
2026-08-14 15:20:43,598 1 INFO rh_2026 werkzeug: 172.22.0.1 - - [14/Aug/2026 15:20:43] "POST /web/dataset/call_kw/ir.module.module/web_search_read HTTP/1.1" 200 - 6 0.005 0.065
2026-08-14 15:20:45,364 1 INFO rh_2026 werkzeug: 172.22.0.1 - - [14/Aug/2026 15:20:45] "GET /web/service-worker.js HTTP/1.1" 200 - 1 0.001 0.002
2026-08-14 15:20:45,372 1 INFO rh_2026 werkzeug: 172.22.0.1 - - [14/Aug/2026 15:20:45] "GET /web/service-worker.js HTTP/1.1" 200 - 1 0.001 0.002
2026-08-14 15:20:49,839 1 INFO rh_2026 werkzeug: 172.22.0.1 - - [14/Aug/2026 15:20:49] "GET /websocket?version=18.0-7 HTTP/1.1" 101 - 1 0.001 0.003
2026-08-14 15:20:49,848 1 INFO rh_2026 werkzeug: 172.22.0.1 - - [14/Aug/2026 15:20:49] "POST /bus/has_missed_notifications HTTP/1.1" 200 - 2 0.001 0.002
2026-08-14 15:20:51,736 1 INFO rh_2026 werkzeug: 172.22.0.1 - - [14/Aug/2026 15:20:51] "POST /web/dataset/call_kw/ir.module.module/search_panel_select_range HTTP/1.1" 200 - 66 0.025 0.018
2026-08-14 15:20:51,749 1 INFO rh_2026 werkzeug: 172.22.0.1 - - [14/Aug/2026 15:20:51] "POST /web/dataset/call_kw/ir.module.module/web_search_read HTTP/1.1" 200 - 6 0.003 0.004
2026-08-14 15:20:53,270 1 INFO rh_2026 odoo.addons.base.models.ir_module: ALLOW access to module.button_immediate_install on ['Gestion recrutement'] to user admin@admin.com #2 via 172.22.0.1 
2026-08-14 15:20:53,270 1 INFO rh_2026 odoo.addons.base.models.ir_module: User #2 triggered module installation 
2026-08-14 15:20:53,272 1 INFO rh_2026 odoo.addons.base.models.ir_module: ALLOW access to module.button_install on ['Gestion recrutement'] to user admin@admin.com #2 via 172.22.0.1 
2026-08-14 15:20:53,446 1 INFO rh_2026 odoo.modules.loading: loading 1 modules... 
2026-08-14 15:20:53,453 1 INFO rh_2026 odoo.modules.loading: 1 modules loaded in 0.01s, 0 queries (+0 extra) 
2026-08-14 15:20:53,476 1 INFO rh_2026 odoo.modules.loading: updating modules list 
2026-08-14 15:20:53,478 1 INFO rh_2026 odoo.addons.base.models.ir_module: ALLOW access to module.update_list on [] to user __system__ #1 via 172.22.0.1 
2026-08-14 15:20:53,540 1 INFO rh_2026 odoo.modules.loading: loading 12 modules... 
2026-08-14 15:20:53,548 1 INFO rh_2026 odoo.modules.loading: 12 modules loaded in 0.01s, 0 queries (+0 extra) 
2026-08-14 15:20:53,552 1 INFO rh_2026 odoo.modules.loading: loading 44 modules... 
2026-08-14 15:20:53,552 1 INFO rh_2026 odoo.modules.loading: Loading module attachment_indexation (3/44) 
2026-08-14 15:20:53,638 1 INFO rh_2026 odoo.modules.registry: module attachment_indexation: creating or updating database tables 
2026-08-14 15:20:53,692 1 INFO rh_2026 odoo.modules.loading: Module attachment_indexation loaded in 0.14s, 33 queries (+33 other) 
2026-08-14 15:20:53,692 1 INFO rh_2026 odoo.modules.loading: Loading module http_routing (9/44) 
2026-08-14 15:20:53,721 1 INFO rh_2026 odoo.modules.registry: module http_routing: creating or updating database tables 
2026-08-14 15:20:53,749 1 INFO rh_2026 odoo.modules.loading: loading http_routing/views/http_routing_template.xml 
2026-08-14 15:20:53,789 1 INFO rh_2026 odoo.modules.loading: loading http_routing/views/res_lang_views.xml 
2026-08-14 15:20:53,821 1 INFO rh_2026 odoo.modules.loading: Module http_routing loaded in 0.13s, 112 queries (+112 other) 
2026-08-14 15:20:53,822 1 INFO rh_2026 odoo.modules.loading: Loading module resource (10/44) 
2026-08-14 15:20:53,866 1 INFO rh_2026 odoo.modules.registry: module resource: creating or updating database tables 
2026-08-14 15:20:54,062 1 INFO rh_2026 odoo.modules.loading: loading resource/data/resource_data.xml 
2026-08-14 15:20:54,082 1 INFO rh_2026 odoo.modules.loading: loading resource/security/ir.model.access.csv 
2026-08-14 15:20:54,102 1 INFO rh_2026 odoo.modules.loading: loading resource/security/resource_security.xml 
2026-08-14 15:20:54,130 1 INFO rh_2026 odoo.modules.loading: loading resource/views/resource_resource_views.xml 
2026-08-14 15:20:54,155 1 INFO rh_2026 odoo.modules.loading: loading resource/views/resource_calendar_leaves_views.xml 
2026-08-14 15:20:54,183 1 INFO rh_2026 odoo.modules.loading: loading resource/views/resource_calendar_attendance_views.xml 
2026-08-14 15:20:54,195 1 INFO rh_2026 odoo.modules.loading: loading resource/views/resource_calendar_views.xml 
2026-08-14 15:20:54,214 1 INFO rh_2026 odoo.modules.loading: loading resource/views/menuitems.xml 
2026-08-14 15:20:54,230 1 INFO rh_2026 odoo.modules.loading: Module resource: loading demo 
2026-08-14 15:20:54,231 1 INFO rh_2026 odoo.modules.loading: loading resource/data/resource_demo.xml 
2026-08-14 15:20:54,270 1 INFO rh_2026 odoo.modules.loading: Module resource loaded in 0.45s, 437 queries (+437 other) 
2026-08-14 15:20:54,271 1 INFO rh_2026 odoo.modules.loading: Loading module utm (11/44) 
2026-08-14 15:20:54,305 1 INFO rh_2026 odoo.modules.registry: module utm: creating or updating database tables 
2026-08-14 15:20:54,474 1 INFO rh_2026 odoo.modules.loading: loading utm/data/utm_medium_data.xml 
2026-08-14 15:20:54,498 1 INFO rh_2026 odoo.modules.loading: loading utm/data/utm_source_data.xml 
2026-08-14 15:20:54,517 1 INFO rh_2026 odoo.modules.loading: loading utm/data/utm_stage_data.xml 
2026-08-14 15:20:54,522 1 INFO rh_2026 odoo.modules.loading: loading utm/data/utm_tag_data.xml 
2026-08-14 15:20:54,528 1 INFO rh_2026 odoo.modules.loading: loading utm/views/utm_campaign_views.xml 
2026-08-14 15:20:54,555 1 INFO rh_2026 odoo.modules.loading: loading utm/views/utm_medium_views.xml 
2026-08-14 15:20:54,570 1 INFO rh_2026 odoo.modules.loading: loading utm/views/utm_source_views.xml 
2026-08-14 15:20:54,582 1 INFO rh_2026 odoo.modules.loading: loading utm/views/utm_stage_views.xml 
2026-08-14 15:20:54,598 1 INFO rh_2026 odoo.modules.loading: loading utm/views/utm_tag_views.xml 
2026-08-14 15:20:54,607 1 INFO rh_2026 odoo.modules.loading: loading utm/views/utm_menus.xml 
2026-08-14 15:20:54,633 1 INFO rh_2026 odoo.modules.loading: loading utm/security/ir.model.access.csv 
2026-08-14 15:20:54,644 1 INFO rh_2026 odoo.modules.loading: Module utm: loading demo 
2026-08-14 15:20:54,645 1 INFO rh_2026 odoo.modules.loading: loading utm/data/utm_campaign_demo.xml 
2026-08-14 15:20:54,656 1 INFO rh_2026 odoo.modules.loading: loading utm/data/utm_stage_demo.xml 
2026-08-14 15:20:54,676 1 INFO rh_2026 odoo.modules.loading: Module utm loaded in 0.41s, 452 queries (+452 other) 
2026-08-14 15:20:54,677 1 INFO rh_2026 odoo.modules.loading: Loading module web_hierarchy (12/44) 
2026-08-14 15:20:54,716 1 INFO rh_2026 odoo.modules.registry: module web_hierarchy: creating or updating database tables 
2026-08-14 15:20:55,587 1 INFO rh_2026 odoo.modules.loading: Module web_hierarchy loaded in 0.91s, 996 queries (+996 other) 
2026-08-14 15:20:55,588 1 INFO rh_2026 odoo.modules.loading: Loading module mail (16/44) 
2026-08-14 15:20:55,695 1 INFO rh_2026 odoo.modules.registry: module mail: creating or updating database tables 
2026-08-14 15:20:56,237 1 INFO rh_2026 odoo.models: Prepare computation of ir.actions.server.partner_ids 
2026-08-14 15:20:56,238 1 INFO rh_2026 odoo.models: Prepare computation of ir.actions.server.template_id 
2026-08-14 15:20:56,238 1 INFO rh_2026 odoo.models: Prepare computation of ir.actions.server.activity_type_id 
2026-08-14 15:20:56,239 1 INFO rh_2026 odoo.models: Prepare computation of ir.actions.server.activity_date_deadline_range 
2026-08-14 15:20:56,240 1 INFO rh_2026 odoo.models: Prepare computation of ir.actions.server.activity_user_id 
2026-08-14 15:20:56,240 1 INFO rh_2026 odoo.models: Prepare computation of ir.actions.server.mail_post_method 
2026-08-14 15:20:56,241 1 INFO rh_2026 odoo.models: Prepare computation of ir.actions.server.activity_summary 
2026-08-14 15:20:56,242 1 INFO rh_2026 odoo.models: Prepare computation of ir.actions.server.activity_date_deadline_range_type 
2026-08-14 15:20:56,242 1 INFO rh_2026 odoo.models: Prepare computation of ir.actions.server.activity_user_type 
2026-08-14 15:20:56,243 1 INFO rh_2026 odoo.models: Prepare computation of ir.actions.server.activity_user_field_name 
2026-08-14 15:20:56,244 1 INFO rh_2026 odoo.models: Prepare computation of ir.actions.server.activity_note 
2026-08-14 15:20:56,244 1 INFO rh_2026 odoo.models: Prepare computation of ir.actions.server.mail_post_autofollow 
2026-08-14 15:20:56,288 1 INFO rh_2026 odoo.models: Prepare computation of res.company.email_primary_color 
2026-08-14 15:20:56,289 1 INFO rh_2026 odoo.models: Prepare computation of res.company.email_secondary_color 
2026-08-14 15:20:56,303 1 INFO rh_2026 odoo.models: Prepare computation of res.users.notification_type 
2026-08-14 15:20:56,422 1 INFO rh_2026 odoo.models: Prepare computation of res.partner.email_normalized 
2026-08-14 15:20:58,614 1 INFO rh_2026 odoo.modules.loading: loading mail/data/mail_groups.xml 
2026-08-14 15:20:58,742 1 INFO rh_2026 odoo.modules.loading: loading mail/wizard/mail_activity_schedule_views.xml 
2026-08-14 15:20:58,766 1 INFO rh_2026 odoo.modules.loading: loading mail/wizard/mail_blacklist_remove_views.xml 
2026-08-14 15:20:58,773 1 INFO rh_2026 odoo.modules.loading: loading mail/wizard/mail_compose_message_views.xml 
2026-08-14 15:20:58,791 1 INFO rh_2026 odoo.modules.loading: loading mail/wizard/mail_resend_message_views.xml 
2026-08-14 15:20:58,804 1 INFO rh_2026 odoo.modules.loading: loading mail/wizard/mail_resend_partner_views.xml 
2026-08-14 15:20:58,814 1 INFO rh_2026 odoo.modules.loading: loading mail/wizard/mail_template_preview_views.xml 
2026-08-14 15:20:58,824 1 INFO rh_2026 odoo.modules.loading: loading mail/wizard/mail_wizard_invite_views.xml 
2026-08-14 15:20:58,833 1 INFO rh_2026 odoo.modules.loading: loading mail/wizard/mail_template_reset_views.xml 
2026-08-14 15:20:58,843 1 INFO rh_2026 odoo.modules.loading: loading mail/views/fetchmail_views.xml 
2026-08-14 15:20:58,865 1 INFO rh_2026 odoo.modules.loading: loading mail/views/mail_message_subtype_views.xml 
2026-08-14 15:20:58,881 1 INFO rh_2026 odoo.modules.loading: loading mail/views/mail_tracking_value_views.xml 
2026-08-14 15:20:58,894 1 INFO rh_2026 odoo.modules.loading: loading mail/views/mail_notification_views.xml 
2026-08-14 15:20:58,907 1 INFO rh_2026 odoo.modules.loading: loading mail/views/mail_message_views.xml 
2026-08-14 15:20:58,938 1 INFO rh_2026 odoo.modules.loading: loading mail/views/mail_message_schedule_views.xml 
2026-08-14 15:20:58,955 1 INFO rh_2026 odoo.modules.loading: loading mail/views/mail_mail_views.xml 
2026-08-14 15:20:58,980 1 INFO rh_2026 odoo.modules.loading: loading mail/views/mail_followers_views.xml 
2026-08-14 15:20:58,993 1 INFO rh_2026 odoo.modules.loading: loading mail/views/mail_ice_server_views.xml 
2026-08-14 15:20:59,006 1 INFO rh_2026 odoo.modules.loading: loading mail/views/discuss_channel_member_views.xml 
2026-08-14 15:20:59,019 1 INFO rh_2026 odoo.modules.loading: loading mail/views/discuss_channel_rtc_session_views.xml 
2026-08-14 15:20:59,036 1 INFO rh_2026 odoo.modules.loading: loading mail/views/mail_link_preview_views.xml 
2026-08-14 15:20:59,050 1 INFO rh_2026 odoo.modules.loading: loading mail/views/discuss/discuss_gif_favorite_views.xml 
2026-08-14 15:20:59,064 1 INFO rh_2026 odoo.modules.loading: loading mail/views/discuss_channel_views.xml 
2026-08-14 15:20:59,097 1 INFO rh_2026 odoo.modules.loading: loading mail/views/mail_canned_response_views.xml 
2026-08-14 15:20:59,119 1 INFO rh_2026 odoo.modules.loading: loading mail/views/mail_activity_views.xml 
2026-08-14 15:20:59,552 1 INFO rh_2026 odoo.modules.loading: loading mail/views/mail_activity_plan_views.xml 
2026-08-14 15:20:59,592 1 INFO rh_2026 odoo.modules.loading: loading mail/views/mail_activity_plan_template_views.xml 
2026-08-14 15:20:59,605 1 INFO rh_2026 odoo.modules.loading: loading mail/views/res_config_settings_views.xml 
2026-08-14 15:20:59,642 1 INFO rh_2026 odoo.modules.loading: loading mail/data/ir_config_parameter_data.xml 
2026-08-14 15:20:59,650 1 INFO rh_2026 odoo.modules.loading: loading mail/data/res_partner_data.xml 
2026-08-14 15:20:59,724 1 INFO rh_2026 odoo.modules.loading: loading mail/data/mail_message_subtype_data.xml 
2026-08-14 15:20:59,733 1 INFO rh_2026 odoo.modules.loading: loading mail/data/mail_templates_chatter.xml 
2026-08-14 15:20:59,755 1 INFO rh_2026 odoo.modules.loading: loading mail/data/mail_templates_email_layouts.xml 
2026-08-14 15:20:59,791 1 INFO rh_2026 odoo.modules.loading: loading mail/data/mail_templates_mailgateway.xml 
2026-08-14 15:20:59,812 1 INFO rh_2026 odoo.modules.loading: loading mail/data/discuss_channel_data.xml 
2026-08-14 15:20:59,862 1 INFO rh_2026 odoo.modules.loading: loading mail/data/mail_activity_data.xml 
2026-08-14 15:20:59,876 1 INFO rh_2026 odoo.modules.loading: loading mail/data/security_notifications_templates.xml 
2026-08-14 15:20:59,884 1 INFO rh_2026 odoo.modules.loading: loading mail/data/ir_cron_data.xml 
2026-08-14 15:20:59,931 1 INFO rh_2026 odoo.modules.loading: loading mail/data/ir_actions_client.xml 
2026-08-14 15:20:59,938 1 INFO rh_2026 odoo.modules.loading: loading mail/security/mail_security.xml 
2026-08-14 15:21:00,081 1 INFO rh_2026 odoo.modules.loading: loading mail/security/ir.model.access.csv 
2026-08-14 15:21:00,154 1 INFO rh_2026 odoo.modules.loading: loading mail/views/discuss_public_templates.xml 
2026-08-14 15:21:00,161 1 INFO rh_2026 odoo.modules.loading: loading mail/views/mail_alias_domain_views.xml 
2026-08-14 15:21:00,178 1 INFO rh_2026 odoo.modules.loading: loading mail/views/mail_alias_views.xml 
2026-08-14 15:21:00,197 1 INFO rh_2026 odoo.modules.loading: loading mail/views/mail_gateway_allowed_views.xml 
2026-08-14 15:21:00,209 1 INFO rh_2026 odoo.modules.loading: loading mail/views/mail_guest_views.xml 
2026-08-14 15:21:00,222 1 INFO rh_2026 odoo.modules.loading: loading mail/views/mail_message_reaction_views.xml 
2026-08-14 15:21:00,235 1 INFO rh_2026 odoo.modules.loading: loading mail/views/mail_templates_public.xml 
2026-08-14 15:21:00,246 1 INFO rh_2026 odoo.modules.loading: loading mail/views/res_users_views.xml 
2026-08-14 15:21:00,277 1 INFO rh_2026 odoo.modules.loading: loading mail/views/res_users_settings_views.xml 
2026-08-14 15:21:00,291 1 INFO rh_2026 odoo.modules.loading: loading mail/views/mail_template_views.xml 
2026-08-14 15:21:00,316 1 INFO rh_2026 odoo.modules.loading: loading mail/views/ir_actions_server_views.xml 
2026-08-14 15:21:00,334 1 INFO rh_2026 odoo.modules.loading: loading mail/views/ir_model_views.xml 
2026-08-14 15:21:00,372 1 INFO rh_2026 odoo.modules.loading: loading mail/views/res_partner_views.xml 
2026-08-14 15:21:00,427 1 INFO rh_2026 odoo.modules.loading: loading mail/views/mail_blacklist_views.xml 
2026-08-14 15:21:00,444 1 INFO rh_2026 odoo.modules.loading: loading mail/views/mail_menus.xml 
2026-08-14 15:21:00,584 1 INFO rh_2026 odoo.modules.loading: loading mail/views/res_company_views.xml 
2026-08-14 15:21:00,598 1 INFO rh_2026 odoo.modules.loading: loading mail/views/mail_scheduled_message_views.xml 
2026-08-14 15:21:00,608 1 INFO rh_2026 odoo.modules.loading: loading mail/data/mail_canned_response_data.xml 
2026-08-14 15:21:00,615 1 INFO rh_2026 odoo.modules.loading: loading mail/data/mail_templates_invite.xml 
2026-08-14 15:21:00,632 1 INFO rh_2026 odoo.modules.loading: loading mail/data/web_tour_tour.xml 
2026-08-14 15:21:00,637 1 INFO rh_2026 odoo.modules.loading: Module mail: loading demo 
2026-08-14 15:21:00,638 1 INFO rh_2026 odoo.modules.loading: loading mail/demo/discuss_channel_demo.xml 
2026-08-14 15:21:00,743 1 INFO rh_2026 odoo.modules.loading: loading mail/demo/mail_canned_response_demo.xml 
2026-08-14 15:21:00,790 1 INFO rh_2026 odoo.modules.loading: Module mail loaded in 5.20s, 4856 queries (+4857 other) 
2026-08-14 15:21:00,790 1 INFO rh_2026 odoo.modules.loading: Loading module auth_signup (18/44) 
2026-08-14 15:21:00,841 1 INFO rh_2026 odoo.modules.registry: module auth_signup: creating or updating database tables 
2026-08-14 15:21:00,928 1 INFO rh_2026 odoo.modules.loading: loading auth_signup/data/ir_config_parameter_data.xml 
2026-08-14 15:21:00,936 1 INFO rh_2026 odoo.modules.loading: loading auth_signup/data/ir_cron_data.xml 
2026-08-14 15:21:00,945 1 INFO rh_2026 odoo.modules.loading: loading auth_signup/data/mail_template_data.xml 
2026-08-14 15:21:00,962 1 INFO rh_2026 odoo.modules.loading: loading auth_signup/views/res_config_settings_views.xml 
2026-08-14 15:21:00,998 1 INFO rh_2026 odoo.modules.loading: loading auth_signup/views/res_users_views.xml 
2026-08-14 15:21:01,027 1 INFO rh_2026 odoo.modules.loading: loading auth_signup/views/auth_signup_login_templates.xml 
2026-08-14 15:21:01,052 1 INFO rh_2026 odoo.modules.loading: loading auth_signup/views/auth_signup_templates_email.xml 
2026-08-14 15:21:01,071 1 INFO rh_2026 odoo.modules.loading: loading auth_signup/views/webclient_templates.xml 
2026-08-14 15:21:01,097 1 INFO rh_2026 odoo.modules.loading: Module auth_signup loaded in 0.31s, 233 queries (+233 other) 
2026-08-14 15:21:01,098 1 INFO rh_2026 odoo.modules.loading: Loading module auth_totp_mail (19/44) 
2026-08-14 15:21:01,140 1 INFO rh_2026 odoo.modules.registry: module auth_totp_mail: creating or updating database tables 
2026-08-14 15:21:01,176 1 INFO rh_2026 odoo.modules.loading: loading auth_totp_mail/data/ir_action_data.xml 
2026-08-14 15:21:01,203 1 INFO rh_2026 odoo.modules.loading: loading auth_totp_mail/data/mail_template_data.xml 
2026-08-14 15:21:01,210 1 INFO rh_2026 odoo.modules.loading: loading auth_totp_mail/data/security_notifications_template.xml 
2026-08-14 15:21:01,222 1 INFO rh_2026 odoo.modules.loading: loading auth_totp_mail/views/res_users_views.xml 
2026-08-14 15:21:01,277 1 INFO rh_2026 odoo.modules.loading: Module auth_totp_mail loaded in 0.18s, 128 queries (+128 other) 
2026-08-14 15:21:01,277 1 INFO rh_2026 odoo.modules.loading: Loading module base_install_request (20/44) 
2026-08-14 15:21:01,331 1 INFO rh_2026 odoo.modules.registry: module base_install_request: creating or updating database tables 
2026-08-14 15:21:01,418 1 INFO rh_2026 odoo.modules.loading: loading base_install_request/security/ir.model.access.csv 
2026-08-14 15:21:01,427 1 INFO rh_2026 odoo.modules.loading: loading base_install_request/wizard/base_module_install_request_views.xml 
2026-08-14 15:21:01,448 1 INFO rh_2026 odoo.modules.loading: loading base_install_request/data/mail_template_data.xml 
2026-08-14 15:21:01,456 1 INFO rh_2026 odoo.modules.loading: loading base_install_request/data/mail_templates_module_install.xml 
2026-08-14 15:21:01,463 1 INFO rh_2026 odoo.modules.loading: loading base_install_request/views/ir_module_module_views.xml 
2026-08-14 15:21:01,496 1 INFO rh_2026 odoo.modules.loading: Module base_install_request loaded in 0.22s, 154 queries (+154 other) 
2026-08-14 15:21:01,496 1 INFO rh_2026 odoo.modules.loading: Loading module calendar (21/44) 
2026-08-14 15:21:01,560 1 INFO rh_2026 odoo.modules.registry: module calendar: creating or updating database tables 
2026-08-14 15:21:01,975 1 INFO rh_2026 odoo.modules.loading: loading calendar/security/ir.model.access.csv 
2026-08-14 15:21:01,992 1 INFO rh_2026 odoo.modules.loading: loading calendar/security/calendar_security.xml 
2026-08-14 15:21:02,018 1 INFO rh_2026 odoo.modules.loading: loading calendar/data/calendar_cron.xml 
2026-08-14 15:21:02,027 1 INFO rh_2026 odoo.modules.loading: loading calendar/data/mail_template_data.xml 
2026-08-14 15:21:02,050 1 INFO rh_2026 odoo.modules.loading: loading calendar/data/calendar_data.xml 
2026-08-14 15:21:02,064 1 INFO rh_2026 odoo.modules.loading: loading calendar/data/mail_activity_type_data.xml 
2026-08-14 15:21:02,070 1 INFO rh_2026 odoo.modules.loading: loading calendar/data/mail_message_subtype_data.xml 
2026-08-14 15:21:02,075 1 INFO rh_2026 odoo.modules.loading: loading calendar/views/mail_activity_views.xml 
2026-08-14 15:21:02,092 1 INFO rh_2026 odoo.modules.loading: loading calendar/views/calendar_templates.xml 
2026-08-14 15:21:02,101 1 INFO rh_2026 odoo.modules.loading: loading calendar/views/calendar_views.xml 
2026-08-14 15:21:02,234 1 INFO rh_2026 odoo.modules.loading: loading calendar/views/res_config_settings_views.xml 
2026-08-14 15:21:02,270 1 INFO rh_2026 odoo.modules.loading: loading calendar/views/res_partner_views.xml 
2026-08-14 15:21:02,307 1 INFO rh_2026 odoo.modules.loading: loading calendar/views/res_users_views.xml 
2026-08-14 15:21:02,335 1 INFO rh_2026 odoo.modules.loading: loading calendar/wizard/calendar_provider_config.xml 
2026-08-14 15:21:02,344 1 INFO rh_2026 odoo.modules.loading: loading calendar/wizard/calendar_popover_delete_wizard.xml 
2026-08-14 15:21:02,353 1 INFO rh_2026 odoo.modules.loading: loading calendar/wizard/mail_activity_schedule_views.xml 
2026-08-14 15:21:02,366 1 INFO rh_2026 odoo.modules.loading: Module calendar: loading demo 
2026-08-14 15:21:02,367 1 INFO rh_2026 odoo.modules.loading: loading calendar/data/calendar_demo.xml 
2026-08-14 15:21:03,112 1 INFO rh_2026 odoo.modules.loading: Module calendar loaded in 1.62s, 1147 queries (+1147 other) 
2026-08-14 15:21:03,113 1 INFO rh_2026 odoo.modules.loading: Loading module google_gmail (22/44) 
2026-08-14 15:21:03,165 1 INFO rh_2026 odoo.modules.registry: module google_gmail: creating or updating database tables 
2026-08-14 15:21:03,285 1 INFO rh_2026 odoo.modules.loading: loading google_gmail/views/fetchmail_server_views.xml 
2026-08-14 15:21:03,315 1 INFO rh_2026 odoo.modules.loading: loading google_gmail/views/ir_mail_server_views.xml 
2026-08-14 15:21:03,330 1 INFO rh_2026 odoo.modules.loading: loading google_gmail/views/res_config_settings_views.xml 
2026-08-14 15:21:03,388 1 INFO rh_2026 odoo.modules.loading: Module google_gmail loaded in 0.28s, 141 queries (+141 other) 
2026-08-14 15:21:03,389 1 INFO rh_2026 odoo.modules.loading: Loading module iap_mail (23/44) 
2026-08-14 15:21:03,438 1 INFO rh_2026 odoo.modules.registry: module iap_mail: creating or updating database tables 
2026-08-14 15:21:03,476 1 INFO rh_2026 odoo.modules.loading: loading iap_mail/data/mail_templates.xml 
2026-08-14 15:21:03,502 1 INFO rh_2026 odoo.modules.loading: loading iap_mail/views/iap_views.xml 
2026-08-14 15:21:03,529 1 INFO rh_2026 odoo.modules.loading: Module iap_mail loaded in 0.14s, 69 queries (+69 other) 
2026-08-14 15:21:03,530 1 INFO rh_2026 odoo.modules.loading: Loading module mail_bot (24/44) 
2026-08-14 15:21:03,582 1 INFO rh_2026 odoo.modules.registry: module mail_bot: creating or updating database tables 
2026-08-14 15:21:03,655 1 INFO rh_2026 odoo.modules.loading: loading mail_bot/views/res_users_views.xml 
2026-08-14 15:21:03,706 1 INFO rh_2026 odoo.modules.loading: loading mail_bot/data/mailbot_data.xml 
2026-08-14 15:21:03,726 1 INFO rh_2026 odoo.modules.loading: Module mail_bot loaded in 0.20s, 134 queries (+134 other) 
2026-08-14 15:21:03,726 1 INFO rh_2026 odoo.modules.loading: Loading module phone_validation (25/44) 
2026-08-14 15:21:03,853 1 INFO rh_2026 odoo.modules.registry: module phone_validation: creating or updating database tables 
2026-08-14 15:21:05,371 1 INFO rh_2026 odoo.modules.loading: loading phone_validation/security/ir.model.access.csv 
2026-08-14 15:21:05,380 1 INFO rh_2026 odoo.modules.loading: loading phone_validation/views/phone_blacklist_views.xml 
2026-08-14 15:21:05,410 1 INFO rh_2026 odoo.modules.loading: loading phone_validation/wizard/phone_blacklist_remove_view.xml 
2026-08-14 15:21:05,435 1 INFO rh_2026 odoo.modules.loading: Module phone_validation loaded in 1.71s, 1559 queries (+1559 other) 
2026-08-14 15:21:05,436 1 INFO rh_2026 odoo.modules.loading: Loading module privacy_lookup (26/44) 
2026-08-14 15:21:05,490 1 INFO rh_2026 odoo.modules.registry: module privacy_lookup: creating or updating database tables 
2026-08-14 15:21:05,667 1 INFO rh_2026 odoo.modules.loading: loading privacy_lookup/wizard/privacy_lookup_wizard_views.xml 
2026-08-14 15:21:05,715 1 INFO rh_2026 odoo.modules.loading: loading privacy_lookup/views/privacy_log_views.xml 
2026-08-14 15:21:05,743 1 INFO rh_2026 odoo.modules.loading: loading privacy_lookup/security/ir.model.access.csv 
2026-08-14 15:21:05,756 1 INFO rh_2026 odoo.modules.loading: loading privacy_lookup/data/ir_actions_server_data.xml 
2026-08-14 15:21:05,782 1 INFO rh_2026 odoo.modules.loading: Module privacy_lookup loaded in 0.35s, 251 queries (+251 other) 
2026-08-14 15:21:05,783 1 INFO rh_2026 odoo.modules.loading: Loading module resource_mail (27/44) 
2026-08-14 15:21:05,833 1 INFO rh_2026 odoo.modules.registry: module resource_mail: creating or updating database tables 
2026-08-14 15:21:05,891 1 INFO rh_2026 odoo.modules.loading: Module resource_mail loaded in 0.11s, 35 queries (+35 other) 
2026-08-14 15:21:05,892 1 INFO rh_2026 odoo.modules.loading: Loading module partner_autocomplete (29/44) 
2026-08-14 15:21:05,952 1 INFO rh_2026 odoo.modules.registry: module partner_autocomplete: creating or updating database tables 
2026-08-14 15:21:06,092 1 INFO rh_2026 odoo.modules.loading: loading partner_autocomplete/security/ir.model.access.csv 
2026-08-14 15:21:06,113 1 INFO rh_2026 odoo.modules.loading: loading partner_autocomplete/views/res_partner_views.xml 
2026-08-14 15:21:06,150 1 INFO rh_2026 odoo.modules.loading: loading partner_autocomplete/views/res_company_views.xml 
2026-08-14 15:21:06,165 1 INFO rh_2026 odoo.modules.loading: loading partner_autocomplete/views/res_config_settings_views.xml 
2026-08-14 15:21:06,197 1 INFO rh_2026 odoo.modules.loading: loading partner_autocomplete/data/cron.xml 
2026-08-14 15:21:06,207 1 INFO rh_2026 odoo.modules.loading: loading partner_autocomplete/data/iap_service_data.xml 
2026-08-14 15:21:06,229 1 INFO rh_2026 odoo.modules.loading: Module partner_autocomplete loaded in 0.34s, 224 queries (+224 other) 
2026-08-14 15:21:06,230 1 INFO rh_2026 odoo.modules.loading: Loading module portal (30/44) 
2026-08-14 15:21:06,301 1 INFO rh_2026 odoo.modules.registry: module portal: creating or updating database tables 
2026-08-14 15:21:06,632 1 INFO rh_2026 odoo.modules.loading: loading portal/security/ir.model.access.csv 
2026-08-14 15:21:06,641 1 INFO rh_2026 odoo.modules.loading: loading portal/data/mail_template_data.xml 
2026-08-14 15:21:06,653 1 INFO rh_2026 odoo.modules.loading: loading portal/data/mail_templates.xml 
2026-08-14 15:21:06,663 1 INFO rh_2026 odoo.modules.loading: loading portal/views/mail_templates_public.xml 
2026-08-14 15:21:06,674 1 INFO rh_2026 odoo.modules.loading: loading portal/views/portal_templates.xml 
2026-08-14 15:21:06,860 1 INFO rh_2026 odoo.modules.loading: loading portal/views/res_config_settings_views.xml 
2026-08-14 15:21:06,910 1 INFO rh_2026 odoo.modules.loading: loading portal/wizard/portal_share_views.xml 
2026-08-14 15:21:06,923 1 INFO rh_2026 odoo.modules.loading: loading portal/wizard/portal_wizard_views.xml 
2026-08-14 15:21:06,964 1 INFO rh_2026 odoo.modules.loading: Module portal loaded in 0.73s, 537 queries (+537 other) 
2026-08-14 15:21:06,965 1 INFO rh_2026 odoo.modules.loading: Loading module sms (31/44) 
2026-08-14 15:21:07,061 1 INFO rh_2026 odoo.modules.registry: module sms: creating or updating database tables 
2026-08-14 15:21:07,073 1 INFO rh_2026 odoo.models: Prepare computation of ir.actions.server.sms_template_id 
2026-08-14 15:21:07,074 1 INFO rh_2026 odoo.models: Prepare computation of ir.actions.server.sms_method 
2026-08-14 15:21:07,105 1 INFO rh_2026 odoo.models: Prepare computation of res.partner.phone_sanitized 
2026-08-14 15:21:09,067 1 INFO rh_2026 odoo.modules.loading: loading sms/data/iap_service_data.xml 
2026-08-14 15:21:09,073 1 INFO rh_2026 odoo.modules.loading: loading sms/data/ir_cron_data.xml 
2026-08-14 15:21:09,082 1 INFO rh_2026 odoo.modules.loading: loading sms/wizard/sms_account_code_views.xml 
2026-08-14 15:21:09,094 1 INFO rh_2026 odoo.modules.loading: loading sms/wizard/sms_account_phone_views.xml 
2026-08-14 15:21:09,102 1 INFO rh_2026 odoo.modules.loading: loading sms/wizard/sms_account_sender_views.xml 
2026-08-14 15:21:09,110 1 INFO rh_2026 odoo.modules.loading: loading sms/wizard/sms_composer_views.xml 
2026-08-14 15:21:09,123 1 INFO rh_2026 odoo.modules.loading: loading sms/wizard/sms_template_preview_views.xml 
2026-08-14 15:21:09,135 1 INFO rh_2026 odoo.modules.loading: loading sms/wizard/sms_resend_views.xml 
2026-08-14 15:21:09,149 1 INFO rh_2026 odoo.modules.loading: loading sms/wizard/sms_template_reset_views.xml 
2026-08-14 15:21:09,163 1 INFO rh_2026 odoo.modules.loading: loading sms/views/ir_actions_server_views.xml 
2026-08-14 15:21:09,185 1 INFO rh_2026 odoo.modules.loading: loading sms/views/mail_notification_views.xml 
2026-08-14 15:21:09,204 1 INFO rh_2026 odoo.modules.loading: loading sms/views/res_config_settings_views.xml 
2026-08-14 15:21:09,236 1 INFO rh_2026 odoo.modules.loading: loading sms/views/res_partner_views.xml 
2026-08-14 15:21:09,278 1 INFO rh_2026 odoo.modules.loading: loading sms/views/iap_account_views.xml 
2026-08-14 15:21:09,294 1 INFO rh_2026 odoo.modules.loading: loading sms/views/sms_sms_views.xml 
2026-08-14 15:21:09,322 1 INFO rh_2026 odoo.modules.loading: loading sms/views/sms_template_views.xml 
2026-08-14 15:21:09,347 1 INFO rh_2026 odoo.modules.loading: loading sms/security/ir.model.access.csv 
2026-08-14 15:21:09,369 1 INFO rh_2026 odoo.modules.loading: loading sms/security/sms_security.xml 
2026-08-14 15:21:09,377 1 INFO rh_2026 odoo.modules.loading: Module sms: loading demo 
2026-08-14 15:21:09,378 1 INFO rh_2026 odoo.modules.loading: loading sms/data/sms_demo.xml 
2026-08-14 15:21:09,384 1 INFO rh_2026 odoo.modules.loading: loading sms/data/mail_demo.xml 
2026-08-14 15:21:09,439 1 INFO rh_2026 odoo.modules.loading: Module sms loaded in 2.47s, 2162 queries (+2162 other) 
2026-08-14 15:21:09,440 1 INFO rh_2026 odoo.modules.loading: Loading module snailmail (32/44) 
2026-08-14 15:21:09,504 1 INFO rh_2026 odoo.modules.registry: module snailmail: creating or updating database tables 
2026-08-14 15:21:09,843 1 INFO rh_2026 odoo.modules.loading: loading snailmail/data/iap_service_data.xml 
2026-08-14 15:21:09,859 1 INFO rh_2026 odoo.modules.loading: loading snailmail/data/snailmail_data.xml 
2026-08-14 15:21:09,868 1 INFO rh_2026 odoo.modules.loading: loading snailmail/views/report_assets.xml 
2026-08-14 15:21:09,886 1 INFO rh_2026 odoo.modules.loading: loading snailmail/views/snailmail_views.xml 
2026-08-14 15:21:09,907 1 INFO rh_2026 odoo.modules.loading: loading snailmail/wizard/snailmail_letter_format_error_views.xml 
2026-08-14 15:21:09,918 1 INFO rh_2026 odoo.modules.loading: loading snailmail/wizard/snailmail_letter_missing_required_fields_views.xml 
2026-08-14 15:21:09,928 1 INFO rh_2026 odoo.modules.loading: loading snailmail/security/ir.model.access.csv 
2026-08-14 15:21:09,956 1 INFO rh_2026 odoo.modules.loading: Module snailmail loaded in 0.52s, 445 queries (+445 other) 
2026-08-14 15:21:09,957 1 INFO rh_2026 odoo.modules.loading: Loading module auth_totp_portal (33/44) 
2026-08-14 15:21:10,008 1 INFO rh_2026 odoo.modules.registry: module auth_totp_portal: creating or updating database tables 
2026-08-14 15:21:10,042 1 INFO rh_2026 odoo.modules.loading: loading auth_totp_portal/security/security.xml 
2026-08-14 15:21:10,067 1 INFO rh_2026 odoo.modules.loading: loading auth_totp_portal/views/templates.xml 
2026-08-14 15:21:10,095 1 INFO rh_2026 odoo.modules.loading: Module auth_totp_portal loaded in 0.14s, 68 queries (+68 other) 
2026-08-14 15:21:10,096 1 INFO rh_2026 odoo.modules.loading: Loading module calendar_sms (34/44) 
2026-08-14 15:21:10,148 1 INFO rh_2026 odoo.modules.registry: module calendar_sms: creating or updating database tables 
2026-08-14 15:21:10,153 1 INFO rh_2026 odoo.models: Prepare computation of calendar.alarm.sms_template_id 
2026-08-14 15:21:10,198 1 INFO rh_2026 odoo.modules.loading: loading calendar_sms/data/sms_data.xml 
2026-08-14 15:21:10,215 1 INFO rh_2026 odoo.modules.loading: loading calendar_sms/views/calendar_views.xml 
2026-08-14 15:21:10,268 1 INFO rh_2026 odoo.modules.loading: Module calendar_sms loaded in 0.17s, 111 queries (+111 other) 
2026-08-14 15:21:10,268 1 INFO rh_2026 odoo.modules.loading: Loading module digest (35/44) 
2026-08-14 15:21:10,326 1 INFO rh_2026 odoo.modules.registry: module digest: creating or updating database tables 
2026-08-14 15:21:10,475 1 INFO rh_2026 odoo.modules.loading: loading digest/security/ir.model.access.csv 
2026-08-14 15:21:10,483 1 INFO rh_2026 odoo.modules.loading: loading digest/data/digest_data.xml 
2026-08-14 15:21:10,513 1 INFO rh_2026 odoo.modules.loading: loading digest/data/digest_tips_data.xml 
2026-08-14 15:21:10,531 1 INFO rh_2026 odoo.modules.loading: loading digest/data/ir_cron_data.xml 
2026-08-14 15:21:10,540 1 INFO rh_2026 odoo.modules.loading: loading digest/data/res_config_settings_data.xml 
2026-08-14 15:21:10,547 1 INFO rh_2026 odoo.modules.loading: loading digest/views/digest_views.xml 
2026-08-14 15:21:10,606 1 INFO rh_2026 odoo.modules.loading: loading digest/views/digest_templates.xml 
2026-08-14 15:21:10,630 1 INFO rh_2026 odoo.modules.loading: loading digest/views/res_config_settings_views.xml 
2026-08-14 15:21:10,686 1 INFO rh_2026 odoo.modules.loading: Module digest loaded in 0.42s, 325 queries (+325 other) 
2026-08-14 15:21:10,687 1 INFO rh_2026 odoo.modules.loading: Loading module hr (36/44) 
2026-08-14 15:21:10,803 1 INFO rh_2026 odoo.modules.registry: module hr: creating or updating database tables 
2026-08-14 15:21:12,974 1 INFO rh_2026 odoo.modules.loading: loading hr/security/hr_security.xml 
2026-08-14 15:21:13,184 1 INFO rh_2026 odoo.modules.loading: loading hr/security/ir.model.access.csv 
2026-08-14 15:21:13,202 1 INFO rh_2026 odoo.modules.loading: loading hr/data/digest_data.xml 
2026-08-14 15:21:13,207 1 INFO rh_2026 odoo.modules.loading: loading hr/data/report_paperformat.xml 
2026-08-14 15:21:13,212 1 INFO rh_2026 odoo.modules.loading: loading hr/wizard/hr_departure_wizard_views.xml 
2026-08-14 15:21:13,224 1 INFO rh_2026 odoo.modules.loading: loading hr/wizard/mail_activity_schedule_views.xml 
2026-08-14 15:21:13,240 1 INFO rh_2026 odoo.modules.loading: loading hr/views/mail_activity_plan_views.xml 
2026-08-14 15:21:13,284 1 INFO rh_2026 odoo.modules.loading: loading hr/views/hr_departure_reason_views.xml 
2026-08-14 15:21:13,297 1 INFO rh_2026 odoo.modules.loading: loading hr/views/hr_contract_type_views.xml 
2026-08-14 15:21:13,312 1 INFO rh_2026 odoo.modules.loading: loading hr/views/hr_job_views.xml 
2026-08-14 15:21:13,334 1 INFO rh_2026 odoo.modules.loading: loading hr/views/hr_employee_category_views.xml 
2026-08-14 15:21:13,347 1 INFO rh_2026 odoo.modules.loading: loading hr/views/hr_employee_public_views.xml 
2026-08-14 15:21:13,376 1 INFO rh_2026 odoo.modules.loading: loading hr/report/hr_employee_badge.xml 
2026-08-14 15:21:13,387 1 INFO rh_2026 odoo.modules.loading: loading hr/views/hr_employee_views.xml 
2026-08-14 15:21:13,456 1 INFO rh_2026 odoo.modules.loading: loading hr/views/hr_department_views.xml 
2026-08-14 15:21:13,492 1 INFO rh_2026 odoo.modules.loading: loading hr/views/hr_work_location_views.xml 
2026-08-14 15:21:13,506 1 INFO rh_2026 odoo.modules.loading: loading hr/views/hr_views.xml 
2026-08-14 15:21:13,606 1 INFO rh_2026 odoo.modules.loading: loading hr/views/res_config_settings_views.xml 
2026-08-14 15:21:13,657 1 INFO rh_2026 odoo.modules.loading: loading hr/views/res_partner_views.xml 
2026-08-14 15:21:13,697 1 INFO rh_2026 odoo.modules.loading: loading hr/views/discuss_channel_views.xml 
2026-08-14 15:21:13,713 1 INFO rh_2026 odoo.modules.loading: loading hr/views/res_users.xml 
2026-08-14 15:21:13,797 1 INFO rh_2026 odoo.modules.loading: loading hr/views/hr_templates.xml 
2026-08-14 15:21:13,804 1 INFO rh_2026 odoo.modules.loading: loading hr/data/hr_data.xml 
2026-08-14 15:21:13,900 1 INFO rh_2026 odoo.modules.loading: Module hr: loading demo 
2026-08-14 15:21:13,901 1 INFO rh_2026 odoo.modules.loading: loading hr/data/hr_demo.xml 
2026-08-14 15:21:14,963 1 INFO rh_2026 odoo.modules.loading: Module hr loaded in 4.28s, 3816 queries (+3816 other) 
2026-08-14 15:21:14,963 1 INFO rh_2026 odoo.modules.loading: Loading module hr_calendar (37/44) 
2026-08-14 15:21:15,025 1 INFO rh_2026 odoo.modules.registry: module hr_calendar: creating or updating database tables 
2026-08-14 15:21:15,115 1 INFO rh_2026 odoo.modules.loading: loading hr_calendar/views/calendar_views_calendarApp.xml 
2026-08-14 15:21:15,192 1 INFO rh_2026 odoo.modules.loading: loading hr_calendar/views/res_partner_views.xml 
2026-08-14 15:21:15,234 1 INFO rh_2026 odoo.modules.loading: Module hr_calendar loaded in 0.27s, 146 queries (+146 other) 
2026-08-14 15:21:15,234 1 INFO rh_2026 odoo.modules.loading: Loading module hr_org_chart (38/44) 
2026-08-14 15:21:15,298 1 INFO rh_2026 odoo.modules.registry: module hr_org_chart: creating or updating database tables 
2026-08-14 15:21:15,354 1 INFO rh_2026 odoo.modules.loading: loading hr_org_chart/views/hr_department_views.xml 
2026-08-14 15:21:15,383 1 INFO rh_2026 odoo.modules.loading: loading hr_org_chart/views/hr_views.xml 
2026-08-14 15:21:15,470 1 INFO rh_2026 odoo.modules.loading: loading hr_org_chart/views/hr_employee_public_views.xml 
2026-08-14 15:21:15,493 1 INFO rh_2026 odoo.modules.loading: loading hr_org_chart/views/hr_org_chart_menus.xml 
2026-08-14 15:21:15,513 1 INFO rh_2026 odoo.modules.loading: Module hr_org_chart loaded in 0.28s, 197 queries (+197 other) 
2026-08-14 15:21:15,514 1 INFO rh_2026 odoo.modules.loading: Loading module hr_recruitment (39/44) 
2026-08-14 15:21:15,617 1 INFO rh_2026 odoo.modules.registry: module hr_recruitment: creating or updating database tables 
2026-08-14 15:21:15,791 1 INFO rh_2026 odoo.models: Prepare computation of hr.job.extended_interviewer_ids 
2026-08-14 15:21:15,792 1 INFO rh_2026 odoo.models: Prepare computation of hr.job.no_of_hired_employee 
2026-08-14 15:21:15,793 1 INFO rh_2026 odoo.models: Prepare computation of hr.job.job_properties 
2026-08-14 15:21:15,804 1 INFO rh_2026 odoo.models: Prepare computation of calendar.event.candidate_id 
2026-08-14 15:21:16,156 1 INFO rh_2026 odoo.addons.mail.models.mail_alias_mixin: Mail alias created for hr.job Chief Executive Officer (id 1) 
2026-08-14 15:21:16,158 1 INFO rh_2026 odoo.addons.mail.models.mail_alias_mixin: Mail alias created for hr.job Chief Technical Officer (id 2) 
2026-08-14 15:21:16,160 1 INFO rh_2026 odoo.addons.mail.models.mail_alias_mixin: Mail alias created for hr.job Consultant (id 3) 
2026-08-14 15:21:16,162 1 INFO rh_2026 odoo.addons.mail.models.mail_alias_mixin: Mail alias created for hr.job Experienced Developer (id 4) 
2026-08-14 15:21:16,164 1 INFO rh_2026 odoo.addons.mail.models.mail_alias_mixin: Mail alias created for hr.job Human Resources Manager (id 5) 
2026-08-14 15:21:16,166 1 INFO rh_2026 odoo.addons.mail.models.mail_alias_mixin: Mail alias created for hr.job Marketing and Community Manager (id 6) 
2026-08-14 15:21:16,168 1 INFO rh_2026 odoo.addons.mail.models.mail_alias_mixin: Mail alias created for hr.job Trainee (id 7) 
2026-08-14 15:21:16,512 1 INFO rh_2026 odoo.modules.loading: loading hr_recruitment/security/hr_recruitment_security.xml 
2026-08-14 15:21:16,849 1 INFO rh_2026 odoo.modules.loading: loading hr_recruitment/security/ir.model.access.csv 
2026-08-14 15:21:16,888 1 INFO rh_2026 odoo.modules.loading: loading hr_recruitment/data/digest_data.xml 
2026-08-14 15:21:16,897 1 INFO rh_2026 odoo.modules.loading: loading hr_recruitment/data/mail_message_subtype_data.xml 
2026-08-14 15:21:16,918 1 INFO rh_2026 odoo.modules.loading: loading hr_recruitment/data/mail_template_data.xml 
2026-08-14 15:21:16,938 1 INFO rh_2026 odoo.modules.loading: loading hr_recruitment/data/mail_templates.xml 
2026-08-14 15:21:16,957 1 INFO rh_2026 odoo.modules.loading: loading hr_recruitment/data/hr_recruitment_data.xml 
2026-08-14 15:21:17,001 1 INFO rh_2026 odoo.modules.loading: loading hr_recruitment/data/hr_recruitment_tour.xml 
2026-08-14 15:21:17,007 1 INFO rh_2026 odoo.modules.loading: loading hr_recruitment/views/hr_candidate_views.xml 
2026-08-14 15:21:17,101 1 INFO rh_2026 odoo.modules.loading: loading hr_recruitment/views/hr_recruitment_degree_views.xml 
2026-08-14 15:21:17,125 1 INFO rh_2026 odoo.modules.loading: loading hr_recruitment/views/hr_recruitment_source_views.xml 
2026-08-14 15:21:17,139 1 INFO rh_2026 odoo.modules.loading: loading hr_recruitment/views/hr_recruitment_stage_views.xml 
2026-08-14 15:21:17,162 1 INFO rh_2026 odoo.modules.loading: loading hr_recruitment/views/ir_attachment_views.xml 
2026-08-14 15:21:17,182 1 INFO rh_2026 odoo.modules.loading: loading hr_recruitment/views/hr_applicant_category_views.xml 
2026-08-14 15:21:17,196 1 INFO rh_2026 odoo.modules.loading: loading hr_recruitment/views/hr_applicant_refuse_reason_views.xml 
2026-08-14 15:21:17,210 1 INFO rh_2026 odoo.modules.loading: loading hr_recruitment/views/hr_applicant_views.xml 
2026-08-14 15:21:17,319 1 INFO rh_2026 odoo.modules.loading: loading hr_recruitment/views/res_config_settings_views.xml 
2026-08-14 15:21:17,373 1 INFO rh_2026 odoo.modules.loading: loading hr_recruitment/views/hr_department_views.xml 
2026-08-14 15:21:17,388 1 INFO rh_2026 odoo.modules.loading: loading hr_recruitment/views/hr_job_views.xml 
2026-08-14 15:21:17,477 1 INFO rh_2026 odoo.modules.loading: loading hr_recruitment/views/mail_activity_views.xml 
2026-08-14 15:21:17,494 1 INFO rh_2026 odoo.modules.loading: loading hr_recruitment/views/mail_activity_plan_views.xml 
2026-08-14 15:21:17,500 1 INFO rh_2026 odoo.modules.loading: loading hr_recruitment/views/digest_views.xml 
2026-08-14 15:21:17,514 1 INFO rh_2026 odoo.modules.loading: loading hr_recruitment/wizard/applicant_refuse_reason_views.xml 
2026-08-14 15:21:17,527 1 INFO rh_2026 odoo.modules.loading: loading hr_recruitment/wizard/applicant_send_mail_views.xml 
2026-08-14 15:21:17,537 1 INFO rh_2026 odoo.modules.loading: loading hr_recruitment/wizard/candidate_send_mail_views.xml 
2026-08-14 15:21:17,546 1 INFO rh_2026 odoo.modules.loading: loading hr_recruitment/views/menuitems.xml 
2026-08-14 15:21:17,655 1 INFO rh_2026 odoo.modules.loading: Module hr_recruitment: loading demo 
2026-08-14 15:21:17,656 1 INFO rh_2026 odoo.modules.loading: loading hr_recruitment/data/hr_recruitment_demo.xml 
2026-08-14 15:21:18,905 1 WARNING rh_2026 odoo.addons.base.models.ir_qweb: Found deprecated directive @t-esc='activity.res_name' in template 356. Replace by @t-out 
2026-08-14 15:21:18,906 1 WARNING rh_2026 odoo.addons.base.models.ir_qweb: Found deprecated directive @t-esc='model_description' in template 356. Replace by @t-out 
2026-08-14 15:21:18,995 1 WARNING rh_2026 odoo.addons.base.models.ir_qweb: Found deprecated directive @t-esc='activity.res_name' in template 356. Replace by @t-out 
2026-08-14 15:21:18,997 1 WARNING rh_2026 odoo.addons.base.models.ir_qweb: Found deprecated directive @t-esc='model_description' in template 356. Replace by @t-out 
2026-08-14 15:21:19,064 1 WARNING rh_2026 odoo.addons.base.models.ir_qweb: Found deprecated directive @t-esc='activity.res_name' in template 356. Replace by @t-out 
2026-08-14 15:21:19,065 1 WARNING rh_2026 odoo.addons.base.models.ir_qweb: Found deprecated directive @t-esc='model_description' in template 356. Replace by @t-out 
2026-08-14 15:21:19,123 1 WARNING rh_2026 odoo.addons.base.models.ir_qweb: Found deprecated directive @t-esc='activity.res_name' in template 356. Replace by @t-out 
2026-08-14 15:21:19,124 1 WARNING rh_2026 odoo.addons.base.models.ir_qweb: Found deprecated directive @t-esc='model_description' in template 356. Replace by @t-out 
2026-08-14 15:21:19,177 1 WARNING rh_2026 odoo.addons.base.models.ir_qweb: Found deprecated directive @t-esc='activity.res_name' in template 356. Replace by @t-out 
2026-08-14 15:21:19,178 1 WARNING rh_2026 odoo.addons.base.models.ir_qweb: Found deprecated directive @t-esc='model_description' in template 356. Replace by @t-out 
2026-08-14 15:21:19,229 1 WARNING rh_2026 odoo.addons.base.models.ir_qweb: Found deprecated directive @t-esc='activity.res_name' in template 356. Replace by @t-out 
2026-08-14 15:21:19,230 1 WARNING rh_2026 odoo.addons.base.models.ir_qweb: Found deprecated directive @t-esc='model_description' in template 356. Replace by @t-out 
2026-08-14 15:21:19,283 1 WARNING rh_2026 odoo.addons.base.models.ir_qweb: Found deprecated directive @t-esc='activity.res_name' in template 356. Replace by @t-out 
2026-08-14 15:21:19,284 1 WARNING rh_2026 odoo.addons.base.models.ir_qweb: Found deprecated directive @t-esc='model_description' in template 356. Replace by @t-out 
2026-08-14 15:21:19,335 1 WARNING rh_2026 odoo.addons.base.models.ir_qweb: Found deprecated directive @t-esc='activity.res_name' in template 356. Replace by @t-out 
2026-08-14 15:21:19,336 1 WARNING rh_2026 odoo.addons.base.models.ir_qweb: Found deprecated directive @t-esc='model_description' in template 356. Replace by @t-out 
2026-08-14 15:21:19,389 1 WARNING rh_2026 odoo.addons.base.models.ir_qweb: Found deprecated directive @t-esc='activity.res_name' in template 356. Replace by @t-out 
2026-08-14 15:21:19,390 1 WARNING rh_2026 odoo.addons.base.models.ir_qweb: Found deprecated directive @t-esc='model_description' in template 356. Replace by @t-out 
2026-08-14 15:21:19,442 1 WARNING rh_2026 odoo.addons.base.models.ir_qweb: Found deprecated directive @t-esc='activity.res_name' in template 356. Replace by @t-out 
2026-08-14 15:21:19,443 1 WARNING rh_2026 odoo.addons.base.models.ir_qweb: Found deprecated directive @t-esc='model_description' in template 356. Replace by @t-out 
2026-08-14 15:21:19,498 1 WARNING rh_2026 odoo.addons.base.models.ir_qweb: Found deprecated directive @t-esc='activity.res_name' in template 356. Replace by @t-out 
2026-08-14 15:21:19,500 1 WARNING rh_2026 odoo.addons.base.models.ir_qweb: Found deprecated directive @t-esc='model_description' in template 356. Replace by @t-out 
2026-08-14 15:21:19,554 1 WARNING rh_2026 odoo.addons.base.models.ir_qweb: Found deprecated directive @t-esc='activity.res_name' in template 356. Replace by @t-out 
2026-08-14 15:21:19,555 1 WARNING rh_2026 odoo.addons.base.models.ir_qweb: Found deprecated directive @t-esc='model_description' in template 356. Replace by @t-out 
2026-08-14 15:21:19,607 1 WARNING rh_2026 odoo.addons.base.models.ir_qweb: Found deprecated directive @t-esc='activity.res_name' in template 356. Replace by @t-out 
2026-08-14 15:21:19,608 1 WARNING rh_2026 odoo.addons.base.models.ir_qweb: Found deprecated directive @t-esc='model_description' in template 356. Replace by @t-out 
2026-08-14 15:21:19,659 1 WARNING rh_2026 odoo.addons.base.models.ir_qweb: Found deprecated directive @t-esc='activity.res_name' in template 356. Replace by @t-out 
2026-08-14 15:21:19,661 1 WARNING rh_2026 odoo.addons.base.models.ir_qweb: Found deprecated directive @t-esc='model_description' in template 356. Replace by @t-out 
2026-08-14 15:21:19,845 1 INFO rh_2026 odoo.modules.loading: Module hr_recruitment loaded in 4.33s, 3562 queries (+3563 other) 
2026-08-14 15:21:19,846 1 INFO rh_2026 odoo.modules.loading: Loading module hr_skills (40/44) 
2026-08-14 15:21:19,937 1 INFO rh_2026 odoo.modules.registry: module hr_skills: creating or updating database tables 
2026-08-14 15:21:19,965 1 INFO rh_2026 odoo.models: Prepare computation of hr.employee.skill_ids 
2026-08-14 15:21:20,352 1 INFO rh_2026 odoo.modules.loading: loading hr_skills/security/ir.model.access.csv 
2026-08-14 15:21:20,380 1 INFO rh_2026 odoo.modules.loading: loading hr_skills/security/hr_skills_security.xml 
2026-08-14 15:21:20,433 1 INFO rh_2026 odoo.modules.loading: loading hr_skills/views/hr_views.xml 
2026-08-14 15:21:20,600 1 INFO rh_2026 odoo.modules.loading: loading hr_skills/views/hr_employee_skill_log_views.xml 
2026-08-14 15:21:20,632 1 INFO rh_2026 odoo.modules.loading: loading hr_skills/data/hr_resume_data.xml 
2026-08-14 15:21:20,640 1 INFO rh_2026 odoo.modules.loading: loading hr_skills/data/hr_skill_data.xml 
2026-08-14 15:21:20,717 1 INFO rh_2026 odoo.modules.loading: loading hr_skills/data/ir_actions_server_data.xml 
2026-08-14 15:21:20,728 1 INFO rh_2026 odoo.modules.loading: loading hr_skills/data/report_paperformat.xml 
2026-08-14 15:21:20,733 1 INFO rh_2026 odoo.modules.loading: loading hr_skills/report/hr_employee_skill_report_views.xml 
2026-08-14 15:21:20,762 1 INFO rh_2026 odoo.modules.loading: loading hr_skills/report/hr_employee_cv_report.xml 
2026-08-14 15:21:20,768 1 INFO rh_2026 odoo.modules.loading: loading hr_skills/views/hr_department_views.xml 
2026-08-14 15:21:20,785 1 INFO rh_2026 odoo.modules.loading: loading hr_skills/views/hr_employee_cv_templates.xml 
2026-08-14 15:21:20,813 1 INFO rh_2026 odoo.modules.loading: loading hr_skills/wizard/hr_employee_cv_wizard_views.xml 
2026-08-14 15:21:20,824 1 INFO rh_2026 odoo.modules.loading: Module hr_skills: loading demo 
2026-08-14 15:21:20,825 1 INFO rh_2026 odoo.modules.loading: loading hr_skills/data/hr_skill_demo.xml 
2026-08-14 15:21:20,924 1 INFO rh_2026 odoo.modules.loading: loading hr_skills/data/hr_resume_demo.xml 
2026-08-14 15:21:20,959 1 INFO rh_2026 odoo.modules.loading: loading hr_skills/data/hr.employee.skill.csv 
2026-08-14 15:21:21,179 1 INFO rh_2026 odoo.modules.loading: loading hr_skills/data/hr.resume.line.csv 
2026-08-14 15:21:21,284 1 INFO rh_2026 odoo.modules.loading: Module hr_skills loaded in 1.44s, 1344 queries (+1344 other) 
2026-08-14 15:21:21,285 1 INFO rh_2026 odoo.modules.loading: Loading module mail_bot_hr (41/44) 
2026-08-14 15:21:21,364 1 INFO rh_2026 odoo.modules.loading: loading mail_bot_hr/views/res_users_views.xml 
2026-08-14 15:21:21,474 1 INFO rh_2026 odoo.modules.loading: Module mail_bot_hr loaded in 0.19s, 67 queries (+67 other) 
2026-08-14 15:21:21,475 1 INFO rh_2026 odoo.modules.loading: Loading module hr_recruitment_skills (42/44) 
2026-08-14 15:21:21,548 1 INFO rh_2026 odoo.modules.registry: module hr_recruitment_skills: creating or updating database tables 
2026-08-14 15:21:21,578 1 INFO rh_2026 odoo.models: Prepare computation of hr.candidate.skill_ids 
2026-08-14 15:21:21,715 1 INFO rh_2026 odoo.modules.loading: loading hr_recruitment_skills/security/hr_recruitment_skills_security.xml 
2026-08-14 15:21:21,731 1 INFO rh_2026 odoo.modules.loading: loading hr_recruitment_skills/views/hr_applicant_views.xml 
2026-08-14 15:21:21,775 1 INFO rh_2026 odoo.modules.loading: loading hr_recruitment_skills/views/hr_candidate_views.xml 
2026-08-14 15:21:21,806 1 INFO rh_2026 odoo.modules.loading: loading hr_recruitment_skills/views/hr_candidate_skill_views.xml 
2026-08-14 15:21:21,819 1 INFO rh_2026 odoo.modules.loading: loading hr_recruitment_skills/views/hr_job_views.xml 
2026-08-14 15:21:21,841 1 INFO rh_2026 odoo.modules.loading: loading hr_recruitment_skills/security/ir.model.access.csv 
2026-08-14 15:21:21,851 1 INFO rh_2026 odoo.modules.loading: Module hr_recruitment_skills: loading demo 
2026-08-14 15:21:21,852 1 INFO rh_2026 odoo.modules.loading: loading hr_recruitment_skills/data/hr_recruitment_skills_demo.xml 
2026-08-14 15:21:21,896 1 INFO rh_2026 odoo.modules.loading: Module hr_recruitment_skills loaded in 0.42s, 352 queries (+352 other) 
2026-08-14 15:21:21,897 1 INFO rh_2026 odoo.modules.loading: Loading module hr_recruitment_sms (43/44) 
2026-08-14 15:21:21,977 1 INFO rh_2026 odoo.modules.loading: loading hr_recruitment_sms/views/hr_applicant_views.xml 
2026-08-14 15:21:22,003 1 INFO rh_2026 odoo.modules.loading: loading hr_recruitment_sms/views/hr_candidate_views.xml 
2026-08-14 15:21:22,018 1 INFO rh_2026 odoo.modules.loading: Module hr_recruitment_sms loaded in 0.12s, 25 queries (+25 other) 
2026-08-14 15:21:22,018 1 INFO rh_2026 odoo.modules.loading: Loading module recrutement (44/44) 
2026-08-14 15:21:22,079 1 WARNING rh_2026 py.warnings: /usr/lib/python3/dist-packages/odoo/api.py:484: DeprecationWarning: The model odoo.addons.recrutement.models.recruitment_planning_header is not overriding the create method in batch
  File "/usr/lib/python3.12/threading.py", line 1030, in _bootstrap
    self._bootstrap_inner()
  File "/usr/lib/python3.12/threading.py", line 1073, in _bootstrap_inner
    self.run()
  File "/usr/lib/python3.12/threading.py", line 1010, in run
    self._target(*self._args, **self._kwargs)
  File "/usr/lib/python3.12/socketserver.py", line 692, in process_request_thread
    self.finish_request(request, client_address)
  File "/usr/lib/python3.12/socketserver.py", line 362, in finish_request
    self.RequestHandlerClass(request, client_address, self)
  File "/usr/lib/python3/dist-packages/odoo/service/server.py", line 128, in __init__
    super().__init__(*args, **kwargs)
  File "/usr/lib/python3.12/socketserver.py", line 761, in __init__
    self.handle()
  File "/usr/lib/python3/dist-packages/werkzeug/serving.py", line 390, in handle
    super().handle()
  File "/usr/lib/python3.12/http/server.py", line 436, in handle
    self.handle_one_request()
  File "/usr/lib/python3.12/http/server.py", line 424, in handle_one_request
    method()
  File "/usr/lib/python3/dist-packages/werkzeug/serving.py", line 362, in run_wsgi
    execute(self.server.app)
  File "/usr/lib/python3/dist-packages/werkzeug/serving.py", line 323, in execute
    application_iter = app(environ, start_response)
  File "/usr/lib/python3/dist-packages/odoo/http.py", line 2576, in __call__
    response = request._serve_db()
  File "/usr/lib/python3/dist-packages/odoo/http.py", line 2103, in _serve_db
    return self._transactioning(
  File "/usr/lib/python3/dist-packages/odoo/http.py", line 2166, in _transactioning
    return service_model.retrying(func, env=self.env)
  File "/usr/lib/python3/dist-packages/odoo/service/model.py", line 156, in retrying
    result = func()
  File "/usr/lib/python3/dist-packages/odoo/http.py", line 2133, in _serve_ir_http
    response = self.dispatcher.dispatch(rule.endpoint, args)
  File "/usr/lib/python3/dist-packages/odoo/http.py", line 2381, in dispatch
    result = self.request.registry['ir.http']._dispatch(endpoint)
  File "/usr/lib/python3/dist-packages/odoo/addons/base/models/ir_http.py", line 333, in _dispatch
    result = endpoint(**request.params)
  File "/usr/lib/python3/dist-packages/odoo/http.py", line 754, in route_wrapper
    result = endpoint(self, *args, **params_ok)
  File "/usr/lib/python3/dist-packages/odoo/addons/web/controllers/dataset.py", line 42, in call_button
    action = call_kw(request.env[model], method, args, kwargs)
  File "/usr/lib/python3/dist-packages/odoo/api.py", line 535, in call_kw
    result = getattr(recs, name)(*args, **kwargs)
  File "/usr/lib/python3/dist-packages/decorator.py", line 232, in fun
    return caller(func, *(extras + args), **kw)
  File "/usr/lib/python3/dist-packages/odoo/addons/base/models/ir_module.py", line 77, in check_and_log
    return method(self, *args, **kwargs)
  File "/usr/lib/python3/dist-packages/odoo/addons/base/models/ir_module.py", line 500, in button_immediate_install
    return self._button_immediate_function(self.env.registry[self._name].button_install)
  File "/usr/lib/python3/dist-packages/odoo/addons/base/models/ir_module.py", line 624, in _button_immediate_function
    registry = modules.registry.Registry.new(self._cr.dbname, update_module=True)
  File "/usr/lib/python3/dist-packages/decorator.py", line 232, in fun
    return caller(func, *(extras + args), **kw)
  File "/usr/lib/python3/dist-packages/odoo/tools/func.py", line 97, in locked
    return func(inst, *args, **kwargs)
  File "/usr/lib/python3/dist-packages/odoo/modules/registry.py", line 129, in new
    odoo.modules.load_modules(registry, force_demo, status, update_module)
  File "/usr/lib/python3/dist-packages/odoo/modules/loading.py", line 489, in load_modules
    processed_modules += load_marked_modules(env, graph,
  File "/usr/lib/python3/dist-packages/odoo/modules/loading.py", line 365, in load_marked_modules
    loaded, processed = load_module_graph(
  File "/usr/lib/python3/dist-packages/odoo/modules/loading.py", line 186, in load_module_graph
    load_openerp_module(package.name)
  File "/usr/lib/python3/dist-packages/odoo/modules/module.py", line 384, in load_openerp_module
    __import__(qualname)
  File "/mnt/extra-addons/recrutement/__init__.py", line 1, in <module>
    from . import models
  File "/mnt/extra-addons/recrutement/models/__init__.py", line 1, in <module>
    from . import recruitment_planning_header
  File "/mnt/extra-addons/recrutement/models/recruitment_planning_header.py", line 5, in <module>
    class RecruitmentPlanningHeader(models.Model):
  File "/mnt/extra-addons/recrutement/models/recruitment_planning_header.py", line 213, in RecruitmentPlanningHeader
    @api.model
  File "/usr/lib/python3/dist-packages/odoo/api.py", line 431, in model
    return model_create_single(method)
  File "/usr/lib/python3/dist-packages/odoo/api.py", line 484, in model_create_single
    warnings.warn(
 
2026-08-14 15:21:22,210 1 WARNING rh_2026 odoo.fields: Field recruitment.planning.header.project_id with unknown comodel_name 'recruitment.project' 
2026-08-14 15:21:22,213 1 WARNING rh_2026 odoo.modules.loading: Transient module states were reset 
2026-08-14 15:21:22,226 1 ERROR rh_2026 odoo.modules.registry: Failed to load registry 
2026-08-14 15:21:22,231 1 INFO rh_2026 odoo.modules.loading: loading 1 modules... 
2026-08-14 15:21:22,237 1 INFO rh_2026 odoo.modules.loading: 1 modules loaded in 0.01s, 0 queries (+0 extra) 
2026-08-14 15:21:22,241 1 INFO rh_2026 odoo.modules.loading: loading 42 modules... 
2026-08-14 15:21:22,269 1 INFO rh_2026 odoo.modules.loading: 42 modules loaded in 0.03s, 0 queries (+0 extra) 
2026-08-14 15:21:22,348 1 INFO rh_2026 odoo.modules.loading: Modules loaded. 
2026-08-14 15:21:22,351 1 INFO rh_2026 odoo.modules.registry: Registry loaded in 0.125s 
2026-08-14 15:21:22,356 1 INFO rh_2026 odoo.addons.base.models.ir_http: Generating routing map for key None 
2026-08-14 15:21:22,383 1 ERROR rh_2026 odoo.http: Exception during request handling. 
Traceback (most recent call last):
  File "/usr/lib/python3/dist-packages/odoo/http.py", line 2576, in __call__
    response = request._serve_db()
               ^^^^^^^^^^^^^^^^^^^
  File "/usr/lib/python3/dist-packages/odoo/http.py", line 2103, in _serve_db
    return self._transactioning(
           ^^^^^^^^^^^^^^^^^^^^^
  File "/usr/lib/python3/dist-packages/odoo/http.py", line 2166, in _transactioning
    return service_model.retrying(func, env=self.env)
           ^^^^^^^^^^^^^^^^^^^^^^^^^^^^^^^^^^^^^^^^^^
  File "/usr/lib/python3/dist-packages/odoo/service/model.py", line 156, in retrying
    result = func()
             ^^^^^^
  File "/usr/lib/python3/dist-packages/odoo/http.py", line 2133, in _serve_ir_http
    response = self.dispatcher.dispatch(rule.endpoint, args)
               ^^^^^^^^^^^^^^^^^^^^^^^^^^^^^^^^^^^^^^^^^^^^^
  File "/usr/lib/python3/dist-packages/odoo/http.py", line 2381, in dispatch
    result = self.request.registry['ir.http']._dispatch(endpoint)
             ^^^^^^^^^^^^^^^^^^^^^^^^^^^^^^^^^^^^^^^^^^^^^^^^^^^^
  File "/usr/lib/python3/dist-packages/odoo/addons/base/models/ir_http.py", line 333, in _dispatch
    result = endpoint(**request.params)
             ^^^^^^^^^^^^^^^^^^^^^^^^^^
  File "/usr/lib/python3/dist-packages/odoo/http.py", line 754, in route_wrapper
    result = endpoint(self, *args, **params_ok)
             ^^^^^^^^^^^^^^^^^^^^^^^^^^^^^^^^^^
  File "/usr/lib/python3/dist-packages/odoo/addons/web/controllers/dataset.py", line 42, in call_button
    action = call_kw(request.env[model], method, args, kwargs)
             ^^^^^^^^^^^^^^^^^^^^^^^^^^^^^^^^^^^^^^^^^^^^^^^^^
  File "/usr/lib/python3/dist-packages/odoo/api.py", line 535, in call_kw
    result = getattr(recs, name)(*args, **kwargs)
             ^^^^^^^^^^^^^^^^^^^^^^^^^^^^^^^^^^^^
  File "/usr/lib/python3/dist-packages/decorator.py", line 232, in fun
    return caller(func, *(extras + args), **kw)
           ^^^^^^^^^^^^^^^^^^^^^^^^^^^^^^^^^^^^
  File "/usr/lib/python3/dist-packages/odoo/addons/base/models/ir_module.py", line 77, in check_and_log
    return method(self, *args, **kwargs)
           ^^^^^^^^^^^^^^^^^^^^^^^^^^^^^
  File "/usr/lib/python3/dist-packages/odoo/addons/base/models/ir_module.py", line 500, in button_immediate_install
    return self._button_immediate_function(self.env.registry[self._name].button_install)
           ^^^^^^^^^^^^^^^^^^^^^^^^^^^^^^^^^^^^^^^^^^^^^^^^^^^^^^^^^^^^^^^^^^^^^^^^^^^^^
  File "/usr/lib/python3/dist-packages/odoo/addons/base/models/ir_module.py", line 624, in _button_immediate_function
    registry = modules.registry.Registry.new(self._cr.dbname, update_module=True)
               ^^^^^^^^^^^^^^^^^^^^^^^^^^^^^^^^^^^^^^^^^^^^^^^^^^^^^^^^^^^^^^^^^^
  File "/usr/lib/python3/dist-packages/decorator.py", line 232, in fun
    return caller(func, *(extras + args), **kw)
           ^^^^^^^^^^^^^^^^^^^^^^^^^^^^^^^^^^^^
  File "/usr/lib/python3/dist-packages/odoo/tools/func.py", line 97, in locked
    return func(inst, *args, **kwargs)
           ^^^^^^^^^^^^^^^^^^^^^^^^^^^
  File "/usr/lib/python3/dist-packages/odoo/modules/registry.py", line 129, in new
    odoo.modules.load_modules(registry, force_demo, status, update_module)
  File "/usr/lib/python3/dist-packages/odoo/modules/loading.py", line 489, in load_modules
    processed_modules += load_marked_modules(env, graph,
                         ^^^^^^^^^^^^^^^^^^^^^^^^^^^^^^^
  File "/usr/lib/python3/dist-packages/odoo/modules/loading.py", line 365, in load_marked_modules
    loaded, processed = load_module_graph(
                        ^^^^^^^^^^^^^^^^^^
  File "/usr/lib/python3/dist-packages/odoo/modules/loading.py", line 205, in load_module_graph
    registry.setup_models(env.cr)
  File "/usr/lib/python3/dist-packages/decorator.py", line 232, in fun
    return caller(func, *(extras + args), **kw)
           ^^^^^^^^^^^^^^^^^^^^^^^^^^^^^^^^^^^^
  File "/usr/lib/python3/dist-packages/odoo/tools/func.py", line 97, in locked
    return func(inst, *args, **kwargs)
           ^^^^^^^^^^^^^^^^^^^^^^^^^^^
  File "/usr/lib/python3/dist-packages/odoo/modules/registry.py", line 355, in setup_models
    model._setup_fields()
  File "/usr/lib/python3/dist-packages/odoo/models.py", line 3720, in _setup_fields
    field.setup(self)
  File "/usr/lib/python3/dist-packages/odoo/fields.py", line 537, in setup
    self.setup_related(model)
  File "/usr/lib/python3/dist-packages/odoo/fields.py", line 2879, in setup_related
    super().setup_related(model)
  File "/usr/lib/python3/dist-packages/odoo/fields.py", line 611, in setup_related
    raise KeyError(
KeyError: 'Field owner_type referenced in related field definition recruitment.planning.header.owner_type does not exist.'
2026-08-14 15:21:22,389 1 INFO rh_2026 werkzeug: 172.22.0.1 - - [14/Aug/2026 15:21:22] "POST /web/dataset/call_button/ir.module.module/button_immediate_install HTTP/1.1" 200 - 26046 13.191 15.936
2026-08-14 15:21:22,412 1 INFO rh_2026 werkzeug: 172.22.0.1 - - [14/Aug/2026 15:21:22] "POST /web/action/load HTTP/1.1" 200 - 12 0.020 0.420
2026-08-14 15:21:22,413 1 INFO rh_2026 werkzeug: 172.22.0.1 - - [14/Aug/2026 15:21:22] "GET /web/service-worker.js HTTP/1.1" 200 - 10 0.020 8.477
2026-08-14 15:21:21,972 1 INFO rh_2026 werkzeug: 172.22.0.1 - - [14/Aug/2026 15:21:21] "POST /web/dataset/call_kw/res.config.settings/get_views HTTP/1.1" 200 - 32 0.034 0.094
2026-08-14 15:21:22,024 1 INFO rh_2026 werkzeug: 172.22.0.1 - - [14/Aug/2026 15:21:22] "POST /web/dataset/call_kw/res.config.settings/onchange HTTP/1.1" 200 - 64 0.022 0.016
2026-08-14 15:21:22,081 1 INFO rh_2026 werkzeug: 172.22.0.1 - - [14/Aug/2026 15:21:22] "POST /base_setup/demo_active HTTP/1.1" 200 - 3 0.003 0.005
2026-08-14 15:21:22,095 1 INFO rh_2026 werkzeug: 172.22.0.1 - - [14/Aug/2026 15:21:22] "POST /base_setup/data HTTP/1.1" 200 - 6 0.004 0.005
2026-08-14 15:21:22,397 1 WARNING rh_2026 odoo.addons.base.models.ir_qweb: Found deprecated directive @t-esc="title or 'Odoo'" in template 180. Replace by @t-out 
2026-08-14 15:21:22,399 1 WARNING rh_2026 odoo.addons.base.models.ir_qweb: Found deprecated directive @t-esc='request.csrf_token(None)' in template 180. Replace by @t-out 
2026-08-14 15:21:22,400 1 WARNING rh_2026 odoo.addons.base.models.ir_qweb: Found deprecated directive @t-esc='debug' in template 180. Replace by @t-out 
2026-08-14 15:21:22,436 1 INFO rh_2026 werkzeug: 172.22.0.1 - - [14/Aug/2026 15:21:22] "GET /odoo/apps HTTP/1.1" 200 - 152 0.124 22.543
2026-08-14 15:21:22,507 1 INFO rh_2026 werkzeug: 172.22.0.1 - - [14/Aug/2026 15:21:22] "GET /web/webclient/load_menus/1780add50626c6beb7f460a995b85ac3c645f8c7898122a44c004397e6212f96 HTTP/1.1" 200 - 37 0.019 0.027
2026-08-14 15:21:22,535 1 INFO rh_2026 werkzeug: 172.22.0.1 - - [14/Aug/2026 15:21:22] "GET /web/manifest.webmanifest HTTP/1.1" 200 - 11 0.007 0.007
2026-08-14 15:21:22,618 1 INFO rh_2026 odoo.addons.partner_autocomplete.models.res_company: Starting enrich of company YourCompany (1) 
2026-08-14 15:21:22,660 1 INFO rh_2026 odoo.addons.iap.tools.iap_tools: iap jsonrpc https://partner-autocomplete.odoo.com/api/dnb/1/enrich_by_domain 
2026-08-14 15:21:22,693 1 INFO rh_2026 werkzeug: 172.22.0.1 - - [14/Aug/2026 15:21:22] "POST /web/action/load HTTP/1.1" 200 - 11 0.020 0.016
2026-08-14 15:21:22,714 1 INFO rh_2026 werkzeug: 172.22.0.1 - - [14/Aug/2026 15:21:22] "GET /web/image/res.partner/3/avatar_128?unique=1786717275000 HTTP/1.1" 200 - 18 0.032 0.027
2026-08-14 15:21:22,715 1 INFO rh_2026 werkzeug: 172.22.0.1 - - [14/Aug/2026 15:21:22] "GET /web/image?model=res.users&field=avatar_128&id=2 HTTP/1.1" 304 - 20 0.039 0.023
2026-08-14 15:21:22,772 1 INFO rh_2026 werkzeug: 172.22.0.1 - - [14/Aug/2026 15:21:22] "POST /mail/data HTTP/1.1" 200 - 63 0.071 0.041
2026-08-14 15:21:22,827 1 INFO rh_2026 werkzeug: 172.22.0.1 - - [14/Aug/2026 15:21:22] "POST /web/dataset/call_kw/ir.module.module/get_views HTTP/1.1" 200 - 58 0.033 0.073
2026-08-14 15:21:22,859 1 INFO rh_2026 werkzeug: 172.22.0.1 - - [14/Aug/2026 15:21:22] "POST /web/dataset/call_kw/ir.module.module/search_panel_select_range HTTP/1.1" 200 - 1 0.002 0.019
2026-08-14 15:21:22,959 1 INFO rh_2026 werkzeug: 172.22.0.1 - - [14/Aug/2026 15:21:22] "POST /web/dataset/call_kw/ir.module.module/web_search_read HTTP/1.1" 200 - 6 0.008 0.104
2026-08-14 15:21:22,960 1 INFO rh_2026 werkzeug: 172.22.0.1 - - [14/Aug/2026 15:21:22] "POST /web/dataset/call_kw/ir.module.module/search_panel_select_range HTTP/1.1" 200 - 68 0.091 0.030
2026-08-14 15:21:22,986 1 INFO rh_2026 werkzeug: 172.22.0.1 - - [14/Aug/2026 15:21:22] "POST /mail/data HTTP/1.1" 200 - 74 0.062 0.048
2026-08-14 15:21:24,744 1 INFO rh_2026 werkzeug: 172.22.0.1 - - [14/Aug/2026 15:21:24] "GET /web/service-worker.js HTTP/1.1" 200 - 1 0.001 0.005
2026-08-14 15:21:24,783 1 WARNING rh_2026 odoo.addons.base.models.ir_qweb: Found deprecated directive @t-esc="title or 'Odoo'" in template 180. Replace by @t-out 
2026-08-14 15:21:24,785 1 WARNING rh_2026 odoo.addons.base.models.ir_qweb: Found deprecated directive @t-esc='request.csrf_token(None)' in template 180. Replace by @t-out 
2026-08-14 15:21:24,785 1 WARNING rh_2026 odoo.addons.base.models.ir_qweb: Found deprecated directive @t-esc='debug' in template 180. Replace by @t-out 
2026-08-14 15:21:24,789 1 INFO rh_2026 werkzeug: 172.22.0.1 - - [14/Aug/2026 15:21:24] "GET /odoo/offline HTTP/1.1" 200 - 12 0.005 0.019
2026-08-14 15:21:28,415 1 INFO rh_2026 werkzeug: 172.22.0.1 - - [14/Aug/2026 15:21:28] "POST /web/action/load HTTP/1.1" 200 - 9 0.006 0.011
2026-08-14 15:21:28,480 1 INFO rh_2026 werkzeug: 172.22.0.1 - - [14/Aug/2026 15:21:28] "POST /web/dataset/call_kw/res.config.settings/get_views HTTP/1.1" 200 - 6 0.004 0.036
2026-08-14 15:21:28,512 1 INFO rh_2026 werkzeug: 172.22.0.1 - - [14/Aug/2026 15:21:28] "POST /web/dataset/call_kw/res.config.settings/onchange HTTP/1.1" 200 - 21 0.007 0.012
2026-08-14 15:21:28,559 1 INFO rh_2026 werkzeug: 172.22.0.1 - - [14/Aug/2026 15:21:28] "POST /base_setup/demo_active HTTP/1.1" 200 - 3 0.002 0.003
2026-08-14 15:21:28,570 1 INFO rh_2026 werkzeug: 172.22.0.1 - - [14/Aug/2026 15:21:28] "POST /base_setup/data HTTP/1.1" 200 - 5 0.002 0.003
2026-08-14 15:21:30,691 1 WARNING rh_2026 odoo.addons.iap.tools.iap_tools: iap jsonrpc https://partner-autocomplete.odoo.com/api/dnb/1/enrich_by_domain failed, ConnectionError: HTTPSConnectionPool(host='partner-autocomplete.odoo.com', port=443): Max retries exceeded with url: /api/dnb/1/enrich_by_domain (Caused by NameResolutionError("<urllib3.connection.HTTPSConnection object at 0x7f1ebdc02a20>: Failed to resolve 'partner-autocomplete.odoo.com' ([Errno -3] Temporary failure in name resolution)")) 
2026-08-14 15:21:30,692 1 WARNING rh_2026 odoo.addons.partner_autocomplete.models.iap_autocomplete_api: Autocomplete API error: An error occurred while reaching https://partner-autocomplete.odoo.com/api/dnb/1/enrich_by_domain. Please contact Odoo support if this error persists. 
2026-08-14 15:21:30,701 1 INFO rh_2026 werkzeug: 172.22.0.1 - - [14/Aug/2026 15:21:30] "POST /web/dataset/call_kw/res.company/iap_enrich_auto HTTP/1.1" 200 - 52 0.027 8.064
2026-08-14 15:21:32,622 1 WARNING rh_2026 odoo.addons.base.models.ir_qweb: Found deprecated directive @t-esc="title or 'Odoo'" in template 180. Replace by @t-out 
2026-08-14 15:21:32,623 1 WARNING rh_2026 odoo.addons.base.models.ir_qweb: Found deprecated directive @t-esc='request.csrf_token(None)' in template 180. Replace by @t-out 
2026-08-14 15:21:32,624 1 WARNING rh_2026 odoo.addons.base.models.ir_qweb: Found deprecated directive @t-esc='debug' in template 180. Replace by @t-out 
2026-08-14 15:21:32,630 1 INFO rh_2026 werkzeug: 172.22.0.1 - - [14/Aug/2026 15:21:32] "GET /odoo/settings?debug=1 HTTP/1.1" 200 - 77 0.030 0.911
2026-08-14 15:21:32,722 1 INFO rh_2026 werkzeug: 172.22.0.1 - - [14/Aug/2026 15:21:32] "GET /web/manifest.webmanifest HTTP/1.1" 200 - 10 0.005 0.005
2026-08-14 15:21:32,795 1 INFO rh_2026 werkzeug: 172.22.0.1 - - [14/Aug/2026 15:21:32] "POST /web/action/load HTTP/1.1" 200 - 10 0.011 0.010
2026-08-14 15:21:32,803 1 INFO rh_2026 werkzeug: 172.22.0.1 - - [14/Aug/2026 15:21:32] "GET /web/image?model=res.users&field=avatar_128&id=2 HTTP/1.1" 304 - 20 0.018 0.014
2026-08-14 15:21:32,859 1 INFO rh_2026 werkzeug: 172.22.0.1 - - [14/Aug/2026 15:21:32] "POST /mail/data HTTP/1.1" 200 - 59 0.049 0.030
2026-08-14 15:21:32,873 1 INFO rh_2026 werkzeug: 172.22.0.1 - - [14/Aug/2026 15:21:32] "POST /web/dataset/call_kw/res.config.settings/get_views HTTP/1.1" 200 - 6 0.005 0.064
2026-08-14 15:21:32,909 1 INFO rh_2026 werkzeug: 172.22.0.1 - - [14/Aug/2026 15:21:32] "POST /web/dataset/call_kw/res.config.settings/onchange HTTP/1.1" 200 - 25 0.007 0.013
2026-08-14 15:21:32,967 1 INFO rh_2026 werkzeug: 172.22.0.1 - - [14/Aug/2026 15:21:32] "POST /base_setup/demo_active HTTP/1.1" 200 - 3 0.002 0.003
2026-08-14 15:21:32,981 1 INFO rh_2026 werkzeug: 172.22.0.1 - - [14/Aug/2026 15:21:32] "POST /base_setup/data HTTP/1.1" 200 - 5 0.002 0.003
2026-08-14 15:21:34,765 1 INFO rh_2026 werkzeug: 172.22.0.1 - - [14/Aug/2026 15:21:34] "GET /web/service-worker.js HTTP/1.1" 200 - 1 0.001 0.003
2026-08-14 15:21:35,453 1 INFO rh_2026 werkzeug: 172.22.0.1 - - [14/Aug/2026 15:21:35] "POST /web/dataset/call_kw/res.config.settings/web_save HTTP/1.1" 200 - 37 0.015 0.030
2026-08-14 15:21:35,506 1 INFO rh_2026 odoo.modules.registry: Caches invalidated, signaling through the database: ['default'] 
2026-08-14 15:21:35,509 1 INFO rh_2026 werkzeug: 172.22.0.1 - - [14/Aug/2026 15:21:35] "POST /web/dataset/call_button/res.config.settings/execute HTTP/1.1" 200 - 44 0.015 0.026
2026-08-14 15:21:36,500 1 WARNING rh_2026 odoo.addons.base.models.ir_qweb: Found deprecated directive @t-esc="title or 'Odoo'" in template 180. Replace by @t-out 
2026-08-14 15:21:36,501 1 WARNING rh_2026 odoo.addons.base.models.ir_qweb: Found deprecated directive @t-esc='request.csrf_token(None)' in template 180. Replace by @t-out 
2026-08-14 15:21:36,502 1 WARNING rh_2026 odoo.addons.base.models.ir_qweb: Found deprecated directive @t-esc='debug' in template 180. Replace by @t-out 
2026-08-14 15:21:36,507 1 INFO rh_2026 werkzeug: 172.22.0.1 - - [14/Aug/2026 15:21:36] "GET /odoo/settings?debug=1 HTTP/1.1" 200 - 106 0.035 0.949
2026-08-14 15:21:36,592 1 INFO rh_2026 werkzeug: 172.22.0.1 - - [14/Aug/2026 15:21:36] "GET /web/manifest.webmanifest HTTP/1.1" 200 - 11 0.006 0.006
2026-08-14 15:21:36,661 1 INFO rh_2026 werkzeug: 172.22.0.1 - - [14/Aug/2026 15:21:36] "POST /web/action/load HTTP/1.1" 200 - 11 0.010 0.011
2026-08-14 15:21:36,674 1 INFO rh_2026 werkzeug: 172.22.0.1 - - [14/Aug/2026 15:21:36] "GET /web/image?model=res.users&field=avatar_128&id=2 HTTP/1.1" 304 - 21 0.022 0.016
2026-08-14 15:21:36,721 1 INFO rh_2026 werkzeug: 172.22.0.1 - - [14/Aug/2026 15:21:36] "POST /mail/data HTTP/1.1" 200 - 63 0.046 0.030
2026-08-14 15:21:36,750 1 INFO rh_2026 werkzeug: 172.22.0.1 - - [14/Aug/2026 15:21:36] "POST /web/dataset/call_kw/res.config.settings/get_views HTTP/1.1" 200 - 31 0.017 0.064
2026-08-14 15:21:36,791 1 INFO rh_2026 werkzeug: 172.22.0.1 - - [14/Aug/2026 15:21:36] "POST /web/dataset/call_kw/res.config.settings/onchange HTTP/1.1" 200 - 58 0.014 0.014
2026-08-14 15:21:36,841 1 INFO rh_2026 werkzeug: 172.22.0.1 - - [14/Aug/2026 15:21:36] "POST /base_setup/demo_active HTTP/1.1" 200 - 3 0.002 0.003
2026-08-14 15:21:36,856 1 INFO rh_2026 werkzeug: 172.22.0.1 - - [14/Aug/2026 15:21:36] "POST /base_setup/data HTTP/1.1" 200 - 6 0.002 0.002
2026-08-14 15:21:38,612 1 INFO rh_2026 werkzeug: 172.22.0.1 - - [14/Aug/2026 15:21:38] "GET /web/service-worker.js HTTP/1.1" 200 - 1 0.001 0.005
2026-08-14 15:21:40,231 1 INFO rh_2026 werkzeug: 172.22.0.1 - - [14/Aug/2026 15:21:40] "POST /web/action/load HTTP/1.1" 200 - 10 0.006 0.010
2026-08-14 15:21:40,317 1 INFO rh_2026 werkzeug: 172.22.0.1 - - [14/Aug/2026 15:21:40] "POST /web/dataset/call_kw/ir.module.module/get_views HTTP/1.1" 200 - 58 0.020 0.040
2026-08-14 15:21:40,333 1 INFO rh_2026 werkzeug: 172.22.0.1 - - [14/Aug/2026 15:21:40] "POST /web/dataset/call_kw/ir.module.module/search_panel_select_range HTTP/1.1" 200 - 1 0.002 0.005
2026-08-14 15:21:40,381 1 INFO rh_2026 werkzeug: 172.22.0.1 - - [14/Aug/2026 15:21:40] "POST /web/dataset/call_kw/ir.module.module/web_search_read HTTP/1.1" 200 - 6 0.005 0.047
2026-08-14 15:21:40,390 1 INFO rh_2026 werkzeug: 172.22.0.1 - - [14/Aug/2026 15:21:40] "POST /web/dataset/call_kw/ir.module.module/search_panel_select_range HTTP/1.1" 200 - 70 0.044 0.019
2026-08-14 15:21:46,323 1 INFO rh_2026 werkzeug: 172.22.0.1 - - [14/Aug/2026 15:21:46] "POST /web/dataset/call_kw/ir.module.module/search_panel_select_range HTTP/1.1" 200 - 69 0.029 0.020
2026-08-14 15:21:46,352 1 INFO rh_2026 werkzeug: 172.22.0.1 - - [14/Aug/2026 15:21:46] "POST /web/dataset/call_kw/ir.module.module/web_search_read HTTP/1.1" 200 - 6 0.003 0.004
2026-08-14 15:21:47,929 1 INFO rh_2026 odoo.addons.base.models.ir_module: ALLOW access to module.button_immediate_install on ['Gestion recrutement'] to user admin@admin.com #2 via 172.22.0.1 
2026-08-14 15:21:47,929 1 INFO rh_2026 odoo.addons.base.models.ir_module: User #2 triggered module installation 
2026-08-14 15:21:47,931 1 INFO rh_2026 odoo.addons.base.models.ir_module: ALLOW access to module.button_install on ['Gestion recrutement'] to user admin@admin.com #2 via 172.22.0.1 
2026-08-14 15:21:48,003 1 INFO rh_2026 odoo.modules.loading: loading 1 modules... 
2026-08-14 15:21:48,010 1 INFO rh_2026 odoo.modules.loading: 1 modules loaded in 0.01s, 0 queries (+0 extra) 
2026-08-14 15:21:48,037 1 INFO rh_2026 odoo.modules.loading: updating modules list 
2026-08-14 15:21:48,038 1 INFO rh_2026 odoo.addons.base.models.ir_module: ALLOW access to module.update_list on [] to user __system__ #1 via 172.22.0.1 
2026-08-14 15:21:48,804 1 INFO rh_2026 odoo.modules.loading: loading 42 modules... 
2026-08-14 15:21:48,833 1 INFO rh_2026 odoo.modules.loading: 42 modules loaded in 0.03s, 0 queries (+0 extra) 
2026-08-14 15:21:48,835 1 INFO rh_2026 odoo.modules.loading: loading 43 modules... 
2026-08-14 15:21:48,836 1 INFO rh_2026 odoo.modules.loading: Loading module recrutement (43/43) 
2026-08-14 15:21:48,981 1 WARNING rh_2026 odoo.modules.loading: Transient module states were reset 
2026-08-14 15:21:48,990 1 ERROR rh_2026 odoo.modules.registry: Failed to load registry 
2026-08-14 15:21:48,995 1 INFO rh_2026 odoo.modules.loading: loading 1 modules... 
2026-08-14 15:21:49,002 1 INFO rh_2026 odoo.modules.loading: 1 modules loaded in 0.01s, 0 queries (+0 extra) 
2026-08-14 15:21:49,006 1 INFO rh_2026 odoo.modules.loading: loading 42 modules... 
2026-08-14 15:21:49,036 1 INFO rh_2026 odoo.modules.loading: 42 modules loaded in 0.03s, 0 queries (+0 extra) 
2026-08-14 15:21:49,159 1 INFO rh_2026 odoo.modules.loading: Modules loaded. 
2026-08-14 15:21:49,162 1 INFO rh_2026 odoo.modules.registry: Registry loaded in 0.171s 
2026-08-14 15:21:49,164 1 ERROR rh_2026 odoo.http: Exception during request handling. 
Traceback (most recent call last):
  File "/usr/lib/python3/dist-packages/odoo/http.py", line 2576, in __call__
    response = request._serve_db()
               ^^^^^^^^^^^^^^^^^^^
  File "/usr/lib/python3/dist-packages/odoo/http.py", line 2103, in _serve_db
    return self._transactioning(
           ^^^^^^^^^^^^^^^^^^^^^
  File "/usr/lib/python3/dist-packages/odoo/http.py", line 2166, in _transactioning
    return service_model.retrying(func, env=self.env)
           ^^^^^^^^^^^^^^^^^^^^^^^^^^^^^^^^^^^^^^^^^^
  File "/usr/lib/python3/dist-packages/odoo/service/model.py", line 156, in retrying
    result = func()
             ^^^^^^
  File "/usr/lib/python3/dist-packages/odoo/http.py", line 2133, in _serve_ir_http
    response = self.dispatcher.dispatch(rule.endpoint, args)
               ^^^^^^^^^^^^^^^^^^^^^^^^^^^^^^^^^^^^^^^^^^^^^
  File "/usr/lib/python3/dist-packages/odoo/http.py", line 2381, in dispatch
    result = self.request.registry['ir.http']._dispatch(endpoint)
             ^^^^^^^^^^^^^^^^^^^^^^^^^^^^^^^^^^^^^^^^^^^^^^^^^^^^
  File "/usr/lib/python3/dist-packages/odoo/addons/base/models/ir_http.py", line 333, in _dispatch
    result = endpoint(**request.params)
             ^^^^^^^^^^^^^^^^^^^^^^^^^^
  File "/usr/lib/python3/dist-packages/odoo/http.py", line 754, in route_wrapper
    result = endpoint(self, *args, **params_ok)
             ^^^^^^^^^^^^^^^^^^^^^^^^^^^^^^^^^^
  File "/usr/lib/python3/dist-packages/odoo/addons/web/controllers/dataset.py", line 42, in call_button
    action = call_kw(request.env[model], method, args, kwargs)
             ^^^^^^^^^^^^^^^^^^^^^^^^^^^^^^^^^^^^^^^^^^^^^^^^^
  File "/usr/lib/python3/dist-packages/odoo/api.py", line 535, in call_kw
    result = getattr(recs, name)(*args, **kwargs)
             ^^^^^^^^^^^^^^^^^^^^^^^^^^^^^^^^^^^^
  File "/usr/lib/python3/dist-packages/decorator.py", line 232, in fun
    return caller(func, *(extras + args), **kw)
           ^^^^^^^^^^^^^^^^^^^^^^^^^^^^^^^^^^^^
  File "/usr/lib/python3/dist-packages/odoo/addons/base/models/ir_module.py", line 77, in check_and_log
    return method(self, *args, **kwargs)
           ^^^^^^^^^^^^^^^^^^^^^^^^^^^^^
  File "/usr/lib/python3/dist-packages/odoo/addons/base/models/ir_module.py", line 500, in button_immediate_install
    return self._button_immediate_function(self.env.registry[self._name].button_install)
           ^^^^^^^^^^^^^^^^^^^^^^^^^^^^^^^^^^^^^^^^^^^^^^^^^^^^^^^^^^^^^^^^^^^^^^^^^^^^^
  File "/usr/lib/python3/dist-packages/odoo/addons/base/models/ir_module.py", line 624, in _button_immediate_function
    registry = modules.registry.Registry.new(self._cr.dbname, update_module=True)
               ^^^^^^^^^^^^^^^^^^^^^^^^^^^^^^^^^^^^^^^^^^^^^^^^^^^^^^^^^^^^^^^^^^
  File "/usr/lib/python3/dist-packages/decorator.py", line 232, in fun
    return caller(func, *(extras + args), **kw)
           ^^^^^^^^^^^^^^^^^^^^^^^^^^^^^^^^^^^^
  File "/usr/lib/python3/dist-packages/odoo/tools/func.py", line 97, in locked
    return func(inst, *args, **kwargs)
           ^^^^^^^^^^^^^^^^^^^^^^^^^^^
  File "/usr/lib/python3/dist-packages/odoo/modules/registry.py", line 129, in new
    odoo.modules.load_modules(registry, force_demo, status, update_module)
  File "/usr/lib/python3/dist-packages/odoo/modules/loading.py", line 489, in load_modules
    processed_modules += load_marked_modules(env, graph,
                         ^^^^^^^^^^^^^^^^^^^^^^^^^^^^^^^
  File "/usr/lib/python3/dist-packages/odoo/modules/loading.py", line 365, in load_marked_modules
    loaded, processed = load_module_graph(
                        ^^^^^^^^^^^^^^^^^^
  File "/usr/lib/python3/dist-packages/odoo/modules/loading.py", line 205, in load_module_graph
    registry.setup_models(env.cr)
  File "/usr/lib/python3/dist-packages/decorator.py", line 232, in fun
    return caller(func, *(extras + args), **kw)
           ^^^^^^^^^^^^^^^^^^^^^^^^^^^^^^^^^^^^
  File "/usr/lib/python3/dist-packages/odoo/tools/func.py", line 97, in locked
    return func(inst, *args, **kwargs)
           ^^^^^^^^^^^^^^^^^^^^^^^^^^^
  File "/usr/lib/python3/dist-packages/odoo/modules/registry.py", line 355, in setup_models
    model._setup_fields()
  File "/usr/lib/python3/dist-packages/odoo/models.py", line 3720, in _setup_fields
    field.setup(self)
  File "/usr/lib/python3/dist-packages/odoo/fields.py", line 537, in setup
    self.setup_related(model)
  File "/usr/lib/python3/dist-packages/odoo/fields.py", line 2879, in setup_related
    super().setup_related(model)
  File "/usr/lib/python3/dist-packages/odoo/fields.py", line 611, in setup_related
    raise KeyError(
KeyError: 'Field owner_type referenced in related field definition recruitment.planning.header.owner_type does not exist.'
2026-08-14 15:21:49,166 1 INFO rh_2026 werkzeug: 172.22.0.1 - - [14/Aug/2026 15:21:49] "POST /web/dataset/call_button/ir.module.module/button_immediate_install HTTP/1.1" 200 - 1798 0.532 0.711
2026-08-14 15:22:03,178 1 INFO rh_2026 odoo.addons.base.models.ir_cron: Job 'Base: Auto-vacuum internal data' (1) starting 
2026-08-14 15:22:03,202 1 INFO rh_2026 odoo.addons.base.models.ir_attachment: filestore gc 105 checked, 0 removed 
2026-08-14 15:22:03,248 1 INFO rh_2026 odoo.addons.base.models.res_users: GC'd 1 user log entries 
2026-08-14 15:22:03,271 1 INFO rh_2026 odoo.addons.base.models.res_users: GC 'res.users.apikeys' delete 0 entries 
2026-08-14 15:22:03,276 1 INFO rh_2026 odoo.addons.base.models.res_device: GC device logs delete 0 entries 
2026-08-14 15:22:03,279 1 INFO rh_2026 odoo.addons.base.models.res_device: GC device logs delete 0 entries 
2026-08-14 15:22:03,292 1 INFO rh_2026 odoo.addons.base.models.res_users: GC 'auth_totp.device' delete 0 entries 
2026-08-14 15:22:03,370 1 INFO rh_2026 odoo.addons.sms.models.sms_sms: GC'd 0 sms marked for deletion 
2026-08-14 15:22:03,408 1 INFO rh_2026 odoo.addons.base.models.ir_cron: Job 'Base: Auto-vacuum internal data' (1) done in 0.229s 
2026-08-14 15:22:03,423 1 INFO rh_2026 odoo.addons.base.models.ir_cron: Job 'Base: Auto-vacuum internal data' (1) processed 0 records, 0 records remaining 
2026-08-14 15:22:03,428 1 INFO rh_2026 odoo.addons.base.models.ir_cron: Job 'Base: Auto-vacuum internal data' (1) completed 
2026-08-14 15:22:03,439 1 INFO rh_2026 odoo.addons.base.models.ir_cron: Job 'Notification: Delete Notifications older than 6 Month' (5) starting 
2026-08-14 15:22:03,443 1 INFO rh_2026 odoo.addons.base.models.ir_cron: Job 'Notification: Delete Notifications older than 6 Month' (5) done in 0.003s 
2026-08-14 15:22:03,447 1 INFO rh_2026 odoo.addons.base.models.ir_cron: Job 'Notification: Delete Notifications older than 6 Month' (5) processed 0 records, 0 records remaining 
2026-08-14 15:22:03,450 1 INFO rh_2026 odoo.addons.base.models.ir_cron: Job 'Notification: Delete Notifications older than 6 Month' (5) completed 
2026-08-14 15:22:03,460 1 INFO rh_2026 odoo.addons.base.models.ir_cron: Job 'Mail: Post scheduled messages' (7) starting 
2026-08-14 15:22:03,463 1 INFO rh_2026 odoo.addons.mail.models.mail_scheduled_message: Posting 0 scheduled messages 
2026-08-14 15:22:03,465 1 INFO rh_2026 odoo.addons.base.models.ir_cron: Job 'Mail: Post scheduled messages' (7) done in 0.004s 
2026-08-14 15:22:03,470 1 INFO rh_2026 odoo.addons.base.models.ir_cron: Job 'Mail: Post scheduled messages' (7) processed 0 records, 0 records remaining 
2026-08-14 15:22:03,473 1 INFO rh_2026 odoo.addons.base.models.ir_cron: Job 'Mail: Post scheduled messages' (7) completed 
2026-08-14 15:22:03,483 1 INFO rh_2026 odoo.addons.base.models.ir_cron: Job 'Notification: Notify scheduled messages' (8) starting 
2026-08-14 15:22:03,486 1 INFO rh_2026 odoo.addons.base.models.ir_cron: Job 'Notification: Notify scheduled messages' (8) done in 0.003s 
2026-08-14 15:22:03,490 1 INFO rh_2026 odoo.addons.base.models.ir_cron: Job 'Notification: Notify scheduled messages' (8) processed 0 records, 0 records remaining 
2026-08-14 15:22:03,493 1 INFO rh_2026 odoo.addons.base.models.ir_cron: Job 'Notification: Notify scheduled messages' (8) completed 
2026-08-14 15:22:03,503 1 INFO rh_2026 odoo.addons.base.models.ir_cron: Job 'Mail: send web push notification' (9) starting 
2026-08-14 15:22:03,506 1 INFO rh_2026 odoo.addons.base.models.ir_cron: Job 'Mail: send web push notification' (9) done in 0.003s 
2026-08-14 15:22:03,510 1 INFO rh_2026 odoo.addons.base.models.ir_cron: Job 'Mail: send web push notification' (9) processed 0 records, 0 records remaining 
2026-08-14 15:22:03,513 1 INFO rh_2026 odoo.addons.base.models.ir_cron: Job 'Mail: send web push notification' (9) completed 
2026-08-14 15:22:03,522 1 INFO rh_2026 odoo.addons.base.models.ir_cron: Job 'Discuss: channel member unmute' (10) starting 
2026-08-14 15:22:03,525 1 INFO rh_2026 odoo.addons.base.models.ir_cron: Job 'Discuss: channel member unmute' (10) done in 0.002s 
2026-08-14 15:22:03,529 1 INFO rh_2026 odoo.addons.base.models.ir_cron: Job 'Discuss: channel member unmute' (10) processed 0 records, 0 records remaining 
2026-08-14 15:22:03,532 1 INFO rh_2026 odoo.addons.base.models.ir_cron: Job 'Discuss: channel member unmute' (10) completed 
2026-08-14 15:22:03,541 1 INFO rh_2026 odoo.addons.base.models.ir_cron: Job 'Discuss: users settings unmute' (11) starting 
2026-08-14 15:22:03,544 1 INFO rh_2026 odoo.addons.base.models.ir_cron: Job 'Discuss: users settings unmute' (11) done in 0.003s 
2026-08-14 15:22:03,548 1 INFO rh_2026 odoo.addons.base.models.ir_cron: Job 'Discuss: users settings unmute' (11) processed 0 records, 0 records remaining 
2026-08-14 15:22:03,551 1 INFO rh_2026 odoo.addons.base.models.ir_cron: Job 'Discuss: users settings unmute' (11) completed 
2026-08-14 15:22:03,560 1 INFO rh_2026 odoo.addons.base.models.ir_cron: Job 'Calendar: Event Reminder' (13) starting 
2026-08-14 15:22:03,564 1 INFO rh_2026 odoo.addons.base.models.ir_cron: Job 'Calendar: Event Reminder' (13) done in 0.003s 
2026-08-14 15:22:03,568 1 INFO rh_2026 odoo.addons.base.models.ir_cron: Job 'Calendar: Event Reminder' (13) processed 0 records, 0 records remaining 
2026-08-14 15:22:03,571 1 INFO rh_2026 odoo.addons.base.models.ir_cron: Job 'Calendar: Event Reminder' (13) completed 
2026-08-14 15:22:03,582 1 INFO rh_2026 odoo.addons.base.models.ir_cron: Job 'SMS: SMS Queue Manager' (15) starting 
2026-08-14 15:22:03,611 1 INFO rh_2026 odoo.addons.base.models.ir_cron: Job 'SMS: SMS Queue Manager' (15) done in 0.028s 
2026-08-14 15:22:03,616 1 INFO rh_2026 odoo.addons.base.models.ir_cron: Job 'SMS: SMS Queue Manager' (15) processed 0 records, 0 records remaining 
2026-08-14 15:22:03,619 1 INFO rh_2026 odoo.addons.base.models.ir_cron: Job 'SMS: SMS Queue Manager' (15) completed 
2026-08-14 15:22:03,628 1 INFO rh_2026 odoo.addons.base.models.ir_cron: Job 'Snailmail: process letters queue' (16) starting 
2026-08-14 15:22:03,631 1 INFO rh_2026 odoo.addons.base.models.ir_cron: Job 'Snailmail: process letters queue' (16) done in 0.003s 
2026-08-14 15:22:03,636 1 INFO rh_2026 odoo.addons.base.models.ir_cron: Job 'Snailmail: process letters queue' (16) processed 0 records, 0 records remaining 
2026-08-14 15:22:03,639 1 INFO rh_2026 odoo.addons.base.models.ir_cron: Job 'Snailmail: process letters queue' (16) completed 
2026-08-14 15:22:03,649 1 INFO rh_2026 odoo.addons.base.models.ir_cron: Job 'HR Employee: check work permit validity' (18) starting 
2026-08-14 15:22:03,657 1 INFO rh_2026 odoo.addons.base.models.ir_cron: Job 'HR Employee: check work permit validity' (18) done in 0.007s 
2026-08-14 15:22:03,661 1 INFO rh_2026 odoo.addons.base.models.ir_cron: Job 'HR Employee: check work permit validity' (18) processed 0 records, 0 records remaining 
2026-08-14 15:22:03,664 1 INFO rh_2026 odoo.addons.base.models.ir_cron: Job 'HR Employee: check work permit validity' (18) completed 
2026-08-14 15:22:03,673 1 INFO rh_2026 odoo.addons.base.models.ir_cron: Job 'Mail: Email Queue Manager' (3) starting 
2026-08-14 15:22:03,677 1 INFO rh_2026 odoo.addons.base.models.ir_cron: Job 'Mail: Email Queue Manager' (3) done in 0.004s 
2026-08-14 15:22:03,681 1 INFO rh_2026 odoo.addons.base.models.ir_cron: Job 'Mail: Email Queue Manager' (3) processed 0 records, 0 records remaining 
2026-08-14 15:22:03,684 1 INFO rh_2026 odoo.addons.base.models.ir_cron: Job 'Mail: Email Queue Manager' (3) completed 
2026-08-14 15:22:03,693 1 INFO rh_2026 odoo.addons.base.models.ir_cron: Job 'Users: Notify About Unregistered Users' (12) starting 
2026-08-14 15:22:03,698 1 INFO rh_2026 odoo.addons.base.models.ir_cron: Job 'Users: Notify About Unregistered Users' (12) done in 0.004s 
2026-08-14 15:22:03,701 1 INFO rh_2026 odoo.addons.base.models.ir_cron: Job 'Users: Notify About Unregistered Users' (12) processed 0 records, 0 records remaining 
2026-08-14 15:22:03,704 1 INFO rh_2026 odoo.addons.base.models.ir_cron: Job 'Users: Notify About Unregistered Users' (12) completed 
2026-08-14 15:22:03,713 1 INFO rh_2026 odoo.addons.base.models.ir_cron: Job 'Partner Autocomplete: Sync with remote DB' (14) starting 
2026-08-14 15:22:03,716 1 INFO rh_2026 odoo.addons.base.models.ir_cron: Job 'Partner Autocomplete: Sync with remote DB' (14) done in 0.002s 
2026-08-14 15:22:03,720 1 INFO rh_2026 odoo.addons.base.models.ir_cron: Job 'Partner Autocomplete: Sync with remote DB' (14) processed 0 records, 0 records remaining 
2026-08-14 15:22:03,722 1 INFO rh_2026 odoo.addons.base.models.ir_cron: Job 'Partner Autocomplete: Sync with remote DB' (14) completed 
2026-08-14 15:22:03,731 1 INFO rh_2026 odoo.addons.base.models.ir_cron: Job 'Base: Portal Users Deletion' (2) starting 
2026-08-14 15:22:03,735 1 INFO rh_2026 odoo.addons.base.models.ir_cron: Job 'Base: Portal Users Deletion' (2) done in 0.003s 
2026-08-14 15:22:03,739 1 INFO rh_2026 odoo.addons.base.models.ir_cron: Job 'Base: Portal Users Deletion' (2) processed 0 records, 0 records remaining 
2026-08-14 15:22:03,742 1 INFO rh_2026 odoo.addons.base.models.ir_cron: Job 'Base: Portal Users Deletion' (2) completed 
2026-08-14 15:22:47,979 1 INFO ? odoo.service.server: Initiating shutdown 
2026-08-14 15:22:47,980 1 INFO ? odoo.service.server: Hit CTRL-C again or send a second signal to force the shutdown. 
2026-08-14 15:22:48,461 1 INFO ? odoo.sql_db: ConnectionPool(read/write;used=0/count=0/max=64): Closed 7 connections  
2026-08-14 15:22:54,222 1 INFO ? odoo: Odoo version 18.0-20260209 
2026-08-14 15:22:54,223 1 INFO ? odoo: Using configuration file at /etc/odoo/odoo.conf 
2026-08-14 15:22:54,223 1 INFO ? odoo: addons paths: ['/usr/lib/python3/dist-packages/odoo/addons', '/var/lib/odoo/.local/share/Odoo/addons/18.0', '/mnt/extra-addons'] 
2026-08-14 15:22:54,224 1 INFO ? odoo: database: odoo@postgres:5432 
2026-08-14 15:22:54,532 1 INFO ? odoo.addons.base.models.ir_actions_report: Will use the Wkhtmltopdf binary at /usr/local/bin/wkhtmltopdf 
2026-08-14 15:22:54,565 1 INFO ? odoo.addons.base.models.ir_actions_report: Will use the Wkhtmltoimage binary at /usr/local/bin/wkhtmltoimage 
2026-08-14 15:22:54,867 1 INFO ? odoo.service.server: Watching addons folder /usr/lib/python3/dist-packages/odoo/addons 
2026-08-14 15:22:54,868 1 INFO ? odoo.service.server: Watching addons folder /var/lib/odoo/.local/share/Odoo/addons/18.0 
2026-08-14 15:22:54,868 1 INFO ? odoo.service.server: Watching addons folder /mnt/extra-addons 
2026-08-14 15:22:57,947 1 INFO ? odoo.service.server: AutoReload watcher running with watchdog 
2026-08-14 15:22:57,948 1 INFO ? odoo.service.server: HTTP service (werkzeug) running on be04595ef588:8069 
2026-08-14 15:22:59,647 1 INFO ? odoo.modules.loading: loading 1 modules... 
2026-08-14 15:22:59,654 1 INFO ? odoo.modules.loading: 1 modules loaded in 0.01s, 0 queries (+0 extra) 
2026-08-14 15:22:59,689 1 INFO ? odoo.modules.loading: loading 42 modules... 
2026-08-14 15:23:00,248 1 INFO ? odoo.modules.loading: 42 modules loaded in 0.56s, 0 queries (+0 extra) 
2026-08-14 15:23:00,341 1 INFO ? odoo.modules.loading: Modules loaded. 
2026-08-14 15:23:00,345 1 INFO ? odoo.modules.registry: Registry loaded in 0.750s 
2026-08-14 15:23:00,346 1 INFO rh_2026 odoo.addons.base.models.ir_http: Generating routing map for key None 
2026-08-14 15:23:00,372 1 INFO rh_2026 werkzeug: 172.22.0.1 - - [14/Aug/2026 15:23:00] "GET /websocket?version=18.0-7 HTTP/1.1" 101 - 21 0.027 0.752
2026-08-14 15:23:00,387 1 INFO rh_2026 werkzeug: 172.22.0.1 - - [14/Aug/2026 15:23:00] "POST /bus/has_missed_notifications HTTP/1.1" 200 - 3 0.002 0.003
2026-08-14 15:23:00,743 1 INFO ? odoo.addons.bus.models.bus: Bus.loop listen imbus on db postgres 
2026-08-14 15:23:03,859 1 WARNING ? odoo.modules.module: Missing `license` key in manifest for 'recrutement', defaulting to LGPL-3 
2026-08-14 15:23:03,872 1 INFO rh_2026 werkzeug: 172.22.0.1 - - [14/Aug/2026 15:23:03] "POST /web/action/load HTTP/1.1" 200 - 10 0.006 0.659
2026-08-14 15:23:03,913 1 INFO rh_2026 werkzeug: 172.22.0.1 - - [14/Aug/2026 15:23:03] "POST /web/dataset/call_kw/base.module.update/get_views HTTP/1.1" 200 - 18 0.009 0.021
2026-08-14 15:23:03,927 1 INFO rh_2026 werkzeug: 172.22.0.1 - - [14/Aug/2026 15:23:03] "POST /web/dataset/call_kw/base.module.update/onchange HTTP/1.1" 200 - 3 0.002 0.003
2026-08-14 15:23:05,405 1 INFO rh_2026 werkzeug: 172.22.0.1 - - [14/Aug/2026 15:23:05] "GET /websocket?version=18.0-7 HTTP/1.1" 101 - 1 0.001 0.003
2026-08-14 15:23:05,415 1 INFO rh_2026 werkzeug: 172.22.0.1 - - [14/Aug/2026 15:23:05] "POST /bus/has_missed_notifications HTTP/1.1" 200 - 2 0.001 0.003
2026-08-14 15:23:05,863 1 INFO rh_2026 werkzeug: 172.22.0.1 - - [14/Aug/2026 15:23:05] "POST /web/dataset/call_kw/base.module.update/web_save HTTP/1.1" 200 - 5 0.004 0.008
2026-08-14 15:23:05,874 1 INFO rh_2026 odoo.addons.base.models.ir_module: ALLOW access to module.update_list on [] to user admin@admin.com #2 via 172.22.0.1 
2026-08-14 15:23:06,982 1 INFO rh_2026 werkzeug: 172.22.0.1 - - [14/Aug/2026 15:23:06] "POST /web/dataset/call_button/base.module.update/update_module HTTP/1.1" 200 - 2288 0.743 0.369
2026-08-14 15:23:15,585 1 WARNING rh_2026 odoo.addons.base.models.ir_qweb: Found deprecated directive @t-esc="title or 'Odoo'" in template 180. Replace by @t-out 
2026-08-14 15:23:15,587 1 WARNING rh_2026 odoo.addons.base.models.ir_qweb: Found deprecated directive @t-esc='request.csrf_token(None)' in template 180. Replace by @t-out 
2026-08-14 15:23:15,588 1 WARNING rh_2026 odoo.addons.base.models.ir_qweb: Found deprecated directive @t-esc='debug' in template 180. Replace by @t-out 
2026-08-14 15:23:15,593 1 INFO rh_2026 werkzeug: 172.22.0.1 - - [14/Aug/2026 15:23:15] "GET /odoo/apps?debug=1 HTTP/1.1" 200 - 100 0.036 1.048
2026-08-14 15:23:15,664 1 INFO rh_2026 werkzeug: 172.22.0.1 - - [14/Aug/2026 15:23:15] "GET /web/manifest.webmanifest HTTP/1.1" 200 - 11 0.004 0.005
2026-08-14 15:23:15,814 1 INFO rh_2026 werkzeug: 172.22.0.1 - - [14/Aug/2026 15:23:15] "POST /web/action/load HTTP/1.1" 200 - 11 0.011 0.013
2026-08-14 15:23:15,835 1 INFO rh_2026 werkzeug: 172.22.0.1 - - [14/Aug/2026 15:23:15] "GET /web/image?model=res.users&field=avatar_128&id=2 HTTP/1.1" 304 - 20 0.020 0.026
2026-08-14 15:23:15,919 1 INFO rh_2026 werkzeug: 172.22.0.1 - - [14/Aug/2026 15:23:15] "POST /mail/data HTTP/1.1" 200 - 63 0.065 0.055
2026-08-14 15:23:15,946 1 INFO rh_2026 werkzeug: 172.22.0.1 - - [14/Aug/2026 15:23:15] "POST /web/dataset/call_kw/ir.module.module/get_views HTTP/1.1" 200 - 58 0.035 0.083
2026-08-14 15:23:15,961 1 INFO rh_2026 werkzeug: 172.22.0.1 - - [14/Aug/2026 15:23:15] "POST /web/dataset/call_kw/ir.module.module/search_panel_select_range HTTP/1.1" 200 - 1 0.001 0.006
2026-08-14 15:23:16,026 1 INFO rh_2026 werkzeug: 172.22.0.1 - - [14/Aug/2026 15:23:16] "POST /web/dataset/call_kw/ir.module.module/search_panel_select_range HTTP/1.1" 200 - 70 0.046 0.023
2026-08-14 15:23:16,040 1 INFO rh_2026 werkzeug: 172.22.0.1 - - [14/Aug/2026 15:23:16] "POST /web/dataset/call_kw/ir.module.module/web_search_read HTTP/1.1" 200 - 6 0.006 0.076
2026-08-14 15:23:16,559 1 INFO rh_2026 werkzeug: 172.22.0.1 - - [14/Aug/2026 15:23:16] "GET /web/service-worker.js HTTP/1.1" 200 - 1 0.001 0.004
2026-08-14 15:23:19,994 1 INFO rh_2026 werkzeug: 172.22.0.1 - - [14/Aug/2026 15:23:19] "POST /web/dataset/call_kw/ir.module.module/search_panel_select_range HTTP/1.1" 200 - 69 0.027 0.020
2026-08-14 15:23:20,008 1 INFO rh_2026 werkzeug: 172.22.0.1 - - [14/Aug/2026 15:23:20] "POST /web/dataset/call_kw/ir.module.module/web_search_read HTTP/1.1" 200 - 6 0.003 0.004
2026-08-14 15:23:22,379 1 INFO rh_2026 odoo.addons.base.models.ir_module: ALLOW access to module.button_immediate_install on ['Gestion recrutement'] to user admin@admin.com #2 via 172.22.0.1 
2026-08-14 15:23:22,380 1 INFO rh_2026 odoo.addons.base.models.ir_module: User #2 triggered module installation 
2026-08-14 15:23:22,382 1 INFO rh_2026 odoo.addons.base.models.ir_module: ALLOW access to module.button_install on ['Gestion recrutement'] to user admin@admin.com #2 via 172.22.0.1 
2026-08-14 15:23:22,457 1 INFO rh_2026 odoo.modules.loading: loading 1 modules... 
2026-08-14 15:23:22,465 1 INFO rh_2026 odoo.modules.loading: 1 modules loaded in 0.01s, 0 queries (+0 extra) 
2026-08-14 15:23:22,489 1 INFO rh_2026 odoo.modules.loading: updating modules list 
2026-08-14 15:23:22,490 1 INFO rh_2026 odoo.addons.base.models.ir_module: ALLOW access to module.update_list on [] to user __system__ #1 via 172.22.0.1 
2026-08-14 15:23:23,365 1 INFO rh_2026 odoo.modules.loading: loading 42 modules... 
2026-08-14 15:23:23,397 1 INFO rh_2026 odoo.modules.loading: 42 modules loaded in 0.03s, 0 queries (+0 extra) 
2026-08-14 15:23:23,399 1 INFO rh_2026 odoo.modules.loading: loading 43 modules... 
2026-08-14 15:23:23,399 1 INFO rh_2026 odoo.modules.loading: Loading module recrutement (43/43) 
2026-08-14 15:23:23,500 1 WARNING rh_2026 py.warnings: /usr/lib/python3/dist-packages/odoo/api.py:484: DeprecationWarning: The model odoo.addons.recrutement.models.recruitment_planning_header is not overriding the create method in batch
  File "/usr/lib/python3.12/threading.py", line 1030, in _bootstrap
    self._bootstrap_inner()
  File "/usr/lib/python3.12/threading.py", line 1073, in _bootstrap_inner
    self.run()
  File "/usr/lib/python3.12/threading.py", line 1010, in run
    self._target(*self._args, **self._kwargs)
  File "/usr/lib/python3.12/socketserver.py", line 692, in process_request_thread
    self.finish_request(request, client_address)
  File "/usr/lib/python3.12/socketserver.py", line 362, in finish_request
    self.RequestHandlerClass(request, client_address, self)
  File "/usr/lib/python3/dist-packages/odoo/service/server.py", line 128, in __init__
    super().__init__(*args, **kwargs)
  File "/usr/lib/python3.12/socketserver.py", line 761, in __init__
    self.handle()
  File "/usr/lib/python3/dist-packages/werkzeug/serving.py", line 390, in handle
    super().handle()
  File "/usr/lib/python3.12/http/server.py", line 436, in handle
    self.handle_one_request()
  File "/usr/lib/python3.12/http/server.py", line 424, in handle_one_request
    method()
  File "/usr/lib/python3/dist-packages/werkzeug/serving.py", line 362, in run_wsgi
    execute(self.server.app)
  File "/usr/lib/python3/dist-packages/werkzeug/serving.py", line 323, in execute
    application_iter = app(environ, start_response)
  File "/usr/lib/python3/dist-packages/odoo/http.py", line 2576, in __call__
    response = request._serve_db()
  File "/usr/lib/python3/dist-packages/odoo/http.py", line 2103, in _serve_db
    return self._transactioning(
  File "/usr/lib/python3/dist-packages/odoo/http.py", line 2166, in _transactioning
    return service_model.retrying(func, env=self.env)
  File "/usr/lib/python3/dist-packages/odoo/service/model.py", line 156, in retrying
    result = func()
  File "/usr/lib/python3/dist-packages/odoo/http.py", line 2133, in _serve_ir_http
    response = self.dispatcher.dispatch(rule.endpoint, args)
  File "/usr/lib/python3/dist-packages/odoo/http.py", line 2381, in dispatch
    result = self.request.registry['ir.http']._dispatch(endpoint)
  File "/usr/lib/python3/dist-packages/odoo/addons/base/models/ir_http.py", line 333, in _dispatch
    result = endpoint(**request.params)
  File "/usr/lib/python3/dist-packages/odoo/http.py", line 754, in route_wrapper
    result = endpoint(self, *args, **params_ok)
  File "/usr/lib/python3/dist-packages/odoo/addons/web/controllers/dataset.py", line 42, in call_button
    action = call_kw(request.env[model], method, args, kwargs)
  File "/usr/lib/python3/dist-packages/odoo/api.py", line 535, in call_kw
    result = getattr(recs, name)(*args, **kwargs)
  File "/usr/lib/python3/dist-packages/decorator.py", line 232, in fun
    return caller(func, *(extras + args), **kw)
  File "/usr/lib/python3/dist-packages/odoo/addons/base/models/ir_module.py", line 77, in check_and_log
    return method(self, *args, **kwargs)
  File "/usr/lib/python3/dist-packages/odoo/addons/base/models/ir_module.py", line 500, in button_immediate_install
    return self._button_immediate_function(self.env.registry[self._name].button_install)
  File "/usr/lib/python3/dist-packages/odoo/addons/base/models/ir_module.py", line 624, in _button_immediate_function
    registry = modules.registry.Registry.new(self._cr.dbname, update_module=True)
  File "/usr/lib/python3/dist-packages/decorator.py", line 232, in fun
    return caller(func, *(extras + args), **kw)
  File "/usr/lib/python3/dist-packages/odoo/tools/func.py", line 97, in locked
    return func(inst, *args, **kwargs)
  File "/usr/lib/python3/dist-packages/odoo/modules/registry.py", line 129, in new
    odoo.modules.load_modules(registry, force_demo, status, update_module)
  File "/usr/lib/python3/dist-packages/odoo/modules/loading.py", line 489, in load_modules
    processed_modules += load_marked_modules(env, graph,
  File "/usr/lib/python3/dist-packages/odoo/modules/loading.py", line 365, in load_marked_modules
    loaded, processed = load_module_graph(
  File "/usr/lib/python3/dist-packages/odoo/modules/loading.py", line 186, in load_module_graph
    load_openerp_module(package.name)
  File "/usr/lib/python3/dist-packages/odoo/modules/module.py", line 384, in load_openerp_module
    __import__(qualname)
  File "/mnt/extra-addons/recrutement/__init__.py", line 1, in <module>
    from . import models
  File "/mnt/extra-addons/recrutement/models/__init__.py", line 1, in <module>
    from . import recruitment_planning_header
  File "/mnt/extra-addons/recrutement/models/recruitment_planning_header.py", line 5, in <module>
    class RecruitmentPlanningHeader(models.Model):
  File "/mnt/extra-addons/recrutement/models/recruitment_planning_header.py", line 213, in RecruitmentPlanningHeader
    @api.model
  File "/usr/lib/python3/dist-packages/odoo/api.py", line 431, in model
    return model_create_single(method)
  File "/usr/lib/python3/dist-packages/odoo/api.py", line 484, in model_create_single
    warnings.warn(
 
2026-08-14 15:23:23,627 1 WARNING rh_2026 odoo.fields: Field recruitment.planning.header.state: unknown parameter 'tracking', if this is an actual parameter you may want to override the method _valid_field_parameter on the relevant model in order to allow it 
2026-08-14 15:23:23,640 1 INFO rh_2026 odoo.modules.registry: module recrutement: creating or updating database tables 
2026-08-14 15:23:23,846 1 INFO rh_2026 odoo.modules.loading: loading recrutement/security/security.xml 
2026-08-14 15:23:24,013 1 INFO rh_2026 odoo.modules.loading: loading recrutement/security/ir.model.access.csv 
2026-08-14 15:23:24,040 1 INFO rh_2026 odoo.modules.loading: loading recrutement/data/sequences.xml 
2026-08-14 15:23:24,055 1 INFO rh_2026 odoo.modules.loading: loading recrutement/views/recrutment_planning_header_views.xml 
2026-08-14 15:23:24,076 1 WARNING rh_2026 odoo.modules.loading: Transient module states were reset 
2026-08-14 15:23:24,078 1 ERROR rh_2026 odoo.modules.registry: Failed to load registry 
2026-08-14 15:23:24,083 1 INFO rh_2026 odoo.modules.loading: loading 1 modules... 
2026-08-14 15:23:24,090 1 INFO rh_2026 odoo.modules.loading: 1 modules loaded in 0.01s, 0 queries (+0 extra) 
2026-08-14 15:23:24,095 1 INFO rh_2026 odoo.modules.loading: loading 42 modules... 
2026-08-14 15:23:24,125 1 INFO rh_2026 odoo.modules.loading: 42 modules loaded in 0.03s, 0 queries (+0 extra) 
2026-08-14 15:23:24,214 1 INFO rh_2026 odoo.modules.loading: Modules loaded. 
2026-08-14 15:23:24,217 1 INFO rh_2026 odoo.modules.registry: Registry loaded in 0.138s 
2026-08-14 15:23:24,221 1 ERROR rh_2026 odoo.http: Exception during request handling. 
Traceback (most recent call last):
  File "/usr/lib/python3/dist-packages/odoo/http.py", line 2576, in __call__
    response = request._serve_db()
               ^^^^^^^^^^^^^^^^^^^
  File "/usr/lib/python3/dist-packages/odoo/http.py", line 2103, in _serve_db
    return self._transactioning(
           ^^^^^^^^^^^^^^^^^^^^^
  File "/usr/lib/python3/dist-packages/odoo/http.py", line 2166, in _transactioning
    return service_model.retrying(func, env=self.env)
           ^^^^^^^^^^^^^^^^^^^^^^^^^^^^^^^^^^^^^^^^^^
  File "/usr/lib/python3/dist-packages/odoo/service/model.py", line 156, in retrying
    result = func()
             ^^^^^^
  File "/usr/lib/python3/dist-packages/odoo/http.py", line 2133, in _serve_ir_http
    response = self.dispatcher.dispatch(rule.endpoint, args)
               ^^^^^^^^^^^^^^^^^^^^^^^^^^^^^^^^^^^^^^^^^^^^^
  File "/usr/lib/python3/dist-packages/odoo/http.py", line 2381, in dispatch
    result = self.request.registry['ir.http']._dispatch(endpoint)
             ^^^^^^^^^^^^^^^^^^^^^^^^^^^^^^^^^^^^^^^^^^^^^^^^^^^^
  File "/usr/lib/python3/dist-packages/odoo/addons/base/models/ir_http.py", line 333, in _dispatch
    result = endpoint(**request.params)
             ^^^^^^^^^^^^^^^^^^^^^^^^^^
  File "/usr/lib/python3/dist-packages/odoo/http.py", line 754, in route_wrapper
    result = endpoint(self, *args, **params_ok)
             ^^^^^^^^^^^^^^^^^^^^^^^^^^^^^^^^^^
  File "/usr/lib/python3/dist-packages/odoo/addons/web/controllers/dataset.py", line 42, in call_button
    action = call_kw(request.env[model], method, args, kwargs)
             ^^^^^^^^^^^^^^^^^^^^^^^^^^^^^^^^^^^^^^^^^^^^^^^^^
  File "/usr/lib/python3/dist-packages/odoo/api.py", line 535, in call_kw
    result = getattr(recs, name)(*args, **kwargs)
             ^^^^^^^^^^^^^^^^^^^^^^^^^^^^^^^^^^^^
  File "/usr/lib/python3/dist-packages/decorator.py", line 232, in fun
    return caller(func, *(extras + args), **kw)
           ^^^^^^^^^^^^^^^^^^^^^^^^^^^^^^^^^^^^
  File "/usr/lib/python3/dist-packages/odoo/addons/base/models/ir_module.py", line 77, in check_and_log
    return method(self, *args, **kwargs)
           ^^^^^^^^^^^^^^^^^^^^^^^^^^^^^
  File "/usr/lib/python3/dist-packages/odoo/addons/base/models/ir_module.py", line 500, in button_immediate_install
    return self._button_immediate_function(self.env.registry[self._name].button_install)
           ^^^^^^^^^^^^^^^^^^^^^^^^^^^^^^^^^^^^^^^^^^^^^^^^^^^^^^^^^^^^^^^^^^^^^^^^^^^^^
  File "/usr/lib/python3/dist-packages/odoo/addons/base/models/ir_module.py", line 624, in _button_immediate_function
    registry = modules.registry.Registry.new(self._cr.dbname, update_module=True)
               ^^^^^^^^^^^^^^^^^^^^^^^^^^^^^^^^^^^^^^^^^^^^^^^^^^^^^^^^^^^^^^^^^^
  File "/usr/lib/python3/dist-packages/decorator.py", line 232, in fun
    return caller(func, *(extras + args), **kw)
           ^^^^^^^^^^^^^^^^^^^^^^^^^^^^^^^^^^^^
  File "/usr/lib/python3/dist-packages/odoo/tools/func.py", line 97, in locked
    return func(inst, *args, **kwargs)
           ^^^^^^^^^^^^^^^^^^^^^^^^^^^
  File "/usr/lib/python3/dist-packages/odoo/modules/registry.py", line 129, in new
    odoo.modules.load_modules(registry, force_demo, status, update_module)
  File "/usr/lib/python3/dist-packages/odoo/modules/loading.py", line 489, in load_modules
    processed_modules += load_marked_modules(env, graph,
                         ^^^^^^^^^^^^^^^^^^^^^^^^^^^^^^^
  File "/usr/lib/python3/dist-packages/odoo/modules/loading.py", line 365, in load_marked_modules
    loaded, processed = load_module_graph(
                        ^^^^^^^^^^^^^^^^^^
  File "/usr/lib/python3/dist-packages/odoo/modules/loading.py", line 228, in load_module_graph
    load_data(env, idref, mode, kind='data', package=package)
  File "/usr/lib/python3/dist-packages/odoo/modules/loading.py", line 72, in load_data
    tools.convert_file(env, package.name, filename, idref, mode, noupdate, kind)
  File "/usr/lib/python3/dist-packages/odoo/tools/convert.py", line 662, in convert_file
    convert_xml_import(env, module, fp, idref, mode, noupdate)
  File "/usr/lib/python3/dist-packages/odoo/tools/convert.py", line 733, in convert_xml_import
    obj.parse(doc.getroot())
  File "/usr/lib/python3/dist-packages/odoo/tools/convert.py", line 648, in parse
    self._tag_root(de)
  File "/usr/lib/python3/dist-packages/odoo/tools/convert.py", line 601, in _tag_root
    raise ParseError(msg) from None  # Restart with "--log-handler odoo.tools.convert:DEBUG" for complete traceback
    ^^^^^^^^^^^^^^^^^^^^^^^^^^^^^^^
odoo.tools.convert.ParseError: while parsing /mnt/extra-addons/recrutement/views/recrutment_planning_header_views.xml:10
Error while validating view near:

                <field name="name"/>
                <field name="year"/>
                <field name="entity_id"/>
                <field name="director_id"/>
                <field name="total_planned"/>

Field "entity_id" does not exist in model "recruitment.planning.header"

View error context:
{'file': '/mnt/extra-addons/recrutement/views/recrutment_planning_header_views.xml',
 'line': 6,
 'name': 'recruitment.planning.header.list',
 'view': ir.ui.view(683,),
 'view.model': 'recruitment.planning.header',
 'view.parent': ir.ui.view(),
 'xmlid': 'view_recruitment_planning_header_list'}

2026-08-14 15:23:24,223 1 INFO rh_2026 werkzeug: 172.22.0.1 - - [14/Aug/2026 15:23:24] "POST /web/dataset/call_button/ir.module.module/button_immediate_install HTTP/1.1" 200 - 2158 0.790 1.059
2026-08-14 15:25:42,042 1 INFO ? odoo.service.server: Initiating shutdown 
2026-08-14 15:25:42,043 1 INFO ? odoo.service.server: Hit CTRL-C again or send a second signal to force the shutdown. 
2026-08-14 15:25:42,629 1 INFO ? odoo.sql_db: ConnectionPool(read/write;used=0/count=0/max=64): Closed 5 connections  
2026-08-14 15:25:53,897 1 INFO ? odoo: Odoo version 18.0-20260209 
2026-08-14 15:25:53,898 1 INFO ? odoo: Using configuration file at /etc/odoo/odoo.conf 
2026-08-14 15:25:53,898 1 INFO ? odoo: addons paths: ['/usr/lib/python3/dist-packages/odoo/addons', '/var/lib/odoo/.local/share/Odoo/addons/18.0', '/mnt/extra-addons'] 
2026-08-14 15:25:53,899 1 INFO ? odoo: database: odoo@postgres:5432 
2026-08-14 15:25:54,103 1 INFO ? odoo.addons.base.models.ir_actions_report: Will use the Wkhtmltopdf binary at /usr/local/bin/wkhtmltopdf 
2026-08-14 15:25:54,109 1 INFO ? odoo.addons.base.models.ir_actions_report: Will use the Wkhtmltoimage binary at /usr/local/bin/wkhtmltoimage 
2026-08-14 15:25:54,256 1 INFO ? odoo.service.server: Watching addons folder /usr/lib/python3/dist-packages/odoo/addons 
2026-08-14 15:25:54,256 1 INFO ? odoo.service.server: Watching addons folder /var/lib/odoo/.local/share/Odoo/addons/18.0 
2026-08-14 15:25:54,257 1 INFO ? odoo.service.server: Watching addons folder /mnt/extra-addons 
2026-08-14 15:25:54,683 1 INFO ? odoo.service.server: AutoReload watcher running with watchdog 
2026-08-14 15:25:54,684 1 INFO ? odoo.service.server: HTTP service (werkzeug) running on 466e9e272158:8069 
2026-08-14 15:25:59,102 1 INFO ? odoo.modules.loading: loading 1 modules... 
2026-08-14 15:25:59,110 1 INFO ? odoo.modules.loading: 1 modules loaded in 0.01s, 0 queries (+0 extra) 
2026-08-14 15:25:59,155 1 INFO ? odoo.modules.loading: loading 42 modules... 
2026-08-14 15:25:59,778 1 INFO ? odoo.modules.loading: 42 modules loaded in 0.62s, 0 queries (+0 extra) 
2026-08-14 15:25:59,875 1 INFO ? odoo.modules.loading: Modules loaded. 
2026-08-14 15:25:59,879 1 INFO ? odoo.modules.registry: Registry loaded in 0.799s 
2026-08-14 15:25:59,881 1 INFO rh_2026 odoo.addons.base.models.ir_http: Generating routing map for key None 
2026-08-14 15:25:59,906 1 INFO rh_2026 werkzeug: 172.22.0.1 - - [14/Aug/2026 15:25:59] "GET /websocket?version=18.0-7 HTTP/1.1" 101 - 21 0.016 0.811
2026-08-14 15:25:59,922 1 INFO rh_2026 werkzeug: 172.22.0.1 - - [14/Aug/2026 15:25:59] "POST /bus/has_missed_notifications HTTP/1.1" 200 - 3 0.001 0.003
2026-08-14 15:26:00,244 1 INFO ? odoo.addons.bus.models.bus: Bus.loop listen imbus on db postgres 
2026-08-14 15:26:00,839 1 INFO rh_2026 werkzeug: 172.22.0.1 - - [14/Aug/2026 15:26:00] "GET /websocket?version=18.0-7 HTTP/1.1" 101 - 2 0.001 0.003
2026-08-14 15:26:00,854 1 INFO rh_2026 werkzeug: 172.22.0.1 - - [14/Aug/2026 15:26:00] "POST /bus/has_missed_notifications HTTP/1.1" 200 - 2 0.001 0.003
2026-08-14 15:26:02,516 1 WARNING rh_2026 odoo.addons.base.models.ir_qweb: Found deprecated directive @t-esc="title or 'Odoo'" in template 180. Replace by @t-out 
2026-08-14 15:26:02,517 1 WARNING rh_2026 odoo.addons.base.models.ir_qweb: Found deprecated directive @t-esc='request.csrf_token(None)' in template 180. Replace by @t-out 
2026-08-14 15:26:02,518 1 WARNING rh_2026 odoo.addons.base.models.ir_qweb: Found deprecated directive @t-esc='debug' in template 180. Replace by @t-out 
2026-08-14 15:26:02,523 1 INFO rh_2026 werkzeug: 172.22.0.1 - - [14/Aug/2026 15:26:02] "GET /odoo/apps?debug=1 HTTP/1.1" 200 - 100 0.053 0.986
2026-08-14 15:26:02,641 1 INFO rh_2026 werkzeug: 172.22.0.1 - - [14/Aug/2026 15:26:02] "GET /web/manifest.webmanifest HTTP/1.1" 200 - 11 0.007 0.007
2026-08-14 15:26:02,732 1 INFO rh_2026 werkzeug: 172.22.0.1 - - [14/Aug/2026 15:26:02] "GET /web/image?model=res.users&field=avatar_128&id=2 HTTP/1.1" 304 - 20 0.026 0.017
2026-08-14 15:26:02,794 1 INFO rh_2026 werkzeug: 172.22.0.1 - - [14/Aug/2026 15:26:02] "POST /mail/data HTTP/1.1" 200 - 63 0.063 0.035
2026-08-14 15:26:03,283 1 WARNING ? odoo.modules.module: Missing `license` key in manifest for 'recrutement', defaulting to LGPL-3 
2026-08-14 15:26:03,295 1 INFO rh_2026 werkzeug: 172.22.0.1 - - [14/Aug/2026 15:26:03] "POST /web/action/load HTTP/1.1" 200 - 11 0.005 0.598
2026-08-14 15:26:03,368 1 INFO rh_2026 werkzeug: 172.22.0.1 - - [14/Aug/2026 15:26:03] "POST /web/dataset/call_kw/ir.module.module/get_views HTTP/1.1" 200 - 60 0.022 0.045
2026-08-14 15:26:03,393 1 INFO rh_2026 werkzeug: 172.22.0.1 - - [14/Aug/2026 15:26:03] "POST /web/dataset/call_kw/ir.module.module/search_panel_select_range HTTP/1.1" 200 - 1 0.001 0.017
2026-08-14 15:26:03,448 1 INFO rh_2026 werkzeug: 172.22.0.1 - - [14/Aug/2026 15:26:03] "POST /web/dataset/call_kw/ir.module.module/search_panel_select_range HTTP/1.1" 200 - 70 0.041 0.030
2026-08-14 15:26:03,468 1 INFO rh_2026 werkzeug: 172.22.0.1 - - [14/Aug/2026 15:26:03] "POST /web/dataset/call_kw/ir.module.module/web_search_read HTTP/1.1" 200 - 6 0.007 0.081
2026-08-14 15:26:04,356 1 INFO rh_2026 werkzeug: 172.22.0.1 - - [14/Aug/2026 15:26:04] "GET /web/service-worker.js HTTP/1.1" 200 - 1 0.001 0.005
2026-08-14 15:26:08,210 1 INFO rh_2026 werkzeug: 172.22.0.1 - - [14/Aug/2026 15:26:08] "POST /web/action/load HTTP/1.1" 200 - 9 0.003 0.006
2026-08-14 15:26:08,287 1 INFO rh_2026 werkzeug: 172.22.0.1 - - [14/Aug/2026 15:26:08] "POST /web/dataset/call_kw/res.config.settings/get_views HTTP/1.1" 200 - 29 0.010 0.043
2026-08-14 15:26:08,328 1 INFO rh_2026 werkzeug: 172.22.0.1 - - [14/Aug/2026 15:26:08] "POST /web/dataset/call_kw/res.config.settings/onchange HTTP/1.1" 200 - 67 0.016 0.014
2026-08-14 15:26:08,394 1 INFO rh_2026 werkzeug: 172.22.0.1 - - [14/Aug/2026 15:26:08] "POST /base_setup/demo_active HTTP/1.1" 200 - 3 0.002 0.003
2026-08-14 15:26:08,421 1 INFO rh_2026 werkzeug: 172.22.0.1 - - [14/Aug/2026 15:26:08] "POST /base_setup/data HTTP/1.1" 200 - 6 0.002 0.003
2026-08-14 15:26:14,640 1 INFO rh_2026 werkzeug: 172.22.0.1 - - [14/Aug/2026 15:26:14] "POST /web/action/load HTTP/1.1" 200 - 10 0.007 0.012
2026-08-14 15:26:14,675 1 INFO rh_2026 werkzeug: 172.22.0.1 - - [14/Aug/2026 15:26:14] "POST /web/dataset/call_kw/ir.module.module/search_panel_select_range HTTP/1.1" 200 - 1 0.001 0.006
2026-08-14 15:26:14,723 1 INFO rh_2026 werkzeug: 172.22.0.1 - - [14/Aug/2026 15:26:14] "POST /web/dataset/call_kw/ir.module.module/web_search_read HTTP/1.1" 200 - 6 0.006 0.047
2026-08-14 15:26:14,735 1 INFO rh_2026 werkzeug: 172.22.0.1 - - [14/Aug/2026 15:26:14] "POST /web/dataset/call_kw/ir.module.module/search_panel_select_range HTTP/1.1" 200 - 69 0.045 0.020
2026-08-14 15:26:20,023 1 INFO rh_2026 werkzeug: 172.22.0.1 - - [14/Aug/2026 15:26:20] "POST /web/dataset/call_kw/ir.module.module/search_panel_select_range HTTP/1.1" 200 - 69 0.029 0.020
2026-08-14 15:26:20,036 1 INFO rh_2026 werkzeug: 172.22.0.1 - - [14/Aug/2026 15:26:20] "POST /web/dataset/call_kw/ir.module.module/web_search_read HTTP/1.1" 200 - 6 0.003 0.004
2026-08-14 15:26:21,461 1 INFO rh_2026 odoo.addons.base.models.ir_module: ALLOW access to module.button_immediate_install on ['Gestion recrutement'] to user admin@admin.com #2 via 172.22.0.1 
2026-08-14 15:26:21,462 1 INFO rh_2026 odoo.addons.base.models.ir_module: User #2 triggered module installation 
2026-08-14 15:26:21,463 1 INFO rh_2026 odoo.addons.base.models.ir_module: ALLOW access to module.button_install on ['Gestion recrutement'] to user admin@admin.com #2 via 172.22.0.1 
2026-08-14 15:26:21,541 1 INFO rh_2026 odoo.modules.loading: loading 1 modules... 
2026-08-14 15:26:21,548 1 INFO rh_2026 odoo.modules.loading: 1 modules loaded in 0.01s, 0 queries (+0 extra) 
2026-08-14 15:26:21,573 1 INFO rh_2026 odoo.modules.loading: updating modules list 
2026-08-14 15:26:21,575 1 INFO rh_2026 odoo.addons.base.models.ir_module: ALLOW access to module.update_list on [] to user __system__ #1 via 172.22.0.1 
2026-08-14 15:26:22,395 1 INFO rh_2026 odoo.modules.loading: loading 42 modules... 
2026-08-14 15:26:22,424 1 INFO rh_2026 odoo.modules.loading: 42 modules loaded in 0.03s, 0 queries (+0 extra) 
2026-08-14 15:26:22,426 1 INFO rh_2026 odoo.modules.loading: loading 43 modules... 
2026-08-14 15:26:22,426 1 INFO rh_2026 odoo.modules.loading: Loading module recrutement (43/43) 
2026-08-14 15:26:22,475 1 WARNING rh_2026 py.warnings: /usr/lib/python3/dist-packages/odoo/api.py:484: DeprecationWarning: The model odoo.addons.recrutement.models.recruitment_planning_header is not overriding the create method in batch
  File "/usr/lib/python3.12/threading.py", line 1030, in _bootstrap
    self._bootstrap_inner()
  File "/usr/lib/python3.12/threading.py", line 1073, in _bootstrap_inner
    self.run()
  File "/usr/lib/python3.12/threading.py", line 1010, in run
    self._target(*self._args, **self._kwargs)
  File "/usr/lib/python3.12/socketserver.py", line 692, in process_request_thread
    self.finish_request(request, client_address)
  File "/usr/lib/python3.12/socketserver.py", line 362, in finish_request
    self.RequestHandlerClass(request, client_address, self)
  File "/usr/lib/python3/dist-packages/odoo/service/server.py", line 128, in __init__
    super().__init__(*args, **kwargs)
  File "/usr/lib/python3.12/socketserver.py", line 761, in __init__
    self.handle()
  File "/usr/lib/python3/dist-packages/werkzeug/serving.py", line 390, in handle
    super().handle()
  File "/usr/lib/python3.12/http/server.py", line 436, in handle
    self.handle_one_request()
  File "/usr/lib/python3.12/http/server.py", line 424, in handle_one_request
    method()
  File "/usr/lib/python3/dist-packages/werkzeug/serving.py", line 362, in run_wsgi
    execute(self.server.app)
  File "/usr/lib/python3/dist-packages/werkzeug/serving.py", line 323, in execute
    application_iter = app(environ, start_response)
  File "/usr/lib/python3/dist-packages/odoo/http.py", line 2576, in __call__
    response = request._serve_db()
  File "/usr/lib/python3/dist-packages/odoo/http.py", line 2103, in _serve_db
    return self._transactioning(
  File "/usr/lib/python3/dist-packages/odoo/http.py", line 2166, in _transactioning
    return service_model.retrying(func, env=self.env)
  File "/usr/lib/python3/dist-packages/odoo/service/model.py", line 156, in retrying
    result = func()
  File "/usr/lib/python3/dist-packages/odoo/http.py", line 2133, in _serve_ir_http
    response = self.dispatcher.dispatch(rule.endpoint, args)
  File "/usr/lib/python3/dist-packages/odoo/http.py", line 2381, in dispatch
    result = self.request.registry['ir.http']._dispatch(endpoint)
  File "/usr/lib/python3/dist-packages/odoo/addons/base/models/ir_http.py", line 333, in _dispatch
    result = endpoint(**request.params)
  File "/usr/lib/python3/dist-packages/odoo/http.py", line 754, in route_wrapper
    result = endpoint(self, *args, **params_ok)
  File "/usr/lib/python3/dist-packages/odoo/addons/web/controllers/dataset.py", line 42, in call_button
    action = call_kw(request.env[model], method, args, kwargs)
  File "/usr/lib/python3/dist-packages/odoo/api.py", line 535, in call_kw
    result = getattr(recs, name)(*args, **kwargs)
  File "/usr/lib/python3/dist-packages/decorator.py", line 232, in fun
    return caller(func, *(extras + args), **kw)
  File "/usr/lib/python3/dist-packages/odoo/addons/base/models/ir_module.py", line 77, in check_and_log
    return method(self, *args, **kwargs)
  File "/usr/lib/python3/dist-packages/odoo/addons/base/models/ir_module.py", line 500, in button_immediate_install
    return self._button_immediate_function(self.env.registry[self._name].button_install)
  File "/usr/lib/python3/dist-packages/odoo/addons/base/models/ir_module.py", line 624, in _button_immediate_function
    registry = modules.registry.Registry.new(self._cr.dbname, update_module=True)
  File "/usr/lib/python3/dist-packages/decorator.py", line 232, in fun
    return caller(func, *(extras + args), **kw)
  File "/usr/lib/python3/dist-packages/odoo/tools/func.py", line 97, in locked
    return func(inst, *args, **kwargs)
  File "/usr/lib/python3/dist-packages/odoo/modules/registry.py", line 129, in new
    odoo.modules.load_modules(registry, force_demo, status, update_module)
  File "/usr/lib/python3/dist-packages/odoo/modules/loading.py", line 489, in load_modules
    processed_modules += load_marked_modules(env, graph,
  File "/usr/lib/python3/dist-packages/odoo/modules/loading.py", line 365, in load_marked_modules
    loaded, processed = load_module_graph(
  File "/usr/lib/python3/dist-packages/odoo/modules/loading.py", line 186, in load_module_graph
    load_openerp_module(package.name)
  File "/usr/lib/python3/dist-packages/odoo/modules/module.py", line 384, in load_openerp_module
    __import__(qualname)
  File "/mnt/extra-addons/recrutement/__init__.py", line 1, in <module>
    from . import models
  File "/mnt/extra-addons/recrutement/models/__init__.py", line 1, in <module>
    from . import recruitment_planning_header
  File "/mnt/extra-addons/recrutement/models/recruitment_planning_header.py", line 5, in <module>
    class RecruitmentPlanningHeader(models.Model):
  File "/mnt/extra-addons/recrutement/models/recruitment_planning_header.py", line 213, in RecruitmentPlanningHeader
    @api.model
  File "/usr/lib/python3/dist-packages/odoo/api.py", line 431, in model
    return model_create_single(method)
  File "/usr/lib/python3/dist-packages/odoo/api.py", line 484, in model_create_single
    warnings.warn(
 
2026-08-14 15:26:22,577 1 WARNING rh_2026 odoo.fields: Field recruitment.planning.header.state: unknown parameter 'tracking', if this is an actual parameter you may want to override the method _valid_field_parameter on the relevant model in order to allow it 
2026-08-14 15:26:22,589 1 INFO rh_2026 odoo.modules.registry: module recrutement: creating or updating database tables 
2026-08-14 15:26:22,788 1 INFO rh_2026 odoo.modules.loading: loading recrutement/security/security.xml 
2026-08-14 15:26:22,950 1 INFO rh_2026 odoo.modules.loading: loading recrutement/security/ir.model.access.csv 
2026-08-14 15:26:22,974 1 INFO rh_2026 odoo.modules.loading: loading recrutement/data/sequences.xml 
2026-08-14 15:26:22,987 1 INFO rh_2026 odoo.modules.loading: loading recrutement/views/recrutment_planning_header_views.xml 
2026-08-14 15:26:23,007 1 WARNING rh_2026 odoo.modules.loading: Transient module states were reset 
2026-08-14 15:26:23,017 1 ERROR rh_2026 odoo.modules.registry: Failed to load registry 
2026-08-14 15:26:23,022 1 INFO rh_2026 odoo.modules.loading: loading 1 modules... 
2026-08-14 15:26:23,028 1 INFO rh_2026 odoo.modules.loading: 1 modules loaded in 0.01s, 0 queries (+0 extra) 
2026-08-14 15:26:23,033 1 INFO rh_2026 odoo.modules.loading: loading 42 modules... 
2026-08-14 15:26:23,061 1 INFO rh_2026 odoo.modules.loading: 42 modules loaded in 0.03s, 0 queries (+0 extra) 
2026-08-14 15:26:23,141 1 INFO rh_2026 odoo.modules.loading: Modules loaded. 
2026-08-14 15:26:23,144 1 INFO rh_2026 odoo.modules.registry: Registry loaded in 0.126s 
2026-08-14 15:26:23,146 1 ERROR rh_2026 odoo.http: Exception during request handling. 
Traceback (most recent call last):
  File "/usr/lib/python3/dist-packages/odoo/http.py", line 2576, in __call__
    response = request._serve_db()
               ^^^^^^^^^^^^^^^^^^^
  File "/usr/lib/python3/dist-packages/odoo/http.py", line 2103, in _serve_db
    return self._transactioning(
           ^^^^^^^^^^^^^^^^^^^^^
  File "/usr/lib/python3/dist-packages/odoo/http.py", line 2166, in _transactioning
    return service_model.retrying(func, env=self.env)
           ^^^^^^^^^^^^^^^^^^^^^^^^^^^^^^^^^^^^^^^^^^
  File "/usr/lib/python3/dist-packages/odoo/service/model.py", line 156, in retrying
    result = func()
             ^^^^^^
  File "/usr/lib/python3/dist-packages/odoo/http.py", line 2133, in _serve_ir_http
    response = self.dispatcher.dispatch(rule.endpoint, args)
               ^^^^^^^^^^^^^^^^^^^^^^^^^^^^^^^^^^^^^^^^^^^^^
  File "/usr/lib/python3/dist-packages/odoo/http.py", line 2381, in dispatch
    result = self.request.registry['ir.http']._dispatch(endpoint)
             ^^^^^^^^^^^^^^^^^^^^^^^^^^^^^^^^^^^^^^^^^^^^^^^^^^^^
  File "/usr/lib/python3/dist-packages/odoo/addons/base/models/ir_http.py", line 333, in _dispatch
    result = endpoint(**request.params)
             ^^^^^^^^^^^^^^^^^^^^^^^^^^
  File "/usr/lib/python3/dist-packages/odoo/http.py", line 754, in route_wrapper
    result = endpoint(self, *args, **params_ok)
             ^^^^^^^^^^^^^^^^^^^^^^^^^^^^^^^^^^
  File "/usr/lib/python3/dist-packages/odoo/addons/web/controllers/dataset.py", line 42, in call_button
    action = call_kw(request.env[model], method, args, kwargs)
             ^^^^^^^^^^^^^^^^^^^^^^^^^^^^^^^^^^^^^^^^^^^^^^^^^
  File "/usr/lib/python3/dist-packages/odoo/api.py", line 535, in call_kw
    result = getattr(recs, name)(*args, **kwargs)
             ^^^^^^^^^^^^^^^^^^^^^^^^^^^^^^^^^^^^
  File "/usr/lib/python3/dist-packages/decorator.py", line 232, in fun
    return caller(func, *(extras + args), **kw)
           ^^^^^^^^^^^^^^^^^^^^^^^^^^^^^^^^^^^^
  File "/usr/lib/python3/dist-packages/odoo/addons/base/models/ir_module.py", line 77, in check_and_log
    return method(self, *args, **kwargs)
           ^^^^^^^^^^^^^^^^^^^^^^^^^^^^^
  File "/usr/lib/python3/dist-packages/odoo/addons/base/models/ir_module.py", line 500, in button_immediate_install
    return self._button_immediate_function(self.env.registry[self._name].button_install)
           ^^^^^^^^^^^^^^^^^^^^^^^^^^^^^^^^^^^^^^^^^^^^^^^^^^^^^^^^^^^^^^^^^^^^^^^^^^^^^
  File "/usr/lib/python3/dist-packages/odoo/addons/base/models/ir_module.py", line 624, in _button_immediate_function
    registry = modules.registry.Registry.new(self._cr.dbname, update_module=True)
               ^^^^^^^^^^^^^^^^^^^^^^^^^^^^^^^^^^^^^^^^^^^^^^^^^^^^^^^^^^^^^^^^^^
  File "/usr/lib/python3/dist-packages/decorator.py", line 232, in fun
    return caller(func, *(extras + args), **kw)
           ^^^^^^^^^^^^^^^^^^^^^^^^^^^^^^^^^^^^
  File "/usr/lib/python3/dist-packages/odoo/tools/func.py", line 97, in locked
    return func(inst, *args, **kwargs)
           ^^^^^^^^^^^^^^^^^^^^^^^^^^^
  File "/usr/lib/python3/dist-packages/odoo/modules/registry.py", line 129, in new
    odoo.modules.load_modules(registry, force_demo, status, update_module)
  File "/usr/lib/python3/dist-packages/odoo/modules/loading.py", line 489, in load_modules
    processed_modules += load_marked_modules(env, graph,
                         ^^^^^^^^^^^^^^^^^^^^^^^^^^^^^^^
  File "/usr/lib/python3/dist-packages/odoo/modules/loading.py", line 365, in load_marked_modules
    loaded, processed = load_module_graph(
                        ^^^^^^^^^^^^^^^^^^
  File "/usr/lib/python3/dist-packages/odoo/modules/loading.py", line 228, in load_module_graph
    load_data(env, idref, mode, kind='data', package=package)
  File "/usr/lib/python3/dist-packages/odoo/modules/loading.py", line 72, in load_data
    tools.convert_file(env, package.name, filename, idref, mode, noupdate, kind)
  File "/usr/lib/python3/dist-packages/odoo/tools/convert.py", line 662, in convert_file
    convert_xml_import(env, module, fp, idref, mode, noupdate)
  File "/usr/lib/python3/dist-packages/odoo/tools/convert.py", line 733, in convert_xml_import
    obj.parse(doc.getroot())
  File "/usr/lib/python3/dist-packages/odoo/tools/convert.py", line 648, in parse
    self._tag_root(de)
  File "/usr/lib/python3/dist-packages/odoo/tools/convert.py", line 601, in _tag_root
    raise ParseError(msg) from None  # Restart with "--log-handler odoo.tools.convert:DEBUG" for complete traceback
    ^^^^^^^^^^^^^^^^^^^^^^^^^^^^^^^
odoo.tools.convert.ParseError: while parsing /mnt/extra-addons/recrutement/views/recrutment_planning_header_views.xml:10
Error while validating view near:

                <field name="name"/>
                <field name="year"/>
                <field name="entity_id"/>
                <field name="director_id"/>
                <field name="total_planned"/>

Field "entity_id" does not exist in model "recruitment.planning.header"

View error context:
{'file': '/mnt/extra-addons/recrutement/views/recrutment_planning_header_views.xml',
 'line': 6,
 'name': 'recruitment.planning.header.list',
 'view': ir.ui.view(684,),
 'view.model': 'recruitment.planning.header',
 'view.parent': ir.ui.view(),
 'xmlid': 'view_recruitment_planning_header_list'}

2026-08-14 15:26:23,148 1 INFO rh_2026 werkzeug: 172.22.0.1 - - [14/Aug/2026 15:26:23] "POST /web/dataset/call_button/ir.module.module/button_immediate_install HTTP/1.1" 200 - 2160 0.748 0.944
2026-08-14 15:29:46,842 1 INFO ? odoo.service.server: Initiating shutdown 
2026-08-14 15:29:46,844 1 INFO ? odoo.service.server: Hit CTRL-C again or send a second signal to force the shutdown. 
2026-08-14 15:29:47,342 1 INFO ? odoo.sql_db: ConnectionPool(read/write;used=0/count=0/max=64): Closed 5 connections  
2026-08-14 15:30:00,791 1 INFO ? odoo: Odoo version 18.0-20260209 
2026-08-14 15:30:00,792 1 INFO ? odoo: Using configuration file at /etc/odoo/odoo.conf 
2026-08-14 15:30:00,793 1 INFO ? odoo: addons paths: ['/usr/lib/python3/dist-packages/odoo/addons', '/var/lib/odoo/.local/share/Odoo/addons/18.0', '/mnt/extra-addons'] 
2026-08-14 15:30:00,793 1 INFO ? odoo: database: odoo@postgres:5432 
2026-08-14 15:30:01,008 1 INFO ? odoo.addons.base.models.ir_actions_report: Will use the Wkhtmltopdf binary at /usr/local/bin/wkhtmltopdf 
2026-08-14 15:30:01,017 1 INFO ? odoo.addons.base.models.ir_actions_report: Will use the Wkhtmltoimage binary at /usr/local/bin/wkhtmltoimage 
2026-08-14 15:30:01,176 1 INFO ? odoo.service.server: Watching addons folder /usr/lib/python3/dist-packages/odoo/addons 
2026-08-14 15:30:01,176 1 INFO ? odoo.service.server: Watching addons folder /var/lib/odoo/.local/share/Odoo/addons/18.0 
2026-08-14 15:30:01,177 1 INFO ? odoo.service.server: Watching addons folder /mnt/extra-addons 
2026-08-14 15:30:01,611 1 INFO ? odoo.service.server: AutoReload watcher running with watchdog 
2026-08-14 15:30:01,634 1 INFO ? odoo.service.server: HTTP service (werkzeug) running on 836dace86372:8069 
2026-08-14 15:30:03,003 1 INFO ? odoo.modules.loading: loading 1 modules... 
2026-08-14 15:30:03,011 1 INFO ? odoo.modules.loading: 1 modules loaded in 0.01s, 0 queries (+0 extra) 
2026-08-14 15:30:03,060 1 INFO ? odoo.modules.loading: loading 42 modules... 
2026-08-14 15:30:03,766 1 INFO ? odoo.modules.loading: 42 modules loaded in 0.70s, 0 queries (+0 extra) 
2026-08-14 15:30:03,859 1 INFO ? odoo.modules.loading: Modules loaded. 
2026-08-14 15:30:03,862 1 INFO ? odoo.modules.registry: Registry loaded in 0.892s 
2026-08-14 15:30:03,864 1 INFO rh_2026 odoo.addons.base.models.ir_http: Generating routing map for key None 
2026-08-14 15:30:03,889 1 INFO rh_2026 werkzeug: 172.22.0.1 - - [14/Aug/2026 15:30:03] "GET /websocket?version=18.0-7 HTTP/1.1" 101 - 21 0.021 0.898
2026-08-14 15:30:03,906 1 INFO rh_2026 werkzeug: 172.22.0.1 - - [14/Aug/2026 15:30:03] "POST /bus/has_missed_notifications HTTP/1.1" 200 - 3 0.001 0.002
2026-08-14 15:30:04,229 1 INFO ? odoo.addons.bus.models.bus: Bus.loop listen imbus on db postgres 
2026-08-14 15:30:10,360 1 INFO rh_2026 werkzeug: 172.22.0.1 - - [14/Aug/2026 15:30:10] "GET /websocket?version=18.0-7 HTTP/1.1" 101 - 2 0.003 0.010
2026-08-14 15:30:10,382 1 INFO rh_2026 werkzeug: 172.22.0.1 - - [14/Aug/2026 15:30:10] "POST /bus/has_missed_notifications HTTP/1.1" 200 - 2 0.001 0.003
2026-08-14 15:30:13,488 1 WARNING rh_2026 odoo.addons.base.models.ir_qweb: Found deprecated directive @t-esc="title or 'Odoo'" in template 180. Replace by @t-out 
2026-08-14 15:30:13,489 1 WARNING rh_2026 odoo.addons.base.models.ir_qweb: Found deprecated directive @t-esc='request.csrf_token(None)' in template 180. Replace by @t-out 
2026-08-14 15:30:13,490 1 WARNING rh_2026 odoo.addons.base.models.ir_qweb: Found deprecated directive @t-esc='debug' in template 180. Replace by @t-out 
2026-08-14 15:30:13,494 1 INFO rh_2026 werkzeug: 172.22.0.1 - - [14/Aug/2026 15:30:13] "GET /odoo/apps?debug=1 HTTP/1.1" 200 - 100 0.040 0.992
2026-08-14 15:30:13,566 1 INFO rh_2026 werkzeug: 172.22.0.1 - - [14/Aug/2026 15:30:13] "GET /web/manifest.webmanifest HTTP/1.1" 200 - 11 0.005 0.005
2026-08-14 15:30:13,727 1 INFO rh_2026 werkzeug: 172.22.0.1 - - [14/Aug/2026 15:30:13] "GET /web/image?model=res.users&field=avatar_128&id=2 HTTP/1.1" 304 - 20 0.028 0.018
2026-08-14 15:30:13,806 1 INFO rh_2026 werkzeug: 172.22.0.1 - - [14/Aug/2026 15:30:13] "POST /mail/data HTTP/1.1" 200 - 63 0.059 0.059
2026-08-14 15:30:14,298 1 WARNING ? odoo.modules.module: Missing `license` key in manifest for 'recrutement', defaulting to LGPL-3 
2026-08-14 15:30:14,309 1 INFO rh_2026 werkzeug: 172.22.0.1 - - [14/Aug/2026 15:30:14] "POST /web/action/load HTTP/1.1" 200 - 11 0.005 0.621
2026-08-14 15:30:14,384 1 INFO rh_2026 werkzeug: 172.22.0.1 - - [14/Aug/2026 15:30:14] "POST /web/dataset/call_kw/ir.module.module/get_views HTTP/1.1" 200 - 60 0.022 0.045
2026-08-14 15:30:14,401 1 INFO rh_2026 werkzeug: 172.22.0.1 - - [14/Aug/2026 15:30:14] "POST /web/dataset/call_kw/ir.module.module/search_panel_select_range HTTP/1.1" 200 - 1 0.001 0.006
2026-08-14 15:30:14,455 1 INFO rh_2026 werkzeug: 172.22.0.1 - - [14/Aug/2026 15:30:14] "POST /web/dataset/call_kw/ir.module.module/search_panel_select_range HTTP/1.1" 200 - 70 0.043 0.017
2026-08-14 15:30:14,469 1 INFO rh_2026 werkzeug: 172.22.0.1 - - [14/Aug/2026 15:30:14] "POST /web/dataset/call_kw/ir.module.module/web_search_read HTTP/1.1" 200 - 6 0.007 0.061
2026-08-14 15:30:14,044 1 INFO rh_2026 werkzeug: 172.22.0.1 - - [14/Aug/2026 15:30:14] "GET /web/service-worker.js HTTP/1.1" 200 - 1 0.000 0.002
2026-08-14 15:30:21,905 1 INFO rh_2026 werkzeug: 172.22.0.1 - - [14/Aug/2026 15:30:21] "POST /web/dataset/call_kw/ir.module.module/search_panel_select_range HTTP/1.1" 200 - 69 0.034 0.024
2026-08-14 15:30:21,919 1 INFO rh_2026 werkzeug: 172.22.0.1 - - [14/Aug/2026 15:30:21] "POST /web/dataset/call_kw/ir.module.module/web_search_read HTTP/1.1" 200 - 6 0.003 0.005
2026-08-14 15:30:25,480 1 INFO rh_2026 odoo.addons.base.models.ir_module: ALLOW access to module.button_immediate_install on ['Gestion recrutement'] to user admin@admin.com #2 via 172.22.0.1 
2026-08-14 15:30:25,481 1 INFO rh_2026 odoo.addons.base.models.ir_module: User #2 triggered module installation 
2026-08-14 15:30:25,483 1 INFO rh_2026 odoo.addons.base.models.ir_module: ALLOW access to module.button_install on ['Gestion recrutement'] to user admin@admin.com #2 via 172.22.0.1 
2026-08-14 15:30:25,558 1 INFO rh_2026 odoo.modules.loading: loading 1 modules... 
2026-08-14 15:30:25,565 1 INFO rh_2026 odoo.modules.loading: 1 modules loaded in 0.01s, 0 queries (+0 extra) 
2026-08-14 15:30:25,588 1 INFO rh_2026 odoo.modules.loading: updating modules list 
2026-08-14 15:30:25,590 1 INFO rh_2026 odoo.addons.base.models.ir_module: ALLOW access to module.update_list on [] to user __system__ #1 via 172.22.0.1 
2026-08-14 15:30:26,442 1 INFO rh_2026 odoo.modules.loading: loading 42 modules... 
2026-08-14 15:30:26,471 1 INFO rh_2026 odoo.modules.loading: 42 modules loaded in 0.03s, 0 queries (+0 extra) 
2026-08-14 15:30:26,473 1 INFO rh_2026 odoo.modules.loading: loading 43 modules... 
2026-08-14 15:30:26,473 1 INFO rh_2026 odoo.modules.loading: Loading module recrutement (43/43) 
2026-08-14 15:30:26,518 1 WARNING rh_2026 py.warnings: /usr/lib/python3/dist-packages/odoo/api.py:484: DeprecationWarning: The model odoo.addons.recrutement.models.recruitment_planning_header is not overriding the create method in batch
  File "/usr/lib/python3.12/threading.py", line 1030, in _bootstrap
    self._bootstrap_inner()
  File "/usr/lib/python3.12/threading.py", line 1073, in _bootstrap_inner
    self.run()
  File "/usr/lib/python3.12/threading.py", line 1010, in run
    self._target(*self._args, **self._kwargs)
  File "/usr/lib/python3.12/socketserver.py", line 692, in process_request_thread
    self.finish_request(request, client_address)
  File "/usr/lib/python3.12/socketserver.py", line 362, in finish_request
    self.RequestHandlerClass(request, client_address, self)
  File "/usr/lib/python3/dist-packages/odoo/service/server.py", line 128, in __init__
    super().__init__(*args, **kwargs)
  File "/usr/lib/python3.12/socketserver.py", line 761, in __init__
    self.handle()
  File "/usr/lib/python3/dist-packages/werkzeug/serving.py", line 390, in handle
    super().handle()
  File "/usr/lib/python3.12/http/server.py", line 436, in handle
    self.handle_one_request()
  File "/usr/lib/python3.12/http/server.py", line 424, in handle_one_request
    method()
  File "/usr/lib/python3/dist-packages/werkzeug/serving.py", line 362, in run_wsgi
    execute(self.server.app)
  File "/usr/lib/python3/dist-packages/werkzeug/serving.py", line 323, in execute
    application_iter = app(environ, start_response)
  File "/usr/lib/python3/dist-packages/odoo/http.py", line 2576, in __call__
    response = request._serve_db()
  File "/usr/lib/python3/dist-packages/odoo/http.py", line 2103, in _serve_db
    return self._transactioning(
  File "/usr/lib/python3/dist-packages/odoo/http.py", line 2166, in _transactioning
    return service_model.retrying(func, env=self.env)
  File "/usr/lib/python3/dist-packages/odoo/service/model.py", line 156, in retrying
    result = func()
  File "/usr/lib/python3/dist-packages/odoo/http.py", line 2133, in _serve_ir_http
    response = self.dispatcher.dispatch(rule.endpoint, args)
  File "/usr/lib/python3/dist-packages/odoo/http.py", line 2381, in dispatch
    result = self.request.registry['ir.http']._dispatch(endpoint)
  File "/usr/lib/python3/dist-packages/odoo/addons/base/models/ir_http.py", line 333, in _dispatch
    result = endpoint(**request.params)
  File "/usr/lib/python3/dist-packages/odoo/http.py", line 754, in route_wrapper
    result = endpoint(self, *args, **params_ok)
  File "/usr/lib/python3/dist-packages/odoo/addons/web/controllers/dataset.py", line 42, in call_button
    action = call_kw(request.env[model], method, args, kwargs)
  File "/usr/lib/python3/dist-packages/odoo/api.py", line 535, in call_kw
    result = getattr(recs, name)(*args, **kwargs)
  File "/usr/lib/python3/dist-packages/decorator.py", line 232, in fun
    return caller(func, *(extras + args), **kw)
  File "/usr/lib/python3/dist-packages/odoo/addons/base/models/ir_module.py", line 77, in check_and_log
    return method(self, *args, **kwargs)
  File "/usr/lib/python3/dist-packages/odoo/addons/base/models/ir_module.py", line 500, in button_immediate_install
    return self._button_immediate_function(self.env.registry[self._name].button_install)
  File "/usr/lib/python3/dist-packages/odoo/addons/base/models/ir_module.py", line 624, in _button_immediate_function
    registry = modules.registry.Registry.new(self._cr.dbname, update_module=True)
  File "/usr/lib/python3/dist-packages/decorator.py", line 232, in fun
    return caller(func, *(extras + args), **kw)
  File "/usr/lib/python3/dist-packages/odoo/tools/func.py", line 97, in locked
    return func(inst, *args, **kwargs)
  File "/usr/lib/python3/dist-packages/odoo/modules/registry.py", line 129, in new
    odoo.modules.load_modules(registry, force_demo, status, update_module)
  File "/usr/lib/python3/dist-packages/odoo/modules/loading.py", line 489, in load_modules
    processed_modules += load_marked_modules(env, graph,
  File "/usr/lib/python3/dist-packages/odoo/modules/loading.py", line 365, in load_marked_modules
    loaded, processed = load_module_graph(
  File "/usr/lib/python3/dist-packages/odoo/modules/loading.py", line 186, in load_module_graph
    load_openerp_module(package.name)
  File "/usr/lib/python3/dist-packages/odoo/modules/module.py", line 384, in load_openerp_module
    __import__(qualname)
  File "/mnt/extra-addons/recrutement/__init__.py", line 1, in <module>
    from . import models
  File "/mnt/extra-addons/recrutement/models/__init__.py", line 1, in <module>
    from . import recruitment_planning_header
  File "/mnt/extra-addons/recrutement/models/recruitment_planning_header.py", line 5, in <module>
    class RecruitmentPlanningHeader(models.Model):
  File "/mnt/extra-addons/recrutement/models/recruitment_planning_header.py", line 213, in RecruitmentPlanningHeader
    @api.model
  File "/usr/lib/python3/dist-packages/odoo/api.py", line 431, in model
    return model_create_single(method)
  File "/usr/lib/python3/dist-packages/odoo/api.py", line 484, in model_create_single
    warnings.warn(
 
2026-08-14 15:30:26,618 1 WARNING rh_2026 odoo.fields: Field recruitment.planning.header.state: unknown parameter 'tracking', if this is an actual parameter you may want to override the method _valid_field_parameter on the relevant model in order to allow it 
2026-08-14 15:30:26,630 1 INFO rh_2026 odoo.modules.registry: module recrutement: creating or updating database tables 
2026-08-14 15:30:26,830 1 INFO rh_2026 odoo.modules.loading: loading recrutement/security/security.xml 
2026-08-14 15:30:27,011 1 INFO rh_2026 odoo.modules.loading: loading recrutement/security/ir.model.access.csv 
2026-08-14 15:30:27,034 1 INFO rh_2026 odoo.modules.loading: loading recrutement/data/sequences.xml 
2026-08-14 15:30:27,045 1 INFO rh_2026 odoo.modules.loading: loading recrutement/views/recrutment_planning_header_views.xml 
2026-08-14 15:30:27,085 1 INFO rh_2026 odoo.modules.loading: loading recrutement/views/recrutment_direction_views.xml 
2026-08-14 15:30:27,109 1 INFO rh_2026 odoo.modules.loading: loading recrutement/views/recrutment_project_views.xml 
2026-08-14 15:30:27,132 1 INFO rh_2026 odoo.modules.loading: loading recrutement/views/recrutment_menu.xml 
2026-08-14 15:30:27,188 1 INFO rh_2026 odoo.modules.loading: Module recrutement loaded in 0.71s, 482 queries (+482 other) 
2026-08-14 15:30:27,189 1 INFO rh_2026 odoo.modules.loading: 43 modules loaded in 0.72s, 482 queries (+482 extra) 
2026-08-14 15:30:27,246 1 WARNING rh_2026 odoo.fields: Field recruitment.planning.header.state: unknown parameter 'tracking', if this is an actual parameter you may want to override the method _valid_field_parameter on the relevant model in order to allow it 
2026-08-14 15:30:27,310 1 WARNING rh_2026 odoo.fields: Field recruitment.planning.header.state: unknown parameter 'tracking', if this is an actual parameter you may want to override the method _valid_field_parameter on the relevant model in order to allow it 
2026-08-14 15:30:27,830 1 INFO rh_2026 odoo.modules.loading: Modules loaded. 
2026-08-14 15:30:27,845 1 INFO rh_2026 odoo.modules.registry: Registry changed, signaling through the database 
2026-08-14 15:30:27,847 1 INFO rh_2026 odoo.modules.registry: Registry loaded in 2.302s 
2026-08-14 15:30:27,848 1 INFO rh_2026 odoo.addons.base.models.ir_module: getting next ir.actions.todo() 
2026-08-14 15:30:27,853 1 INFO rh_2026 werkzeug: 172.22.0.1 - - [14/Aug/2026 15:30:27] "POST /web/dataset/call_button/ir.module.module/button_immediate_install HTTP/1.1" 200 - 3111 1.206 1.176
2026-08-14 15:30:27,871 1 INFO rh_2026 odoo.addons.base.models.ir_http: Generating routing map for key None 
2026-08-14 15:30:27,975 1 WARNING rh_2026 odoo.modules.module: Missing `license` key in manifest for 'recrutement', defaulting to LGPL-3 
2026-08-14 15:30:28,224 1 WARNING rh_2026 odoo.addons.base.models.ir_qweb: Found deprecated directive @t-esc="title or 'Odoo'" in template 180. Replace by @t-out 
2026-08-14 15:30:28,225 1 WARNING rh_2026 odoo.addons.base.models.ir_qweb: Found deprecated directive @t-esc='request.csrf_token(None)' in template 180. Replace by @t-out 
2026-08-14 15:30:28,226 1 WARNING rh_2026 odoo.addons.base.models.ir_qweb: Found deprecated directive @t-esc='debug' in template 180. Replace by @t-out 
2026-08-14 15:30:28,231 1 INFO rh_2026 werkzeug: 172.22.0.1 - - [14/Aug/2026 15:30:28] "GET /odoo HTTP/1.1" 200 - 102 0.034 0.328
2026-08-14 15:30:28,323 1 INFO rh_2026 werkzeug: 172.22.0.1 - - [14/Aug/2026 15:30:28] "GET /web/manifest.webmanifest HTTP/1.1" 200 - 11 0.005 0.005
2026-08-14 15:30:28,401 1 INFO rh_2026 werkzeug: 172.22.0.1 - - [14/Aug/2026 15:30:28] "POST /web/action/load HTTP/1.1" 200 - 7 0.004 0.013
2026-08-14 15:30:28,412 1 INFO rh_2026 werkzeug: 172.22.0.1 - - [14/Aug/2026 15:30:28] "GET /web/image?model=res.users&field=avatar_128&id=2 HTTP/1.1" 304 - 21 0.014 0.015
2026-08-14 15:30:28,464 1 INFO rh_2026 werkzeug: 172.22.0.1 - - [14/Aug/2026 15:30:28] "POST /mail/data HTTP/1.1" 200 - 63 0.032 0.044
2026-08-14 15:30:28,537 1 INFO rh_2026 werkzeug: 172.22.0.1 - - [14/Aug/2026 15:30:28] "POST /mail/data HTTP/1.1" 200 - 75 0.033 0.050
2026-08-14 15:30:28,641 1 INFO rh_2026 werkzeug: 172.22.0.1 - - [14/Aug/2026 15:30:28] "POST /mail/inbox/messages HTTP/1.1" 200 - 8 0.013 0.022
2026-08-14 15:30:28,642 1 INFO rh_2026 werkzeug: 172.22.0.1 - - [14/Aug/2026 15:30:28] "GET /web/image/discuss.channel/2/avatar_128?unique=2697c2a73d3ac74a2d2c353cba5282b7105a8da9bdcc7f7ddf9e00f7e060dffd977d4197a8a972635741308472ecec930603be2c4ef40526c57f88ad05114e99 HTTP/1.1" 200 - 11 0.012 0.020
2026-08-14 15:30:28,646 1 INFO rh_2026 werkzeug: 172.22.0.1 - - [14/Aug/2026 15:30:28] "GET /web/image/discuss.channel/1/avatar_128?unique=9d7158e9d9b570f4ee24feb758926fc57541aa033bb1ffbc521adda1915dea6e04cb7348b3f48f689a6c67ffcbba8857d213e6fef5b46c2317f7ec1a59a065e9 HTTP/1.1" 200 - 11 0.012 0.018
2026-08-14 15:30:28,662 1 INFO rh_2026 werkzeug: 172.22.0.1 - - [14/Aug/2026 15:30:28] "GET /web/image/res.partner/2/avatar_128?unique=1786720875000 HTTP/1.1" 200 - 18 0.008 0.033
2026-08-14 15:30:30,252 1 INFO rh_2026 werkzeug: 172.22.0.1 - - [14/Aug/2026 15:30:30] "GET /web/service-worker.js HTTP/1.1" 200 - 1 0.001 0.005
2026-08-14 15:30:37,590 1 INFO rh_2026 werkzeug: 172.22.0.1 - - [14/Aug/2026 15:30:37] "POST /web/action/load HTTP/1.1" 200 - 9 0.003 0.006
2026-08-14 15:30:37,664 1 INFO rh_2026 werkzeug: 172.22.0.1 - - [14/Aug/2026 15:30:37] "POST /web/dataset/call_kw/res.config.settings/get_views HTTP/1.1" 200 - 30 0.012 0.048
2026-08-14 15:30:37,710 1 INFO rh_2026 werkzeug: 172.22.0.1 - - [14/Aug/2026 15:30:37] "POST /web/dataset/call_kw/res.config.settings/onchange HTTP/1.1" 200 - 67 0.017 0.015
2026-08-14 15:30:37,762 1 INFO rh_2026 werkzeug: 172.22.0.1 - - [14/Aug/2026 15:30:37] "POST /base_setup/demo_active HTTP/1.1" 200 - 3 0.002 0.003
2026-08-14 15:30:37,776 1 INFO rh_2026 werkzeug: 172.22.0.1 - - [14/Aug/2026 15:30:37] "POST /base_setup/data HTTP/1.1" 200 - 6 0.002 0.004
2026-08-14 15:30:41,898 1 INFO rh_2026 werkzeug: 172.22.0.1 - - [14/Aug/2026 15:30:41] "POST /web/action/load HTTP/1.1" 200 - 10 0.004 0.007
2026-08-14 15:30:41,990 1 INFO rh_2026 werkzeug: 172.22.0.1 - - [14/Aug/2026 15:30:41] "POST /web/dataset/call_kw/ir.module.module/get_views HTTP/1.1" 200 - 58 0.023 0.053
2026-08-14 15:30:42,005 1 INFO rh_2026 werkzeug: 172.22.0.1 - - [14/Aug/2026 15:30:42] "POST /web/dataset/call_kw/ir.module.module/search_panel_select_range HTTP/1.1" 200 - 1 0.002 0.006
2026-08-14 15:30:42,057 1 INFO rh_2026 werkzeug: 172.22.0.1 - - [14/Aug/2026 15:30:42] "POST /web/dataset/call_kw/ir.module.module/web_search_read HTTP/1.1" 200 - 6 0.004 0.051
2026-08-14 15:30:42,066 1 INFO rh_2026 werkzeug: 172.22.0.1 - - [14/Aug/2026 15:30:42] "POST /web/dataset/call_kw/ir.module.module/search_panel_select_range HTTP/1.1" 200 - 70 0.046 0.021
2026-08-14 15:30:52,548 1 INFO rh_2026 werkzeug: 172.22.0.1 - - [14/Aug/2026 15:30:52] "POST /web/dataset/call_kw/ir.module.module/search_panel_select_range HTTP/1.1" 200 - 69 0.031 0.021
2026-08-14 15:30:52,562 1 INFO rh_2026 werkzeug: 172.22.0.1 - - [14/Aug/2026 15:30:52] "POST /web/dataset/call_kw/ir.module.module/web_search_read HTTP/1.1" 200 - 6 0.003 0.004
2026-08-14 15:30:56,008 1 INFO rh_2026 odoo.addons.base.models.ir_module: ALLOW access to module.button_immediate_upgrade on ['Gestion recrutement'] to user admin@admin.com #2 via 172.22.0.1 
2026-08-14 15:30:56,010 1 INFO rh_2026 odoo.addons.base.models.ir_module: ALLOW access to module.button_upgrade on ['Gestion recrutement'] to user admin@admin.com #2 via 172.22.0.1 
2026-08-14 15:30:56,011 1 INFO rh_2026 odoo.addons.base.models.ir_module: ALLOW access to module.update_list on ['Gestion recrutement'] to user admin@admin.com #2 via 172.22.0.1 
2026-08-14 15:30:56,471 1 INFO rh_2026 odoo.addons.base.models.ir_module: ALLOW access to module.button_install on [] to user admin@admin.com #2 via 172.22.0.1 
2026-08-14 15:30:56,510 1 INFO rh_2026 odoo.modules.loading: loading 1 modules... 
2026-08-14 15:30:56,516 1 INFO rh_2026 odoo.modules.loading: 1 modules loaded in 0.01s, 0 queries (+0 extra) 
2026-08-14 15:30:56,539 1 INFO rh_2026 odoo.modules.loading: updating modules list 
2026-08-14 15:30:56,541 1 INFO rh_2026 odoo.addons.base.models.ir_module: ALLOW access to module.update_list on [] to user __system__ #1 via 172.22.0.1 
2026-08-14 15:30:56,601 1 INFO rh_2026 odoo.modules.loading: loading 43 modules... 
2026-08-14 15:30:56,636 1 INFO rh_2026 odoo.modules.loading: Loading module recrutement (43/43) 
2026-08-14 15:30:56,850 1 WARNING rh_2026 odoo.fields: Field recruitment.planning.header.state: unknown parameter 'tracking', if this is an actual parameter you may want to override the method _valid_field_parameter on the relevant model in order to allow it 
2026-08-14 15:30:56,863 1 INFO rh_2026 odoo.modules.registry: module recrutement: creating or updating database tables 
2026-08-14 15:30:56,935 1 INFO rh_2026 odoo.modules.loading: loading recrutement/security/security.xml 
2026-08-14 15:30:56,993 1 INFO rh_2026 odoo.modules.loading: loading recrutement/security/ir.model.access.csv 
2026-08-14 15:30:57,022 1 INFO rh_2026 odoo.modules.loading: loading recrutement/data/sequences.xml 
2026-08-14 15:30:57,033 1 INFO rh_2026 odoo.modules.loading: loading recrutement/views/recrutment_planning_header_views.xml 
2026-08-14 15:30:57,068 1 INFO rh_2026 odoo.modules.loading: loading recrutement/views/recrutment_direction_views.xml 
2026-08-14 15:30:57,093 1 INFO rh_2026 odoo.modules.loading: loading recrutement/views/recrutment_project_views.xml 
2026-08-14 15:30:57,116 1 INFO rh_2026 odoo.modules.loading: loading recrutement/views/recrutment_menu.xml 
2026-08-14 15:30:57,158 1 INFO rh_2026 odoo.modules.loading: Module recrutement loaded in 0.52s, 276 queries (+276 other) 
2026-08-14 15:30:57,159 1 INFO rh_2026 odoo.modules.loading: 43 modules loaded in 0.56s, 276 queries (+276 extra) 
2026-08-14 15:30:57,214 1 WARNING rh_2026 odoo.fields: Field recruitment.planning.header.state: unknown parameter 'tracking', if this is an actual parameter you may want to override the method _valid_field_parameter on the relevant model in order to allow it 
2026-08-14 15:30:57,280 1 WARNING rh_2026 odoo.fields: Field recruitment.planning.header.state: unknown parameter 'tracking', if this is an actual parameter you may want to override the method _valid_field_parameter on the relevant model in order to allow it 
2026-08-14 15:30:57,786 1 INFO rh_2026 odoo.modules.loading: Modules loaded. 
2026-08-14 15:30:57,793 1 INFO rh_2026 odoo.modules.registry: Registry changed, signaling through the database 
2026-08-14 15:30:57,795 1 INFO rh_2026 odoo.modules.registry: Registry loaded in 1.293s 
2026-08-14 15:30:57,795 1 INFO rh_2026 odoo.addons.base.models.ir_module: getting next ir.actions.todo() 
2026-08-14 15:30:57,800 1 INFO rh_2026 werkzeug: 172.22.0.1 - - [14/Aug/2026 15:30:57] "POST /web/dataset/call_button/ir.module.module/button_immediate_upgrade HTTP/1.1" 200 - 5177 1.110 0.689
2026-08-14 15:30:57,814 1 INFO rh_2026 odoo.addons.base.models.ir_http: Generating routing map for key None 
2026-08-14 15:30:58,800 1 WARNING rh_2026 odoo.addons.base.models.ir_qweb: Found deprecated directive @t-esc="title or 'Odoo'" in template 180. Replace by @t-out 
2026-08-14 15:30:58,801 1 WARNING rh_2026 odoo.addons.base.models.ir_qweb: Found deprecated directive @t-esc='request.csrf_token(None)' in template 180. Replace by @t-out 
2026-08-14 15:30:58,803 1 WARNING rh_2026 odoo.addons.base.models.ir_qweb: Found deprecated directive @t-esc='debug' in template 180. Replace by @t-out 
2026-08-14 15:30:58,808 1 INFO rh_2026 werkzeug: 172.22.0.1 - - [14/Aug/2026 15:30:58] "GET /odoo HTTP/1.1" 200 - 103 0.034 0.961
2026-08-14 15:30:58,956 1 INFO rh_2026 werkzeug: 172.22.0.1 - - [14/Aug/2026 15:30:58] "GET /web/manifest.webmanifest HTTP/1.1" 200 - 11 0.006 0.006
2026-08-14 15:30:59,046 1 INFO rh_2026 werkzeug: 172.22.0.1 - - [14/Aug/2026 15:30:59] "POST /web/action/load HTTP/1.1" 200 - 7 0.010 0.011
2026-08-14 15:30:59,066 1 INFO rh_2026 werkzeug: 172.22.0.1 - - [14/Aug/2026 15:30:59] "GET /web/image?model=res.users&field=avatar_128&id=2 HTTP/1.1" 304 - 21 0.024 0.020
2026-08-14 15:30:59,143 1 INFO rh_2026 werkzeug: 172.22.0.1 - - [14/Aug/2026 15:30:59] "POST /mail/data HTTP/1.1" 200 - 63 0.066 0.047
2026-08-14 15:30:59,202 1 INFO rh_2026 werkzeug: 172.22.0.1 - - [14/Aug/2026 15:30:59] "POST /mail/data HTTP/1.1" 200 - 76 0.047 0.054
2026-08-14 15:30:59,285 1 INFO rh_2026 werkzeug: 172.22.0.1 - - [14/Aug/2026 15:30:59] "POST /mail/inbox/messages HTTP/1.1" 200 - 8 0.004 0.005
2026-08-14 15:31:00,964 1 INFO rh_2026 werkzeug: 172.22.0.1 - - [14/Aug/2026 15:31:00] "GET /web/service-worker.js HTTP/1.1" 200 - 1 0.001 0.003
2026-08-14 15:31:56,152 1 INFO rh_2026 odoo.addons.base.models.ir_cron: Job 'Base: Auto-vacuum internal data' (1) starting 
2026-08-14 15:31:56,205 1 INFO rh_2026 odoo.addons.base.models.ir_attachment: filestore gc 0 checked, 0 removed 
2026-08-14 15:31:56,257 1 INFO rh_2026 odoo.addons.base.models.res_users: GC'd 0 user log entries 
2026-08-14 15:31:56,267 1 INFO rh_2026 odoo.addons.base.models.res_users: GC 'res.users.apikeys' delete 0 entries 
2026-08-14 15:31:56,276 1 INFO rh_2026 odoo.addons.base.models.res_device: GC device logs delete 0 entries 
2026-08-14 15:31:56,278 1 INFO rh_2026 odoo.addons.base.models.res_device: GC device logs delete 0 entries 
2026-08-14 15:31:56,298 1 INFO rh_2026 odoo.addons.base.models.res_users: GC 'auth_totp.device' delete 0 entries 
2026-08-14 15:31:56,406 1 INFO rh_2026 odoo.addons.sms.models.sms_sms: GC'd 0 sms marked for deletion 
2026-08-14 15:31:56,455 1 INFO rh_2026 odoo.addons.base.models.ir_cron: Job 'Base: Auto-vacuum internal data' (1) done in 0.302s 
2026-08-14 15:31:56,459 1 INFO rh_2026 odoo.addons.base.models.ir_cron: Job 'Base: Auto-vacuum internal data' (1) processed 0 records, 0 records remaining 
2026-08-14 15:31:56,463 1 INFO rh_2026 odoo.addons.base.models.ir_cron: Job 'Base: Auto-vacuum internal data' (1) completed 
2026-08-14 15:31:58,089 1 INFO rh_2026 odoo.addons.base.models.ir_cron: Job 'Base: Auto-vacuum internal data' (1) starting 
2026-08-14 15:31:58,136 1 INFO rh_2026 odoo.addons.base.models.ir_attachment: filestore gc 0 checked, 0 removed 
2026-08-14 15:31:58,183 1 INFO rh_2026 odoo.addons.base.models.res_users: GC'd 0 user log entries 
2026-08-14 15:31:58,190 1 INFO rh_2026 odoo.addons.base.models.res_users: GC 'res.users.apikeys' delete 0 entries 
2026-08-14 15:31:58,194 1 INFO rh_2026 odoo.addons.base.models.res_device: GC device logs delete 0 entries 
2026-08-14 15:31:58,197 1 INFO rh_2026 odoo.addons.base.models.res_device: GC device logs delete 0 entries 
2026-08-14 15:31:58,208 1 INFO rh_2026 odoo.addons.base.models.res_users: GC 'auth_totp.device' delete 0 entries 
2026-08-14 15:31:58,292 1 INFO rh_2026 odoo.addons.sms.models.sms_sms: GC'd 0 sms marked for deletion 
2026-08-14 15:31:58,340 1 INFO rh_2026 odoo.addons.base.models.ir_cron: Job 'Base: Auto-vacuum internal data' (1) done in 0.250s 
2026-08-14 15:31:58,346 1 INFO rh_2026 odoo.addons.base.models.ir_cron: Job 'Base: Auto-vacuum internal data' (1) processed 0 records, 0 records remaining 
2026-08-14 15:31:58,349 1 INFO rh_2026 odoo.addons.base.models.ir_cron: Job 'Base: Auto-vacuum internal data' (1) completed 
2026-08-14 15:35:30,383 1 WARNING rh_2026 odoo.addons.base.models.ir_qweb: Found deprecated directive @t-esc="title or 'Odoo'" in template 180. Replace by @t-out 
2026-08-14 15:35:30,385 1 WARNING rh_2026 odoo.addons.base.models.ir_qweb: Found deprecated directive @t-esc='request.csrf_token(None)' in template 180. Replace by @t-out 
2026-08-14 15:35:30,386 1 WARNING rh_2026 odoo.addons.base.models.ir_qweb: Found deprecated directive @t-esc='debug' in template 180. Replace by @t-out 
2026-08-14 15:35:30,390 1 INFO rh_2026 werkzeug: 172.22.0.1 - - [14/Aug/2026 15:35:30] "GET /odoo/discuss HTTP/1.1" 200 - 54 0.017 1.003
2026-08-14 15:35:30,468 1 INFO rh_2026 werkzeug: 172.22.0.1 - - [14/Aug/2026 15:35:30] "GET /web/manifest.webmanifest HTTP/1.1" 200 - 10 0.005 0.005
2026-08-14 15:35:30,618 1 INFO rh_2026 werkzeug: 172.22.0.1 - - [14/Aug/2026 15:35:30] "POST /web/action/load HTTP/1.1" 200 - 7 0.007 0.009
2026-08-14 15:35:30,640 1 INFO rh_2026 werkzeug: 172.22.0.1 - - [14/Aug/2026 15:35:30] "GET /web/image?model=res.users&field=avatar_128&id=2 HTTP/1.1" 304 - 20 0.027 0.017
2026-08-14 15:35:30,694 1 INFO rh_2026 werkzeug: 172.22.0.1 - - [14/Aug/2026 15:35:30] "POST /mail/data HTTP/1.1" 200 - 59 0.042 0.045
2026-08-14 15:35:30,782 1 INFO rh_2026 werkzeug: 172.22.0.1 - - [14/Aug/2026 15:35:30] "POST /mail/data HTTP/1.1" 200 - 74 0.046 0.059
2026-08-14 15:35:30,925 1 INFO rh_2026 werkzeug: 172.22.0.1 - - [14/Aug/2026 15:35:30] "POST /mail/inbox/messages HTTP/1.1" 200 - 8 0.005 0.007
2026-08-14 15:35:32,538 1 INFO rh_2026 werkzeug: 172.22.0.1 - - [14/Aug/2026 15:35:32] "GET /web/service-worker.js HTTP/1.1" 200 - 1 0.001 0.004
2026-08-14 15:35:34,577 1 INFO rh_2026 werkzeug: 172.22.0.1 - - [14/Aug/2026 15:35:34] "POST /web/action/load HTTP/1.1" 200 - 9 0.004 0.006
2026-08-14 15:35:34,643 1 INFO rh_2026 werkzeug: 172.22.0.1 - - [14/Aug/2026 15:35:34] "POST /web/dataset/call_kw/res.config.settings/get_views HTTP/1.1" 200 - 30 0.011 0.042
2026-08-14 15:35:34,687 1 INFO rh_2026 werkzeug: 172.22.0.1 - - [14/Aug/2026 15:35:34] "POST /web/dataset/call_kw/res.config.settings/onchange HTTP/1.1" 200 - 67 0.016 0.013
2026-08-14 15:35:34,760 1 INFO rh_2026 werkzeug: 172.22.0.1 - - [14/Aug/2026 15:35:34] "POST /base_setup/demo_active HTTP/1.1" 200 - 3 0.002 0.005
2026-08-14 15:35:34,778 1 INFO rh_2026 werkzeug: 172.22.0.1 - - [14/Aug/2026 15:35:34] "POST /base_setup/data HTTP/1.1" 200 - 6 0.002 0.003
2026-08-14 15:35:41,635 1 WARNING rh_2026 odoo.addons.base.models.ir_qweb: Found deprecated directive @t-esc="title or 'Odoo'" in template 180. Replace by @t-out 
2026-08-14 15:35:41,636 1 WARNING rh_2026 odoo.addons.base.models.ir_qweb: Found deprecated directive @t-esc='request.csrf_token(None)' in template 180. Replace by @t-out 
2026-08-14 15:35:41,637 1 WARNING rh_2026 odoo.addons.base.models.ir_qweb: Found deprecated directive @t-esc='debug' in template 180. Replace by @t-out 
2026-08-14 15:35:41,641 1 INFO rh_2026 werkzeug: 172.22.0.1 - - [14/Aug/2026 15:35:41] "GET /odoo/settings?debug=1 HTTP/1.1" 200 - 54 0.019 0.938
2026-08-14 15:35:41,739 1 INFO rh_2026 werkzeug: 172.22.0.1 - - [14/Aug/2026 15:35:41] "GET /web/manifest.webmanifest HTTP/1.1" 200 - 10 0.005 0.005
2026-08-14 15:35:41,843 1 INFO rh_2026 werkzeug: 172.22.0.1 - - [14/Aug/2026 15:35:41] "POST /web/action/load HTTP/1.1" 200 - 10 0.018 0.013
2026-08-14 15:35:41,852 1 INFO rh_2026 werkzeug: 172.22.0.1 - - [14/Aug/2026 15:35:41] "GET /web/image?model=res.users&field=avatar_128&id=2 HTTP/1.1" 304 - 20 0.030 0.020
2026-08-14 15:35:41,904 1 INFO rh_2026 werkzeug: 172.22.0.1 - - [14/Aug/2026 15:35:41] "POST /mail/data HTTP/1.1" 200 - 59 0.050 0.034
2026-08-14 15:35:41,930 1 INFO rh_2026 werkzeug: 172.22.0.1 - - [14/Aug/2026 15:35:41] "POST /web/dataset/call_kw/res.config.settings/get_views HTTP/1.1" 200 - 6 0.005 0.072
2026-08-14 15:35:41,973 1 INFO rh_2026 werkzeug: 172.22.0.1 - - [14/Aug/2026 15:35:41] "POST /web/dataset/call_kw/res.config.settings/onchange HTTP/1.1" 200 - 20 0.011 0.019
2026-08-14 15:35:42,049 1 INFO rh_2026 werkzeug: 172.22.0.1 - - [14/Aug/2026 15:35:42] "POST /base_setup/demo_active HTTP/1.1" 200 - 3 0.002 0.003
2026-08-14 15:35:42,065 1 INFO rh_2026 werkzeug: 172.22.0.1 - - [14/Aug/2026 15:35:42] "POST /base_setup/data HTTP/1.1" 200 - 5 0.002 0.003
2026-08-14 15:35:43,761 1 INFO rh_2026 werkzeug: 172.22.0.1 - - [14/Aug/2026 15:35:43] "GET /web/service-worker.js HTTP/1.1" 200 - 1 0.001 0.004
2026-08-14 15:35:44,029 1 INFO rh_2026 werkzeug: 172.22.0.1 - - [14/Aug/2026 15:35:44] "POST /web/dataset/call_kw/res.config.settings/web_save HTTP/1.1" 200 - 37 0.018 0.020
2026-08-14 15:35:44,066 1 INFO rh_2026 werkzeug: 172.22.0.1 - - [14/Aug/2026 15:35:44] "POST /web/dataset/call_button/res.config.settings/execute HTTP/1.1" 200 - 11 0.007 0.017
2026-08-14 15:35:45,061 1 WARNING rh_2026 odoo.addons.base.models.ir_qweb: Found deprecated directive @t-esc="title or 'Odoo'" in template 180. Replace by @t-out 
2026-08-14 15:35:45,063 1 WARNING rh_2026 odoo.addons.base.models.ir_qweb: Found deprecated directive @t-esc='request.csrf_token(None)' in template 180. Replace by @t-out 
2026-08-14 15:35:45,064 1 WARNING rh_2026 odoo.addons.base.models.ir_qweb: Found deprecated directive @t-esc='debug' in template 180. Replace by @t-out 
2026-08-14 15:35:45,068 1 INFO rh_2026 werkzeug: 172.22.0.1 - - [14/Aug/2026 15:35:45] "GET /odoo/settings?debug=1 HTTP/1.1" 200 - 54 0.018 0.969
2026-08-14 15:35:44,083 1 INFO rh_2026 werkzeug: 172.22.0.1 - - [14/Aug/2026 15:35:44] "GET /web/manifest.webmanifest HTTP/1.1" 200 - 10 0.006 0.007
2026-08-14 15:35:44,189 1 INFO rh_2026 werkzeug: 172.22.0.1 - - [14/Aug/2026 15:35:44] "POST /web/action/load HTTP/1.1" 200 - 10 0.019 0.016
2026-08-14 15:35:44,196 1 INFO rh_2026 werkzeug: 172.22.0.1 - - [14/Aug/2026 15:35:44] "GET /web/image?model=res.users&field=avatar_128&id=2 HTTP/1.1" 304 - 20 0.031 0.024
2026-08-14 15:35:44,256 1 INFO rh_2026 werkzeug: 172.22.0.1 - - [14/Aug/2026 15:35:44] "POST /mail/data HTTP/1.1" 200 - 59 0.059 0.039
2026-08-14 15:35:44,277 1 INFO rh_2026 werkzeug: 172.22.0.1 - - [14/Aug/2026 15:35:44] "POST /web/dataset/call_kw/res.config.settings/get_views HTTP/1.1" 200 - 6 0.010 0.062
2026-08-14 15:35:44,312 1 INFO rh_2026 werkzeug: 172.22.0.1 - - [14/Aug/2026 15:35:44] "POST /web/dataset/call_kw/res.config.settings/onchange HTTP/1.1" 200 - 20 0.008 0.014
2026-08-14 15:35:44,384 1 INFO rh_2026 werkzeug: 172.22.0.1 - - [14/Aug/2026 15:35:44] "POST /base_setup/demo_active HTTP/1.1" 200 - 3 0.002 0.004
2026-08-14 15:35:44,403 1 INFO rh_2026 werkzeug: 172.22.0.1 - - [14/Aug/2026 15:35:44] "POST /base_setup/data HTTP/1.1" 200 - 5 0.002 0.003
2026-08-14 15:35:45,351 1 INFO rh_2026 werkzeug: 172.22.0.1 - - [14/Aug/2026 15:35:45] "GET /web/service-worker.js HTTP/1.1" 200 - 1 0.000 0.002
2026-08-14 15:35:46,997 1 INFO rh_2026 werkzeug: 172.22.0.1 - - [14/Aug/2026 15:35:46] "POST /web/action/load HTTP/1.1" 200 - 10 0.004 0.008
2026-08-14 15:35:47,078 1 INFO rh_2026 werkzeug: 172.22.0.1 - - [14/Aug/2026 15:35:47] "POST /web/dataset/call_kw/ir.module.module/get_views HTTP/1.1" 200 - 58 0.020 0.047
2026-08-14 15:35:47,092 1 INFO rh_2026 werkzeug: 172.22.0.1 - - [14/Aug/2026 15:35:47] "POST /web/dataset/call_kw/ir.module.module/search_panel_select_range HTTP/1.1" 200 - 1 0.001 0.004
2026-08-14 15:35:47,139 1 INFO rh_2026 werkzeug: 172.22.0.1 - - [14/Aug/2026 15:35:47] "POST /web/dataset/call_kw/ir.module.module/search_panel_select_range HTTP/1.1" 200 - 70 0.032 0.018
2026-08-14 15:35:47,161 1 INFO rh_2026 werkzeug: 172.22.0.1 - - [14/Aug/2026 15:35:47] "POST /web/dataset/call_kw/ir.module.module/web_search_read HTTP/1.1" 200 - 6 0.005 0.063
2026-08-14 15:35:53,177 1 INFO rh_2026 werkzeug: 172.22.0.1 - - [14/Aug/2026 15:35:53] "POST /web/dataset/call_kw/ir.module.module/search_panel_select_range HTTP/1.1" 200 - 69 0.026 0.018
2026-08-14 15:35:53,190 1 INFO rh_2026 werkzeug: 172.22.0.1 - - [14/Aug/2026 15:35:53] "POST /web/dataset/call_kw/ir.module.module/web_search_read HTTP/1.1" 200 - 6 0.003 0.004
2026-08-14 15:35:56,128 1 INFO rh_2026 odoo.addons.base.models.ir_module: ALLOW access to module.button_immediate_upgrade on ['Gestion recrutement'] to user admin@admin.com #2 via 172.22.0.1 
2026-08-14 15:35:56,129 1 INFO rh_2026 odoo.addons.base.models.ir_module: ALLOW access to module.button_upgrade on ['Gestion recrutement'] to user admin@admin.com #2 via 172.22.0.1 
2026-08-14 15:35:56,130 1 INFO rh_2026 odoo.addons.base.models.ir_module: ALLOW access to module.update_list on ['Gestion recrutement'] to user admin@admin.com #2 via 172.22.0.1 
2026-08-14 15:35:57,317 1 INFO rh_2026 odoo.addons.base.models.ir_module: ALLOW access to module.button_install on [] to user admin@admin.com #2 via 172.22.0.1 
2026-08-14 15:35:57,373 1 INFO rh_2026 odoo.modules.loading: loading 1 modules... 
2026-08-14 15:35:57,381 1 INFO rh_2026 odoo.modules.loading: 1 modules loaded in 0.01s, 0 queries (+0 extra) 
2026-08-14 15:35:57,404 1 INFO rh_2026 odoo.modules.loading: updating modules list 
2026-08-14 15:35:57,406 1 INFO rh_2026 odoo.addons.base.models.ir_module: ALLOW access to module.update_list on [] to user __system__ #1 via 172.22.0.1 
2026-08-14 15:35:58,172 1 INFO rh_2026 odoo.modules.loading: loading 43 modules... 
2026-08-14 15:35:58,213 1 INFO rh_2026 odoo.modules.loading: Loading module recrutement (43/43) 
2026-08-14 15:35:58,444 1 WARNING rh_2026 odoo.fields: Field recruitment.planning.header.state: unknown parameter 'tracking', if this is an actual parameter you may want to override the method _valid_field_parameter on the relevant model in order to allow it 
2026-08-14 15:35:58,457 1 INFO rh_2026 odoo.modules.registry: module recrutement: creating or updating database tables 
2026-08-14 15:35:58,523 1 INFO rh_2026 odoo.modules.loading: loading recrutement/security/security.xml 
2026-08-14 15:35:58,596 1 INFO rh_2026 odoo.modules.loading: loading recrutement/security/ir.model.access.csv 
2026-08-14 15:35:58,628 1 INFO rh_2026 odoo.modules.loading: loading recrutement/data/sequences.xml 
2026-08-14 15:35:58,642 1 INFO rh_2026 odoo.modules.loading: loading recrutement/views/recrutment_planning_header_views.xml 
2026-08-14 15:35:58,680 1 INFO rh_2026 odoo.modules.loading: loading recrutement/views/recrutment_direction_views.xml 
2026-08-14 15:35:58,716 1 INFO rh_2026 odoo.modules.loading: loading recrutement/views/recrutment_project_views.xml 
2026-08-14 15:35:58,745 1 INFO rh_2026 odoo.modules.loading: loading recrutement/views/recrutment_menu.xml 
2026-08-14 15:35:58,801 1 INFO rh_2026 odoo.modules.loading: Module recrutement loaded in 0.59s, 276 queries (+276 other) 
2026-08-14 15:35:58,802 1 INFO rh_2026 odoo.modules.loading: 43 modules loaded in 0.63s, 276 queries (+276 extra) 
2026-08-14 15:35:58,859 1 WARNING rh_2026 odoo.fields: Field recruitment.planning.header.state: unknown parameter 'tracking', if this is an actual parameter you may want to override the method _valid_field_parameter on the relevant model in order to allow it 
2026-08-14 15:35:58,944 1 WARNING rh_2026 odoo.fields: Field recruitment.planning.header.state: unknown parameter 'tracking', if this is an actual parameter you may want to override the method _valid_field_parameter on the relevant model in order to allow it 
2026-08-14 15:35:59,458 1 INFO rh_2026 odoo.modules.loading: Modules loaded. 
2026-08-14 15:35:59,474 1 INFO rh_2026 odoo.modules.registry: Registry changed, signaling through the database 
2026-08-14 15:35:59,476 1 INFO rh_2026 odoo.modules.registry: Registry loaded in 2.116s 
2026-08-14 15:35:59,476 1 INFO rh_2026 odoo.addons.base.models.ir_module: getting next ir.actions.todo() 
2026-08-14 15:35:59,480 1 INFO rh_2026 werkzeug: 172.22.0.1 - - [14/Aug/2026 15:35:59] "POST /web/dataset/call_button/ir.module.module/button_immediate_upgrade HTTP/1.1" 200 - 5177 1.830 1.526
2026-08-14 15:35:59,495 1 INFO rh_2026 odoo.addons.base.models.ir_http: Generating routing map for key None 
2026-08-14 15:36:00,548 1 WARNING rh_2026 odoo.addons.base.models.ir_qweb: Found deprecated directive @t-esc="title or 'Odoo'" in template 180. Replace by @t-out 
2026-08-14 15:36:00,549 1 WARNING rh_2026 odoo.addons.base.models.ir_qweb: Found deprecated directive @t-esc='request.csrf_token(None)' in template 180. Replace by @t-out 
2026-08-14 15:36:00,550 1 WARNING rh_2026 odoo.addons.base.models.ir_qweb: Found deprecated directive @t-esc='debug' in template 180. Replace by @t-out 
2026-08-14 15:36:00,555 1 INFO rh_2026 werkzeug: 172.22.0.1 - - [14/Aug/2026 15:36:00] "GET /odoo HTTP/1.1" 200 - 103 0.034 1.028
2026-08-14 15:36:00,643 1 INFO rh_2026 werkzeug: 172.22.0.1 - - [14/Aug/2026 15:36:00] "GET /web/manifest.webmanifest HTTP/1.1" 200 - 11 0.007 0.007
2026-08-14 15:36:00,749 1 INFO rh_2026 werkzeug: 172.22.0.1 - - [14/Aug/2026 15:36:00] "POST /web/action/load HTTP/1.1" 200 - 7 0.011 0.010
2026-08-14 15:36:00,772 1 INFO rh_2026 werkzeug: 172.22.0.1 - - [14/Aug/2026 15:36:00] "GET /web/image?model=res.users&field=avatar_128&id=2 HTTP/1.1" 304 - 21 0.028 0.018
2026-08-14 15:36:00,828 1 INFO rh_2026 werkzeug: 172.22.0.1 - - [14/Aug/2026 15:36:00] "POST /mail/data HTTP/1.1" 200 - 63 0.047 0.047
2026-08-14 15:36:00,925 1 INFO rh_2026 werkzeug: 172.22.0.1 - - [14/Aug/2026 15:36:00] "POST /mail/data HTTP/1.1" 200 - 76 0.049 0.072
2026-08-14 15:36:01,016 1 INFO rh_2026 werkzeug: 172.22.0.1 - - [14/Aug/2026 15:36:01] "POST /mail/inbox/messages HTTP/1.1" 200 - 8 0.007 0.008
2026-08-14 15:36:02,629 1 INFO rh_2026 werkzeug: 172.22.0.1 - - [14/Aug/2026 15:36:02] "GET /web/service-worker.js HTTP/1.1" 200 - 1 0.001 0.003
2026-08-14 15:36:05,224 1 INFO rh_2026 werkzeug: 172.22.0.1 - - [14/Aug/2026 15:36:05] "POST /web/action/load HTTP/1.1" 200 - 11 0.006 0.008
2026-08-14 15:36:05,317 1 INFO rh_2026 werkzeug: 172.22.0.1 - - [14/Aug/2026 15:36:05] "POST /web/dataset/call_kw/hr.job/get_views HTTP/1.1" 200 - 58 0.025 0.054
2026-08-14 15:36:05,343 1 INFO rh_2026 werkzeug: 172.22.0.1 - - [14/Aug/2026 15:36:05] "POST /web/dataset/call_kw/hr.job/search_panel_select_range HTTP/1.1" 200 - 12 0.010 0.008
2026-08-14 15:36:05,373 1 INFO rh_2026 werkzeug: 172.22.0.1 - - [14/Aug/2026 15:36:05] "POST /web/dataset/call_kw/hr.job/web_search_read HTTP/1.1" 200 - 33 0.026 0.019
2026-08-14 15:36:09,455 1 INFO rh_2026 werkzeug: 172.22.0.1 - - [14/Aug/2026 15:36:09] "POST /web/action/load HTTP/1.1" 200 - 11 0.006 0.010
2026-08-14 15:36:09,620 1 INFO rh_2026 werkzeug: 172.22.0.1 - - [14/Aug/2026 15:36:09] "POST /web/dataset/call_kw/hr.employee/get_views HTTP/1.1" 200 - 92 0.043 0.096
2026-08-14 15:36:09,660 1 INFO rh_2026 werkzeug: 172.22.0.1 - - [14/Aug/2026 15:36:09] "POST /web/dataset/call_kw/hr.employee/search_panel_select_range HTTP/1.1" 200 - 13 0.022 0.011
2026-08-14 15:36:09,712 1 INFO rh_2026 werkzeug: 172.22.0.1 - - [14/Aug/2026 15:36:09] "POST /web/dataset/call_kw/hr.employee/web_search_read HTTP/1.1" 200 - 43 0.044 0.040
2026-08-14 15:36:09,900 1 INFO rh_2026 werkzeug: 172.22.0.1 - - [14/Aug/2026 15:36:09] "GET /web/image/res.users/2/avatar_128 HTTP/1.1" 304 - 20 0.036 0.039
2026-08-14 15:36:09,902 1 INFO rh_2026 werkzeug: 172.22.0.1 - - [14/Aug/2026 15:36:09] "GET /web/image/res.users/6/avatar_128 HTTP/1.1" 304 - 21 0.033 0.049
2026-08-14 15:36:09,989 1 INFO rh_2026 werkzeug: 172.22.0.1 - - [14/Aug/2026 15:36:09] "GET /web/image/hr.employee/6/image_128?unique=1786720870000 HTTP/1.1" 200 - 13 0.063 0.073
2026-08-14 15:36:09,990 1 INFO rh_2026 werkzeug: 172.22.0.1 - - [14/Aug/2026 15:36:09] "GET /web/image/hr.employee/14/image_128?unique=1786720870000 HTTP/1.1" 200 - 13 0.058 0.071
2026-08-14 15:36:09,992 1 INFO rh_2026 werkzeug: 172.22.0.1 - - [14/Aug/2026 15:36:09] "GET /web/image/hr.employee/20/image_128?unique=1786720870000 HTTP/1.1" 200 - 13 0.064 0.063
2026-08-14 15:36:10,004 1 INFO rh_2026 werkzeug: 172.22.0.1 - - [14/Aug/2026 15:36:10] "GET /web/image/hr.employee/7/image_128?unique=1786720870000 HTTP/1.1" 200 - 13 0.065 0.072
2026-08-14 15:36:10,047 1 INFO rh_2026 werkzeug: 172.22.0.1 - - [14/Aug/2026 15:36:10] "GET /web/image/hr.employee/17/image_128?unique=1786720870000 HTTP/1.1" 200 - 13 0.067 0.066
2026-08-14 15:36:10,061 1 INFO rh_2026 werkzeug: 172.22.0.1 - - [14/Aug/2026 15:36:10] "GET /web/image/hr.employee/11/image_128?unique=1786720870000 HTTP/1.1" 200 - 13 0.079 0.072
2026-08-14 15:36:10,121 1 INFO rh_2026 werkzeug: 172.22.0.1 - - [14/Aug/2026 15:36:10] "GET /web/image/hr.employee/2/image_128?unique=1786720870000 HTTP/1.1" 200 - 12 0.060 0.052
2026-08-14 15:36:10,138 1 INFO rh_2026 werkzeug: 172.22.0.1 - - [14/Aug/2026 15:36:10] "GET /web/image/hr.employee/10/image_128?unique=1786720870000 HTTP/1.1" 200 - 13 0.054 0.065
2026-08-14 15:36:10,149 1 INFO rh_2026 werkzeug: 172.22.0.1 - - [14/Aug/2026 15:36:10] "GET /web/image/hr.employee/12/image_128?unique=1786720870000 HTTP/1.1" 200 - 13 0.058 0.065
2026-08-14 15:36:10,159 1 INFO rh_2026 werkzeug: 172.22.0.1 - - [14/Aug/2026 15:36:10] "GET /web/image/hr.employee/8/image_128?unique=1786720870000 HTTP/1.1" 200 - 13 0.077 0.046
2026-08-14 15:36:10,187 1 INFO rh_2026 werkzeug: 172.22.0.1 - - [14/Aug/2026 15:36:10] "GET /web/image/hr.employee/3/image_128?unique=1786720870000 HTTP/1.1" 200 - 12 0.061 0.074
2026-08-14 15:36:10,198 1 INFO rh_2026 werkzeug: 172.22.0.1 - - [14/Aug/2026 15:36:10] "GET /web/image/hr.employee/1/image_128?unique=1786720879000 HTTP/1.1" 200 - 11 0.048 0.074
2026-08-14 15:36:10,232 1 INFO rh_2026 werkzeug: 172.22.0.1 - - [14/Aug/2026 15:36:10] "GET /web/image/hr.employee/18/image_128?unique=1786720870000 HTTP/1.1" 200 - 13 0.035 0.029
2026-08-14 15:36:10,235 1 INFO rh_2026 werkzeug: 172.22.0.1 - - [14/Aug/2026 15:36:10] "GET /web/image/hr.employee/9/image_128?unique=1786720870000 HTTP/1.1" 200 - 13 0.035 0.030
2026-08-14 15:36:10,288 1 INFO rh_2026 werkzeug: 172.22.0.1 - - [14/Aug/2026 15:36:10] "GET /web/image/hr.employee/4/image_128?unique=1786720870000 HTTP/1.1" 200 - 13 0.034 0.043
2026-08-14 15:36:10,296 1 INFO rh_2026 werkzeug: 172.22.0.1 - - [14/Aug/2026 15:36:10] "GET /web/image/hr.employee/5/image_128?unique=1786720870000 HTTP/1.1" 200 - 12 0.037 0.037
2026-08-14 15:36:10,302 1 INFO rh_2026 werkzeug: 172.22.0.1 - - [14/Aug/2026 15:36:10] "GET /web/image/hr.employee/16/image_128?unique=1786720870000 HTTP/1.1" 200 - 13 0.052 0.039
2026-08-14 15:36:10,311 1 INFO rh_2026 werkzeug: 172.22.0.1 - - [14/Aug/2026 15:36:10] "GET /web/image/hr.employee/15/image_128?unique=1786720870000 HTTP/1.1" 200 - 13 0.051 0.041
2026-08-14 15:36:10,327 1 INFO rh_2026 werkzeug: 172.22.0.1 - - [14/Aug/2026 15:36:10] "GET /web/image/hr.employee/13/image_128?unique=1786720870000 HTTP/1.1" 200 - 13 0.040 0.049
2026-08-14 15:36:10,333 1 INFO rh_2026 werkzeug: 172.22.0.1 - - [14/Aug/2026 15:36:10] "GET /web/image/hr.employee/19/image_128?unique=1786720870000 HTTP/1.1" 200 - 13 0.030 0.059
2026-08-14 15:36:13,090 1 INFO rh_2026 werkzeug: 172.22.0.1 - - [14/Aug/2026 15:36:13] "POST /web/action/load HTTP/1.1" 200 - 9 0.006 0.010
2026-08-14 15:36:13,172 1 INFO rh_2026 werkzeug: 172.22.0.1 - - [14/Aug/2026 15:36:13] "POST /web/dataset/call_kw/res.config.settings/get_views HTTP/1.1" 200 - 28 0.010 0.041
2026-08-14 15:36:12,536 1 INFO rh_2026 werkzeug: 172.22.0.1 - - [14/Aug/2026 15:36:12] "POST /web/dataset/call_kw/res.config.settings/onchange HTTP/1.1" 200 - 67 0.016 0.015
2026-08-14 15:36:12,589 1 INFO rh_2026 werkzeug: 172.22.0.1 - - [14/Aug/2026 15:36:12] "POST /base_setup/demo_active HTTP/1.1" 200 - 3 0.002 0.003
2026-08-14 15:36:12,601 1 INFO rh_2026 werkzeug: 172.22.0.1 - - [14/Aug/2026 15:36:12] "POST /base_setup/data HTTP/1.1" 200 - 6 0.002 0.003
2026-08-14 15:36:47,336 1 INFO ? odoo.service.server: Initiating shutdown 
2026-08-14 15:36:47,337 1 INFO ? odoo.service.server: Hit CTRL-C again or send a second signal to force the shutdown. 
2026-08-14 15:36:47,776 1 INFO ? odoo.sql_db: ConnectionPool(read/write;used=0/count=0/max=64): Closed 8 connections  
2026-08-14 15:36:53,637 1 INFO ? odoo: Odoo version 18.0-20260209 
2026-08-14 15:36:53,638 1 INFO ? odoo: Using configuration file at /etc/odoo/odoo.conf 
2026-08-14 15:36:53,639 1 INFO ? odoo: addons paths: ['/usr/lib/python3/dist-packages/odoo/addons', '/var/lib/odoo/.local/share/Odoo/addons/18.0', '/mnt/extra-addons'] 
2026-08-14 15:36:53,640 1 INFO ? odoo: database: odoo@postgres:5432 
2026-08-14 15:36:53,933 1 INFO ? odoo.addons.base.models.ir_actions_report: Will use the Wkhtmltopdf binary at /usr/local/bin/wkhtmltopdf 
2026-08-14 15:36:53,964 1 INFO ? odoo.addons.base.models.ir_actions_report: Will use the Wkhtmltoimage binary at /usr/local/bin/wkhtmltoimage 
2026-08-14 15:36:54,271 1 INFO ? odoo.service.server: Watching addons folder /usr/lib/python3/dist-packages/odoo/addons 
2026-08-14 15:36:54,271 1 INFO ? odoo.service.server: Watching addons folder /var/lib/odoo/.local/share/Odoo/addons/18.0 
2026-08-14 15:36:54,272 1 INFO ? odoo.service.server: Watching addons folder /mnt/extra-addons 
2026-08-14 15:36:57,465 1 INFO ? odoo.service.server: AutoReload watcher running with watchdog 
2026-08-14 15:36:57,466 1 INFO ? odoo.service.server: HTTP service (werkzeug) running on 836dace86372:8069 
2026-08-14 15:37:01,089 1 INFO ? odoo.modules.loading: loading 1 modules... 
2026-08-14 15:37:01,096 1 INFO ? odoo.modules.loading: 1 modules loaded in 0.01s, 0 queries (+0 extra) 
2026-08-14 15:37:01,124 1 WARNING ? odoo.modules.module: Missing `license` key in manifest for 'recrutement', defaulting to LGPL-3 
2026-08-14 15:37:01,153 1 INFO ? odoo.modules.loading: loading 43 modules... 
2026-08-14 15:37:02,084 1 WARNING ? py.warnings: /usr/lib/python3/dist-packages/odoo/api.py:484: DeprecationWarning: The model odoo.addons.recrutement.models.recruitment_planning_header is not overriding the create method in batch
  File "/usr/lib/python3.12/threading.py", line 1030, in _bootstrap
    self._bootstrap_inner()
  File "/usr/lib/python3.12/threading.py", line 1073, in _bootstrap_inner
    self.run()
  File "/usr/lib/python3.12/threading.py", line 1010, in run
    self._target(*self._args, **self._kwargs)
  File "/usr/lib/python3.12/socketserver.py", line 692, in process_request_thread
    self.finish_request(request, client_address)
  File "/usr/lib/python3.12/socketserver.py", line 362, in finish_request
    self.RequestHandlerClass(request, client_address, self)
  File "/usr/lib/python3/dist-packages/odoo/service/server.py", line 128, in __init__
    super().__init__(*args, **kwargs)
  File "/usr/lib/python3.12/socketserver.py", line 761, in __init__
    self.handle()
  File "/usr/lib/python3/dist-packages/werkzeug/serving.py", line 390, in handle
    super().handle()
  File "/usr/lib/python3.12/http/server.py", line 436, in handle
    self.handle_one_request()
  File "/usr/lib/python3.12/http/server.py", line 424, in handle_one_request
    method()
  File "/usr/lib/python3/dist-packages/werkzeug/serving.py", line 362, in run_wsgi
    execute(self.server.app)
  File "/usr/lib/python3/dist-packages/werkzeug/serving.py", line 323, in execute
    application_iter = app(environ, start_response)
  File "/usr/lib/python3/dist-packages/odoo/http.py", line 2576, in __call__
    response = request._serve_db()
  File "/usr/lib/python3/dist-packages/odoo/http.py", line 2080, in _serve_db
    self.registry, cr_readwrite = self._open_registry()
  File "/usr/lib/python3/dist-packages/odoo/http.py", line 1690, in _open_registry
    registry = Registry(self.db)
  File "/usr/lib/python3/dist-packages/odoo/modules/registry.py", line 108, in __new__
    return cls.new(db_name)
  File "/usr/lib/python3/dist-packages/decorator.py", line 232, in fun
    return caller(func, *(extras + args), **kw)
  File "/usr/lib/python3/dist-packages/odoo/tools/func.py", line 97, in locked
    return func(inst, *args, **kwargs)
  File "/usr/lib/python3/dist-packages/odoo/modules/registry.py", line 129, in new
    odoo.modules.load_modules(registry, force_demo, status, update_module)
  File "/usr/lib/python3/dist-packages/odoo/modules/loading.py", line 485, in load_modules
    processed_modules += load_marked_modules(env, graph,
  File "/usr/lib/python3/dist-packages/odoo/modules/loading.py", line 365, in load_marked_modules
    loaded, processed = load_module_graph(
  File "/usr/lib/python3/dist-packages/odoo/modules/loading.py", line 186, in load_module_graph
    load_openerp_module(package.name)
  File "/usr/lib/python3/dist-packages/odoo/modules/module.py", line 384, in load_openerp_module
    __import__(qualname)
  File "/mnt/extra-addons/recrutement/__init__.py", line 1, in <module>
    from . import models
  File "/mnt/extra-addons/recrutement/models/__init__.py", line 1, in <module>
    from . import recruitment_planning_header
  File "/mnt/extra-addons/recrutement/models/recruitment_planning_header.py", line 5, in <module>
    class RecruitmentPlanningHeader(models.Model):
  File "/mnt/extra-addons/recrutement/models/recruitment_planning_header.py", line 213, in RecruitmentPlanningHeader
    @api.model
  File "/usr/lib/python3/dist-packages/odoo/api.py", line 431, in model
    return model_create_single(method)
  File "/usr/lib/python3/dist-packages/odoo/api.py", line 484, in model_create_single
    warnings.warn(
 
2026-08-14 15:37:02,110 1 INFO ? odoo.modules.loading: 43 modules loaded in 0.96s, 0 queries (+0 extra) 
2026-08-14 15:37:02,209 1 WARNING ? odoo.fields: Field recruitment.planning.header.state: unknown parameter 'tracking', if this is an actual parameter you may want to override the method _valid_field_parameter on the relevant model in order to allow it 
2026-08-14 15:37:02,224 1 INFO ? odoo.modules.loading: Modules loaded. 
2026-08-14 15:37:02,244 1 INFO ? odoo.modules.registry: Registry loaded in 1.213s 
2026-08-14 15:37:02,246 1 INFO rh_2026 odoo.addons.base.models.ir_http: Generating routing map for key None 
2026-08-14 15:37:02,469 1 INFO rh_2026 werkzeug: 172.22.0.1 - - [14/Aug/2026 15:37:02] "GET /websocket?version=18.0-7 HTTP/1.1" 101 - 2 0.002 0.015
2026-08-14 15:37:02,487 1 INFO rh_2026 werkzeug: 172.22.0.1 - - [14/Aug/2026 15:37:02] "POST /bus/has_missed_notifications HTTP/1.1" 200 - 2 0.002 0.011
2026-08-14 15:37:02,500 1 WARNING rh_2026 odoo.modules.module: Missing `license` key in manifest for 'recrutement', defaulting to LGPL-3 
2026-08-14 15:37:02,614 1 INFO rh_2026 werkzeug: 172.22.0.1 - - [14/Aug/2026 15:37:02] "GET /websocket?version=18.0-7 HTTP/1.1" 101 - 3 0.004 0.010
2026-08-14 15:37:02,638 1 INFO rh_2026 werkzeug: 172.22.0.1 - - [14/Aug/2026 15:37:02] "POST /bus/has_missed_notifications HTTP/1.1" 200 - 3 0.001 0.004
2026-08-14 15:37:02,830 1 INFO ? odoo.addons.bus.models.bus: Bus.loop listen imbus on db postgres 
2026-08-14 15:37:03,565 1 WARNING rh_2026 odoo.addons.base.models.ir_qweb: Found deprecated directive @t-esc="title or 'Odoo'" in template 180. Replace by @t-out 
2026-08-14 15:37:03,566 1 WARNING rh_2026 odoo.addons.base.models.ir_qweb: Found deprecated directive @t-esc='request.csrf_token(None)' in template 180. Replace by @t-out 
2026-08-14 15:37:03,567 1 WARNING rh_2026 odoo.addons.base.models.ir_qweb: Found deprecated directive @t-esc='debug' in template 180. Replace by @t-out 
2026-08-14 15:37:03,572 1 INFO rh_2026 werkzeug: 172.22.0.1 - - [14/Aug/2026 15:37:03] "GET /odoo/settings HTTP/1.1" 200 - 125 0.214 2.339
2026-08-14 15:37:03,681 1 INFO rh_2026 werkzeug: 172.22.0.1 - - [14/Aug/2026 15:37:03] "GET /web/manifest.webmanifest HTTP/1.1" 200 - 11 0.016 0.005
2026-08-14 15:37:03,753 1 INFO rh_2026 werkzeug: 172.22.0.1 - - [14/Aug/2026 15:37:03] "GET /web/image?model=res.users&field=avatar_128&id=2 HTTP/1.1" 304 - 20 0.022 0.016
2026-08-14 15:37:03,827 1 INFO rh_2026 werkzeug: 172.22.0.1 - - [14/Aug/2026 15:37:03] "POST /mail/data HTTP/1.1" 200 - 63 0.070 0.034
2026-08-14 15:37:04,434 1 INFO rh_2026 werkzeug: 172.22.0.1 - - [14/Aug/2026 15:37:04] "POST /web/action/load HTTP/1.1" 200 - 10 0.013 0.702
2026-08-14 15:37:04,512 1 INFO rh_2026 werkzeug: 172.22.0.1 - - [14/Aug/2026 15:37:04] "POST /web/dataset/call_kw/res.config.settings/get_views HTTP/1.1" 200 - 31 0.027 0.045
2026-08-14 15:37:04,569 1 INFO rh_2026 werkzeug: 172.22.0.1 - - [14/Aug/2026 15:37:04] "POST /web/dataset/call_kw/res.config.settings/onchange HTTP/1.1" 200 - 67 0.027 0.017
2026-08-14 15:37:04,646 1 INFO rh_2026 werkzeug: 172.22.0.1 - - [14/Aug/2026 15:37:04] "POST /base_setup/demo_active HTTP/1.1" 200 - 3 0.020 0.005
2026-08-14 15:37:04,653 1 INFO rh_2026 werkzeug: 172.22.0.1 - - [14/Aug/2026 15:37:04] "POST /base_setup/data HTTP/1.1" 200 - 6 0.005 0.004
2026-08-14 15:37:05,375 1 INFO rh_2026 werkzeug: 172.22.0.1 - - [14/Aug/2026 15:37:05] "GET /web/service-worker.js HTTP/1.1" 200 - 1 0.001 0.006
2026-08-14 15:37:11,302 1 INFO ? odoo.service.server: Initiating shutdown 
2026-08-14 15:37:11,303 1 INFO ? odoo.service.server: Hit CTRL-C again or send a second signal to force the shutdown. 
2026-08-14 15:37:11,755 1 INFO ? odoo.sql_db: ConnectionPool(read/write;used=0/count=0/max=64): Closed 4 connections  
2026-08-14 15:37:21,175 1 INFO ? odoo: Odoo version 18.0-20260209 
2026-08-14 15:37:21,176 1 INFO ? odoo: Using configuration file at /etc/odoo/odoo.conf 
2026-08-14 15:37:21,176 1 INFO ? odoo: addons paths: ['/usr/lib/python3/dist-packages/odoo/addons', '/var/lib/odoo/.local/share/Odoo/addons/18.0', '/mnt/extra-addons'] 
2026-08-14 15:37:21,177 1 INFO ? odoo: database: odoo@postgres:5432 
2026-08-14 15:37:21,398 1 INFO ? odoo.addons.base.models.ir_actions_report: Will use the Wkhtmltopdf binary at /usr/local/bin/wkhtmltopdf 
2026-08-14 15:37:21,405 1 INFO ? odoo.addons.base.models.ir_actions_report: Will use the Wkhtmltoimage binary at /usr/local/bin/wkhtmltoimage 
2026-08-14 15:37:21,563 1 INFO ? odoo.service.server: Watching addons folder /usr/lib/python3/dist-packages/odoo/addons 
2026-08-14 15:37:21,564 1 INFO ? odoo.service.server: Watching addons folder /var/lib/odoo/.local/share/Odoo/addons/18.0 
2026-08-14 15:37:21,565 1 INFO ? odoo.service.server: Watching addons folder /mnt/extra-addons 
2026-08-14 15:37:21,884 1 INFO ? odoo.service.server: AutoReload watcher running with watchdog 
2026-08-14 15:37:21,891 1 INFO ? odoo.service.server: HTTP service (werkzeug) running on e2fba4569066:8069 
2026-08-14 15:37:28,400 1 INFO ? odoo.modules.loading: loading 1 modules... 
2026-08-14 15:37:28,408 1 INFO ? odoo.modules.loading: 1 modules loaded in 0.01s, 0 queries (+0 extra) 
2026-08-14 15:37:28,429 1 WARNING ? odoo.modules.module: Missing `license` key in manifest for 'recrutement', defaulting to LGPL-3 
2026-08-14 15:37:28,460 1 INFO ? odoo.modules.loading: loading 43 modules... 
2026-08-14 15:37:29,110 1 WARNING ? py.warnings: /usr/lib/python3/dist-packages/odoo/api.py:484: DeprecationWarning: The model odoo.addons.recrutement.models.recruitment_planning_header is not overriding the create method in batch
  File "/usr/lib/python3.12/threading.py", line 1030, in _bootstrap
    self._bootstrap_inner()
  File "/usr/lib/python3.12/threading.py", line 1073, in _bootstrap_inner
    self.run()
  File "/usr/lib/python3.12/threading.py", line 1010, in run
    self._target(*self._args, **self._kwargs)
  File "/usr/lib/python3.12/socketserver.py", line 692, in process_request_thread
    self.finish_request(request, client_address)
  File "/usr/lib/python3.12/socketserver.py", line 362, in finish_request
    self.RequestHandlerClass(request, client_address, self)
  File "/usr/lib/python3/dist-packages/odoo/service/server.py", line 128, in __init__
    super().__init__(*args, **kwargs)
  File "/usr/lib/python3.12/socketserver.py", line 761, in __init__
    self.handle()
  File "/usr/lib/python3/dist-packages/werkzeug/serving.py", line 390, in handle
    super().handle()
  File "/usr/lib/python3.12/http/server.py", line 436, in handle
    self.handle_one_request()
  File "/usr/lib/python3.12/http/server.py", line 424, in handle_one_request
    method()
  File "/usr/lib/python3/dist-packages/werkzeug/serving.py", line 362, in run_wsgi
    execute(self.server.app)
  File "/usr/lib/python3/dist-packages/werkzeug/serving.py", line 323, in execute
    application_iter = app(environ, start_response)
  File "/usr/lib/python3/dist-packages/odoo/http.py", line 2576, in __call__
    response = request._serve_db()
  File "/usr/lib/python3/dist-packages/odoo/http.py", line 2080, in _serve_db
    self.registry, cr_readwrite = self._open_registry()
  File "/usr/lib/python3/dist-packages/odoo/http.py", line 1690, in _open_registry
    registry = Registry(self.db)
  File "/usr/lib/python3/dist-packages/odoo/modules/registry.py", line 108, in __new__
    return cls.new(db_name)
  File "/usr/lib/python3/dist-packages/decorator.py", line 232, in fun
    return caller(func, *(extras + args), **kw)
  File "/usr/lib/python3/dist-packages/odoo/tools/func.py", line 97, in locked
    return func(inst, *args, **kwargs)
  File "/usr/lib/python3/dist-packages/odoo/modules/registry.py", line 129, in new
    odoo.modules.load_modules(registry, force_demo, status, update_module)
  File "/usr/lib/python3/dist-packages/odoo/modules/loading.py", line 485, in load_modules
    processed_modules += load_marked_modules(env, graph,
  File "/usr/lib/python3/dist-packages/odoo/modules/loading.py", line 365, in load_marked_modules
    loaded, processed = load_module_graph(
  File "/usr/lib/python3/dist-packages/odoo/modules/loading.py", line 186, in load_module_graph
    load_openerp_module(package.name)
  File "/usr/lib/python3/dist-packages/odoo/modules/module.py", line 384, in load_openerp_module
    __import__(qualname)
  File "/mnt/extra-addons/recrutement/__init__.py", line 1, in <module>
    from . import models
  File "/mnt/extra-addons/recrutement/models/__init__.py", line 1, in <module>
    from . import recruitment_planning_header
  File "/mnt/extra-addons/recrutement/models/recruitment_planning_header.py", line 5, in <module>
    class RecruitmentPlanningHeader(models.Model):
  File "/mnt/extra-addons/recrutement/models/recruitment_planning_header.py", line 213, in RecruitmentPlanningHeader
    @api.model
  File "/usr/lib/python3/dist-packages/odoo/api.py", line 431, in model
    return model_create_single(method)
  File "/usr/lib/python3/dist-packages/odoo/api.py", line 484, in model_create_single
    warnings.warn(
 
2026-08-14 15:37:29,136 1 INFO ? odoo.modules.loading: 43 modules loaded in 0.68s, 0 queries (+0 extra) 
2026-08-14 15:37:29,219 1 WARNING ? odoo.fields: Field recruitment.planning.header.state: unknown parameter 'tracking', if this is an actual parameter you may want to override the method _valid_field_parameter on the relevant model in order to allow it 
2026-08-14 15:37:29,233 1 INFO ? odoo.modules.loading: Modules loaded. 
2026-08-14 15:37:29,237 1 INFO ? odoo.modules.registry: Registry loaded in 0.863s 
2026-08-14 15:37:29,239 1 INFO rh_2026 odoo.addons.base.models.ir_http: Generating routing map for key None 
2026-08-14 15:37:29,265 1 INFO rh_2026 werkzeug: 172.22.0.1 - - [14/Aug/2026 15:37:29] "GET /websocket?version=18.0-7 HTTP/1.1" 101 - 20 0.018 0.874
2026-08-14 15:37:29,297 1 INFO rh_2026 werkzeug: 172.22.0.1 - - [14/Aug/2026 15:37:29] "POST /bus/has_missed_notifications HTTP/1.1" 200 - 2 0.001 0.002
2026-08-14 15:37:29,630 1 INFO rh_2026 werkzeug: 172.22.0.1 - - [14/Aug/2026 15:37:29] "GET /websocket?version=18.0-7 HTTP/1.1" 101 - 3 0.005 0.026
2026-08-14 15:37:29,636 1 INFO ? odoo.addons.bus.models.bus: Bus.loop listen imbus on db postgres 
2026-08-14 15:37:29,653 1 INFO rh_2026 werkzeug: 172.22.0.1 - - [14/Aug/2026 15:37:29] "POST /bus/has_missed_notifications HTTP/1.1" 200 - 3 0.001 0.015
2026-08-14 15:37:31,212 1 WARNING rh_2026 odoo.modules.module: Missing `license` key in manifest for 'recrutement', defaulting to LGPL-3 
2026-08-14 15:37:32,145 1 WARNING rh_2026 odoo.addons.base.models.ir_qweb: Found deprecated directive @t-esc="title or 'Odoo'" in template 180. Replace by @t-out 
2026-08-14 15:37:32,147 1 WARNING rh_2026 odoo.addons.base.models.ir_qweb: Found deprecated directive @t-esc='request.csrf_token(None)' in template 180. Replace by @t-out 
2026-08-14 15:37:32,148 1 WARNING rh_2026 odoo.addons.base.models.ir_qweb: Found deprecated directive @t-esc='debug' in template 180. Replace by @t-out 
2026-08-14 15:37:32,153 1 INFO rh_2026 werkzeug: 172.22.0.1 - - [14/Aug/2026 15:37:32] "GET /odoo/settings HTTP/1.1" 200 - 100 0.035 1.036
2026-08-14 15:37:32,248 1 INFO rh_2026 werkzeug: 172.22.0.1 - - [14/Aug/2026 15:37:32] "GET /web/manifest.webmanifest HTTP/1.1" 200 - 11 0.006 0.006
2026-08-14 15:37:32,336 1 INFO rh_2026 werkzeug: 172.22.0.1 - - [14/Aug/2026 15:37:32] "GET /web/image?model=res.users&field=avatar_128&id=2 HTTP/1.1" 304 - 20 0.027 0.017
2026-08-14 15:37:32,387 1 INFO rh_2026 werkzeug: 172.22.0.1 - - [14/Aug/2026 15:37:32] "POST /mail/data HTTP/1.1" 200 - 63 0.055 0.031
2026-08-14 15:37:32,886 1 INFO rh_2026 werkzeug: 172.22.0.1 - - [14/Aug/2026 15:37:32] "POST /web/action/load HTTP/1.1" 200 - 10 0.004 0.587
2026-08-14 15:37:32,946 1 INFO rh_2026 werkzeug: 172.22.0.1 - - [14/Aug/2026 15:37:32] "POST /web/dataset/call_kw/res.config.settings/get_views HTTP/1.1" 200 - 31 0.011 0.042
2026-08-14 15:37:32,990 1 INFO rh_2026 werkzeug: 172.22.0.1 - - [14/Aug/2026 15:37:32] "POST /web/dataset/call_kw/res.config.settings/onchange HTTP/1.1" 200 - 67 0.017 0.015
2026-08-14 15:37:33,055 1 INFO rh_2026 werkzeug: 172.22.0.1 - - [14/Aug/2026 15:37:33] "POST /base_setup/demo_active HTTP/1.1" 200 - 3 0.003 0.003
2026-08-14 15:37:33,068 1 INFO rh_2026 werkzeug: 172.22.0.1 - - [14/Aug/2026 15:37:33] "POST /base_setup/data HTTP/1.1" 200 - 6 0.002 0.003
2026-08-14 15:37:33,942 1 INFO rh_2026 werkzeug: 172.22.0.1 - - [14/Aug/2026 15:37:33] "GET /web/service-worker.js HTTP/1.1" 200 - 1 0.001 0.003
2026-08-14 15:37:41,496 1 WARNING rh_2026 odoo.addons.base.models.ir_qweb: Found deprecated directive @t-esc="title or 'Odoo'" in template 180. Replace by @t-out 
2026-08-14 15:37:41,497 1 WARNING rh_2026 odoo.addons.base.models.ir_qweb: Found deprecated directive @t-esc='request.csrf_token(None)' in template 180. Replace by @t-out 
2026-08-14 15:37:41,498 1 WARNING rh_2026 odoo.addons.base.models.ir_qweb: Found deprecated directive @t-esc='debug' in template 180. Replace by @t-out 
2026-08-14 15:37:41,501 1 INFO rh_2026 werkzeug: 172.22.0.1 - - [14/Aug/2026 15:37:41] "GET /odoo/settings?debug=1 HTTP/1.1" 200 - 54 0.017 0.902
2026-08-14 15:37:41,600 1 INFO rh_2026 werkzeug: 172.22.0.1 - - [14/Aug/2026 15:37:41] "GET /web/manifest.webmanifest HTTP/1.1" 200 - 10 0.004 0.005
2026-08-14 15:37:41,675 1 INFO rh_2026 werkzeug: 172.22.0.1 - - [14/Aug/2026 15:37:41] "POST /web/action/load HTTP/1.1" 200 - 10 0.008 0.012
2026-08-14 15:37:41,681 1 INFO rh_2026 werkzeug: 172.22.0.1 - - [14/Aug/2026 15:37:41] "GET /web/image?model=res.users&field=avatar_128&id=2 HTTP/1.1" 304 - 20 0.015 0.015
2026-08-14 15:37:41,746 1 INFO rh_2026 werkzeug: 172.22.0.1 - - [14/Aug/2026 15:37:41] "POST /mail/data HTTP/1.1" 200 - 59 0.045 0.040
2026-08-14 15:37:41,752 1 INFO rh_2026 werkzeug: 172.22.0.1 - - [14/Aug/2026 15:37:41] "POST /web/dataset/call_kw/res.config.settings/get_views HTTP/1.1" 200 - 6 0.005 0.063
2026-08-14 15:37:41,793 1 INFO rh_2026 werkzeug: 172.22.0.1 - - [14/Aug/2026 15:37:41] "POST /web/dataset/call_kw/res.config.settings/onchange HTTP/1.1" 200 - 20 0.007 0.012
2026-08-14 15:37:41,854 1 INFO rh_2026 werkzeug: 172.22.0.1 - - [14/Aug/2026 15:37:41] "POST /base_setup/demo_active HTTP/1.1" 200 - 3 0.002 0.003
2026-08-14 15:37:41,875 1 INFO rh_2026 werkzeug: 172.22.0.1 - - [14/Aug/2026 15:37:41] "POST /base_setup/data HTTP/1.1" 200 - 5 0.002 0.003
2026-08-14 15:37:43,701 1 INFO rh_2026 werkzeug: 172.22.0.1 - - [14/Aug/2026 15:37:43] "GET /web/service-worker.js HTTP/1.1" 200 - 1 0.001 0.003
2026-08-14 15:37:47,216 1 INFO rh_2026 werkzeug: 172.22.0.1 - - [14/Aug/2026 15:37:47] "POST /web/dataset/call_kw/res.config.settings/web_save HTTP/1.1" 200 - 37 0.029 0.021
2026-08-14 15:37:47,250 1 INFO rh_2026 werkzeug: 172.22.0.1 - - [14/Aug/2026 15:37:47] "POST /web/dataset/call_button/res.config.settings/execute HTTP/1.1" 200 - 11 0.006 0.015
2026-08-14 15:37:48,173 1 WARNING rh_2026 odoo.addons.base.models.ir_qweb: Found deprecated directive @t-esc="title or 'Odoo'" in template 180. Replace by @t-out 
2026-08-14 15:37:48,175 1 WARNING rh_2026 odoo.addons.base.models.ir_qweb: Found deprecated directive @t-esc='request.csrf_token(None)' in template 180. Replace by @t-out 
2026-08-14 15:37:48,176 1 WARNING rh_2026 odoo.addons.base.models.ir_qweb: Found deprecated directive @t-esc='debug' in template 180. Replace by @t-out 
2026-08-14 15:37:48,179 1 INFO rh_2026 werkzeug: 172.22.0.1 - - [14/Aug/2026 15:37:48] "GET /odoo/settings?debug=1 HTTP/1.1" 200 - 54 0.017 0.899
2026-08-14 15:37:48,267 1 INFO rh_2026 werkzeug: 172.22.0.1 - - [14/Aug/2026 15:37:48] "GET /web/manifest.webmanifest HTTP/1.1" 200 - 10 0.007 0.007
2026-08-14 15:37:48,344 1 INFO rh_2026 werkzeug: 172.22.0.1 - - [14/Aug/2026 15:37:48] "POST /web/action/load HTTP/1.1" 200 - 10 0.013 0.011
2026-08-14 15:37:48,354 1 INFO rh_2026 werkzeug: 172.22.0.1 - - [14/Aug/2026 15:37:48] "GET /web/image?model=res.users&field=avatar_128&id=2 HTTP/1.1" 304 - 20 0.020 0.018
2026-08-14 15:37:48,420 1 INFO rh_2026 werkzeug: 172.22.0.1 - - [14/Aug/2026 15:37:48] "POST /mail/data HTTP/1.1" 200 - 59 0.061 0.030
2026-08-14 15:37:48,426 1 INFO rh_2026 werkzeug: 172.22.0.1 - - [14/Aug/2026 15:37:48] "POST /web/dataset/call_kw/res.config.settings/get_views HTTP/1.1" 200 - 6 0.005 0.064
2026-08-14 15:37:48,466 1 INFO rh_2026 werkzeug: 172.22.0.1 - - [14/Aug/2026 15:37:48] "POST /web/dataset/call_kw/res.config.settings/onchange HTTP/1.1" 200 - 20 0.006 0.013
2026-08-14 15:37:48,519 1 INFO rh_2026 werkzeug: 172.22.0.1 - - [14/Aug/2026 15:37:48] "POST /base_setup/demo_active HTTP/1.1" 200 - 3 0.002 0.003
2026-08-14 15:37:48,529 1 INFO rh_2026 werkzeug: 172.22.0.1 - - [14/Aug/2026 15:37:48] "POST /base_setup/data HTTP/1.1" 200 - 5 0.002 0.003
2026-08-14 15:37:50,373 1 INFO rh_2026 werkzeug: 172.22.0.1 - - [14/Aug/2026 15:37:50] "GET /web/service-worker.js HTTP/1.1" 200 - 1 0.001 0.003
2026-08-14 15:37:57,086 1 INFO rh_2026 werkzeug: 172.22.0.1 - - [14/Aug/2026 15:37:57] "POST /web/dataset/call_kw/res.config.settings/web_save HTTP/1.1" 200 - 32 0.014 0.068
2026-08-14 15:37:57,121 1 INFO rh_2026 werkzeug: 172.22.0.1 - - [14/Aug/2026 15:37:57] "POST /web/dataset/call_button/res.config.settings/execute HTTP/1.1" 200 - 11 0.005 0.016
2026-08-14 15:37:58,097 1 WARNING rh_2026 odoo.addons.base.models.ir_qweb: Found deprecated directive @t-esc="title or 'Odoo'" in template 180. Replace by @t-out 
2026-08-14 15:37:58,099 1 WARNING rh_2026 odoo.addons.base.models.ir_qweb: Found deprecated directive @t-esc='request.csrf_token(None)' in template 180. Replace by @t-out 
2026-08-14 15:37:58,100 1 WARNING rh_2026 odoo.addons.base.models.ir_qweb: Found deprecated directive @t-esc='debug' in template 180. Replace by @t-out 
2026-08-14 15:37:58,108 1 INFO rh_2026 werkzeug: 172.22.0.1 - - [14/Aug/2026 15:37:58] "GET /odoo/settings?debug=1 HTTP/1.1" 200 - 54 0.021 0.953
2026-08-14 15:37:58,229 1 INFO rh_2026 werkzeug: 172.22.0.1 - - [14/Aug/2026 15:37:58] "GET /web/manifest.webmanifest HTTP/1.1" 200 - 10 0.009 0.011
2026-08-14 15:37:58,323 1 INFO rh_2026 werkzeug: 172.22.0.1 - - [14/Aug/2026 15:37:58] "POST /web/action/load HTTP/1.1" 200 - 10 0.015 0.012
2026-08-14 15:37:58,339 1 INFO rh_2026 werkzeug: 172.22.0.1 - - [14/Aug/2026 15:37:58] "GET /web/image?model=res.users&field=avatar_128&id=2 HTTP/1.1" 304 - 20 0.026 0.022
2026-08-14 15:37:58,391 1 INFO rh_2026 werkzeug: 172.22.0.1 - - [14/Aug/2026 15:37:58] "POST /mail/data HTTP/1.1" 200 - 59 0.051 0.035
2026-08-14 15:37:58,410 1 INFO rh_2026 werkzeug: 172.22.0.1 - - [14/Aug/2026 15:37:58] "POST /web/dataset/call_kw/res.config.settings/get_views HTTP/1.1" 200 - 6 0.006 0.069
2026-08-14 15:37:58,438 1 INFO rh_2026 werkzeug: 172.22.0.1 - - [14/Aug/2026 15:37:58] "POST /web/dataset/call_kw/res.config.settings/onchange HTTP/1.1" 200 - 20 0.006 0.011
2026-08-14 15:37:58,490 1 INFO rh_2026 werkzeug: 172.22.0.1 - - [14/Aug/2026 15:37:58] "POST /base_setup/demo_active HTTP/1.1" 200 - 3 0.002 0.003
2026-08-14 15:37:58,505 1 INFO rh_2026 werkzeug: 172.22.0.1 - - [14/Aug/2026 15:37:58] "POST /base_setup/data HTTP/1.1" 200 - 5 0.002 0.003
2026-08-14 15:38:00,279 1 INFO rh_2026 werkzeug: 172.22.0.1 - - [14/Aug/2026 15:38:00] "GET /web/service-worker.js HTTP/1.1" 200 - 1 0.001 0.003
2026-08-14 15:38:02,352 1 INFO rh_2026 werkzeug: 172.22.0.1 - - [14/Aug/2026 15:38:02] "POST /web/action/load HTTP/1.1" 200 - 10 0.007 0.011
2026-08-14 15:38:02,442 1 INFO rh_2026 werkzeug: 172.22.0.1 - - [14/Aug/2026 15:38:02] "POST /web/dataset/call_kw/ir.module.module/get_views HTTP/1.1" 200 - 58 0.025 0.043
2026-08-14 15:38:02,455 1 INFO rh_2026 werkzeug: 172.22.0.1 - - [14/Aug/2026 15:38:02] "POST /web/dataset/call_kw/ir.module.module/search_panel_select_range HTTP/1.1" 200 - 1 0.001 0.003
2026-08-14 15:38:02,511 1 INFO rh_2026 werkzeug: 172.22.0.1 - - [14/Aug/2026 15:38:02] "POST /web/dataset/call_kw/ir.module.module/search_panel_select_range HTTP/1.1" 200 - 70 0.038 0.021
2026-08-14 15:38:02,539 1 INFO rh_2026 werkzeug: 172.22.0.1 - - [14/Aug/2026 15:38:02] "POST /web/dataset/call_kw/ir.module.module/web_search_read HTTP/1.1" 200 - 6 0.006 0.077
2026-08-14 15:38:07,610 1 INFO rh_2026 werkzeug: 172.22.0.1 - - [14/Aug/2026 15:38:07] "POST /web/dataset/call_kw/ir.module.module/search_panel_select_range HTTP/1.1" 200 - 69 -0.641 0.024
2026-08-14 15:38:07,623 1 INFO rh_2026 werkzeug: 172.22.0.1 - - [14/Aug/2026 15:38:07] "POST /web/dataset/call_kw/ir.module.module/web_search_read HTTP/1.1" 200 - 6 0.003 0.004
2026-08-14 15:38:10,500 1 INFO rh_2026 odoo.addons.base.models.ir_module: ALLOW access to module.button_immediate_upgrade on ['Gestion recrutement'] to user admin@admin.com #2 via 172.22.0.1 
2026-08-14 15:38:10,503 1 INFO rh_2026 odoo.addons.base.models.ir_module: ALLOW access to module.button_upgrade on ['Gestion recrutement'] to user admin@admin.com #2 via 172.22.0.1 
2026-08-14 15:38:10,504 1 INFO rh_2026 odoo.addons.base.models.ir_module: ALLOW access to module.update_list on ['Gestion recrutement'] to user admin@admin.com #2 via 172.22.0.1 
2026-08-14 15:38:11,681 1 INFO rh_2026 odoo.addons.base.models.ir_module: ALLOW access to module.button_install on [] to user admin@admin.com #2 via 172.22.0.1 
2026-08-14 15:38:11,750 1 INFO rh_2026 odoo.modules.loading: loading 1 modules... 
2026-08-14 15:38:11,757 1 INFO rh_2026 odoo.modules.loading: 1 modules loaded in 0.01s, 0 queries (+0 extra) 
2026-08-14 15:38:11,783 1 INFO rh_2026 odoo.modules.loading: updating modules list 
2026-08-14 15:38:11,785 1 INFO rh_2026 odoo.addons.base.models.ir_module: ALLOW access to module.update_list on [] to user __system__ #1 via 172.22.0.1 
2026-08-14 15:38:12,665 1 INFO rh_2026 odoo.modules.loading: loading 43 modules... 
2026-08-14 15:38:12,698 1 INFO rh_2026 odoo.modules.loading: Loading module recrutement (43/43) 
2026-08-14 15:38:12,849 1 WARNING rh_2026 odoo.fields: Field recruitment.planning.header.state: unknown parameter 'tracking', if this is an actual parameter you may want to override the method _valid_field_parameter on the relevant model in order to allow it 
2026-08-14 15:38:12,862 1 INFO rh_2026 odoo.modules.registry: module recrutement: creating or updating database tables 
2026-08-14 15:38:12,968 1 INFO rh_2026 odoo.modules.loading: loading recrutement/security/security.xml 
2026-08-14 15:38:13,049 1 INFO rh_2026 odoo.modules.loading: loading recrutement/security/ir.model.access.csv 
2026-08-14 15:38:13,075 1 INFO rh_2026 odoo.modules.loading: loading recrutement/data/sequences.xml 
2026-08-14 15:38:13,090 1 INFO rh_2026 odoo.modules.loading: loading recrutement/views/recrutment_planning_header_views.xml 
2026-08-14 15:38:13,138 1 INFO rh_2026 odoo.modules.loading: loading recrutement/views/recrutment_direction_views.xml 
2026-08-14 15:38:13,168 1 INFO rh_2026 odoo.modules.loading: loading recrutement/views/recrutment_project_views.xml 
2026-08-14 15:38:13,192 1 INFO rh_2026 odoo.modules.loading: loading recrutement/views/recrutment_menu.xml 
2026-08-14 15:38:13,241 1 INFO rh_2026 odoo.modules.loading: Module recrutement loaded in 0.54s, 266 queries (+266 other) 
2026-08-14 15:38:13,242 1 INFO rh_2026 odoo.modules.loading: 43 modules loaded in 0.58s, 266 queries (+266 extra) 
2026-08-14 15:38:13,300 1 WARNING rh_2026 odoo.fields: Field recruitment.planning.header.state: unknown parameter 'tracking', if this is an actual parameter you may want to override the method _valid_field_parameter on the relevant model in order to allow it 
2026-08-14 15:38:13,369 1 WARNING rh_2026 odoo.fields: Field recruitment.planning.header.state: unknown parameter 'tracking', if this is an actual parameter you may want to override the method _valid_field_parameter on the relevant model in order to allow it 
2026-08-14 15:38:13,507 1 INFO rh_2026 odoo.addons.base.models.ir_model: Deleting 401@ir.model.access (recrutement.access_recruitment_project_drh) 
2026-08-14 15:38:13,524 1 INFO rh_2026 odoo.models.unlink: User #1 deleted ir.model.data records with IDs: [24904] 
2026-08-14 15:38:13,525 1 INFO rh_2026 odoo.models.unlink: User #1 deleted ir.model.access records with IDs: [401] 
2026-08-14 15:38:13,526 1 INFO rh_2026 odoo.addons.base.models.ir_model: Deleting 400@ir.model.access (recrutement.access_recruitment_project_dg) 
2026-08-14 15:38:13,531 1 INFO rh_2026 odoo.models.unlink: User #1 deleted ir.model.data records with IDs: [24903] 
2026-08-14 15:38:13,532 1 INFO rh_2026 odoo.models.unlink: User #1 deleted ir.model.access records with IDs: [400] 
2026-08-14 15:38:13,533 1 INFO rh_2026 odoo.addons.base.models.ir_model: Deleting 399@ir.model.access (recrutement.access_recruitment_project_rh) 
2026-08-14 15:38:13,539 1 INFO rh_2026 odoo.models.unlink: User #1 deleted ir.model.data records with IDs: [24902] 
2026-08-14 15:38:13,539 1 INFO rh_2026 odoo.models.unlink: User #1 deleted ir.model.access records with IDs: [399] 
2026-08-14 15:38:13,541 1 INFO rh_2026 odoo.addons.base.models.ir_model: Deleting 398@ir.model.access (recrutement.access_recruitment_project_directeur) 
2026-08-14 15:38:13,546 1 INFO rh_2026 odoo.models.unlink: User #1 deleted ir.model.data records with IDs: [24901] 
2026-08-14 15:38:13,547 1 INFO rh_2026 odoo.models.unlink: User #1 deleted ir.model.access records with IDs: [398] 
2026-08-14 15:38:13,548 1 INFO rh_2026 odoo.addons.base.models.ir_model: Deleting 397@ir.model.access (recrutement.access_recruitment_direction_drh) 
2026-08-14 15:38:13,553 1 INFO rh_2026 odoo.models.unlink: User #1 deleted ir.model.data records with IDs: [24900] 
2026-08-14 15:38:13,554 1 INFO rh_2026 odoo.models.unlink: User #1 deleted ir.model.access records with IDs: [397] 
2026-08-14 15:38:13,555 1 INFO rh_2026 odoo.addons.base.models.ir_model: Deleting 396@ir.model.access (recrutement.access_recruitment_direction_dg) 
2026-08-14 15:38:13,560 1 INFO rh_2026 odoo.models.unlink: User #1 deleted ir.model.data records with IDs: [24899] 
2026-08-14 15:38:13,561 1 INFO rh_2026 odoo.models.unlink: User #1 deleted ir.model.access records with IDs: [396] 
2026-08-14 15:38:13,562 1 INFO rh_2026 odoo.addons.base.models.ir_model: Deleting 395@ir.model.access (recrutement.access_recruitment_direction_rh) 
2026-08-14 15:38:13,568 1 INFO rh_2026 odoo.models.unlink: User #1 deleted ir.model.data records with IDs: [24898] 
2026-08-14 15:38:13,569 1 INFO rh_2026 odoo.models.unlink: User #1 deleted ir.model.access records with IDs: [395] 
2026-08-14 15:38:13,570 1 INFO rh_2026 odoo.addons.base.models.ir_model: Deleting 394@ir.model.access (recrutement.access_recruitment_direction_directeur) 
2026-08-14 15:38:13,576 1 INFO rh_2026 odoo.models.unlink: User #1 deleted ir.model.data records with IDs: [24897] 
2026-08-14 15:38:13,577 1 INFO rh_2026 odoo.models.unlink: User #1 deleted ir.model.access records with IDs: [394] 
2026-08-14 15:38:14,008 1 INFO rh_2026 odoo.modules.loading: Modules loaded. 
2026-08-14 15:38:14,012 1 INFO rh_2026 odoo.modules.registry: Registry changed, signaling through the database 
2026-08-14 15:38:14,014 1 INFO rh_2026 odoo.modules.registry: Registry loaded in 2.287s 
2026-08-14 15:38:14,015 1 INFO rh_2026 odoo.addons.base.models.ir_module: getting next ir.actions.todo() 
2026-08-14 15:38:14,021 1 INFO rh_2026 werkzeug: 172.22.0.1 - - [14/Aug/2026 15:38:14] "POST /web/dataset/call_button/ir.module.module/button_immediate_upgrade HTTP/1.1" 200 - 5263 2.047 1.479
2026-08-14 15:38:14,038 1 INFO rh_2026 odoo.addons.base.models.ir_http: Generating routing map for key None 
2026-08-14 15:38:15,070 1 WARNING rh_2026 odoo.addons.base.models.ir_qweb: Found deprecated directive @t-esc="title or 'Odoo'" in template 180. Replace by @t-out 
2026-08-14 15:38:15,072 1 WARNING rh_2026 odoo.addons.base.models.ir_qweb: Found deprecated directive @t-esc='request.csrf_token(None)' in template 180. Replace by @t-out 
2026-08-14 15:38:15,073 1 WARNING rh_2026 odoo.addons.base.models.ir_qweb: Found deprecated directive @t-esc='debug' in template 180. Replace by @t-out 
2026-08-14 15:38:15,077 1 INFO rh_2026 werkzeug: 172.22.0.1 - - [14/Aug/2026 15:38:15] "GET /odoo HTTP/1.1" 200 - 103 0.034 1.008
2026-08-14 15:38:15,166 1 INFO rh_2026 werkzeug: 172.22.0.1 - - [14/Aug/2026 15:38:15] "GET /web/manifest.webmanifest HTTP/1.1" 200 - 11 0.005 0.006
2026-08-14 15:38:15,273 1 INFO rh_2026 werkzeug: 172.22.0.1 - - [14/Aug/2026 15:38:15] "POST /web/action/load HTTP/1.1" 200 - 7 0.019 0.009
2026-08-14 15:38:15,277 1 INFO rh_2026 werkzeug: 172.22.0.1 - - [14/Aug/2026 15:38:15] "GET /web/image?model=res.users&field=avatar_128&id=2 HTTP/1.1" 304 - 21 0.019 0.015
2026-08-14 15:38:15,314 1 INFO rh_2026 werkzeug: 172.22.0.1 - - [14/Aug/2026 15:38:15] "POST /mail/data HTTP/1.1" 200 - 63 0.032 0.031
2026-08-14 15:38:15,414 1 INFO rh_2026 werkzeug: 172.22.0.1 - - [14/Aug/2026 15:38:15] "POST /mail/data HTTP/1.1" 200 - 76 0.043 0.051
2026-08-14 15:38:15,506 1 INFO rh_2026 werkzeug: 172.22.0.1 - - [14/Aug/2026 15:38:15] "POST /mail/inbox/messages HTTP/1.1" 200 - 8 0.006 0.010
2026-08-14 15:38:17,184 1 INFO rh_2026 werkzeug: 172.22.0.1 - - [14/Aug/2026 15:38:17] "GET /web/service-worker.js HTTP/1.1" 200 - 1 0.001 0.003
2026-08-14 15:38:19,454 1 INFO rh_2026 odoo.addons.base.models.ir_cron: Job 'Base: Auto-vacuum internal data' (1) starting 
2026-08-14 15:38:19,478 1 INFO rh_2026 odoo.addons.base.models.ir_attachment: filestore gc 0 checked, 0 removed 
2026-08-14 15:38:19,530 1 INFO rh_2026 odoo.addons.base.models.res_users: GC'd 0 user log entries 
2026-08-14 15:38:19,541 1 INFO rh_2026 odoo.addons.base.models.res_users: GC 'res.users.apikeys' delete 0 entries 
2026-08-14 15:38:19,549 1 INFO rh_2026 odoo.addons.base.models.res_device: GC device logs delete 0 entries 
2026-08-14 15:38:19,551 1 INFO rh_2026 odoo.addons.base.models.res_device: GC device logs delete 0 entries 
2026-08-14 15:38:19,568 1 INFO rh_2026 odoo.addons.base.models.res_users: GC 'auth_totp.device' delete 0 entries 
2026-08-14 15:38:19,660 1 INFO rh_2026 odoo.addons.sms.models.sms_sms: GC'd 0 sms marked for deletion 
2026-08-14 15:38:19,694 1 INFO rh_2026 werkzeug: 172.22.0.1 - - [14/Aug/2026 15:38:19] "POST /web/action/load HTTP/1.1" 200 - 10 0.015 0.006
2026-08-14 15:38:19,721 1 INFO rh_2026 odoo.addons.base.models.ir_cron: Job 'Base: Auto-vacuum internal data' (1) done in 0.266s 
2026-08-14 15:38:19,727 1 INFO rh_2026 odoo.addons.base.models.ir_cron: Job 'Base: Auto-vacuum internal data' (1) processed 0 records, 0 records remaining 
2026-08-14 15:38:19,733 1 INFO rh_2026 odoo.addons.base.models.ir_cron: Job 'Base: Auto-vacuum internal data' (1) completed 
2026-08-14 15:38:19,803 1 INFO rh_2026 werkzeug: 172.22.0.1 - - [14/Aug/2026 15:38:19] "POST /web/dataset/call_kw/ir.module.module/get_views HTTP/1.1" 200 - 60 0.023 0.050
2026-08-14 15:38:19,819 1 INFO rh_2026 werkzeug: 172.22.0.1 - - [14/Aug/2026 15:38:19] "POST /web/dataset/call_kw/ir.module.module/search_panel_select_range HTTP/1.1" 200 - 1 0.001 0.008
2026-08-14 15:38:19,869 1 INFO rh_2026 werkzeug: 172.22.0.1 - - [14/Aug/2026 15:38:19] "POST /web/dataset/call_kw/ir.module.module/web_search_read HTTP/1.1" 200 - 6 0.005 0.050
2026-08-14 15:38:19,874 1 INFO rh_2026 werkzeug: 172.22.0.1 - - [14/Aug/2026 15:38:19] "POST /web/dataset/call_kw/ir.module.module/search_panel_select_range HTTP/1.1" 200 - 70 0.046 0.017
2026-08-14 15:39:17,296 1 INFO rh_2026 odoo.addons.base.models.ir_cron: Job 'Base: Auto-vacuum internal data' (1) starting 
2026-08-14 15:39:17,338 1 INFO rh_2026 odoo.addons.base.models.ir_attachment: filestore gc 0 checked, 0 removed 
2026-08-14 15:39:17,390 1 INFO rh_2026 odoo.addons.base.models.res_users: GC'd 0 user log entries 
2026-08-14 15:39:17,397 1 INFO rh_2026 odoo.addons.base.models.res_users: GC 'res.users.apikeys' delete 0 entries 
2026-08-14 15:39:17,403 1 INFO rh_2026 odoo.addons.base.models.res_device: GC device logs delete 0 entries 
2026-08-14 15:39:17,405 1 INFO rh_2026 odoo.addons.base.models.res_device: GC device logs delete 0 entries 
2026-08-14 15:39:17,417 1 INFO rh_2026 odoo.addons.base.models.res_users: GC 'auth_totp.device' delete 0 entries 
2026-08-14 15:39:17,494 1 INFO rh_2026 odoo.addons.sms.models.sms_sms: GC'd 0 sms marked for deletion 
2026-08-14 15:39:17,535 1 INFO rh_2026 odoo.addons.base.models.ir_cron: Job 'Base: Auto-vacuum internal data' (1) done in 0.238s 
2026-08-14 15:39:17,551 1 INFO rh_2026 odoo.addons.base.models.ir_cron: Job 'Base: Auto-vacuum internal data' (1) processed 0 records, 0 records remaining 
2026-08-14 15:39:17,554 1 INFO rh_2026 odoo.addons.base.models.ir_cron: Job 'Base: Auto-vacuum internal data' (1) completed 
2026-08-14 15:39:29,154 1 INFO ? odoo.service.server: Initiating shutdown 
2026-08-14 15:39:29,155 1 INFO ? odoo.service.server: Hit CTRL-C again or send a second signal to force the shutdown. 
2026-08-14 15:39:29,502 1 INFO ? odoo.sql_db: ConnectionPool(read/write;used=0/count=0/max=64): Closed 5 connections  
2026-08-14 15:39:34,423 1 INFO ? odoo: Odoo version 18.0-20260209 
2026-08-14 15:39:34,423 1 INFO ? odoo: Using configuration file at /etc/odoo/odoo.conf 
2026-08-14 15:39:34,424 1 INFO ? odoo: addons paths: ['/usr/lib/python3/dist-packages/odoo/addons', '/var/lib/odoo/.local/share/Odoo/addons/18.0', '/mnt/extra-addons'] 
2026-08-14 15:39:34,424 1 INFO ? odoo: database: odoo@postgres:5432 
2026-08-14 15:39:34,053 1 INFO ? odoo.addons.base.models.ir_actions_report: Will use the Wkhtmltopdf binary at /usr/local/bin/wkhtmltopdf 
2026-08-14 15:39:34,083 1 INFO ? odoo.addons.base.models.ir_actions_report: Will use the Wkhtmltoimage binary at /usr/local/bin/wkhtmltoimage 
2026-08-14 15:39:34,390 1 INFO ? odoo.service.server: Watching addons folder /usr/lib/python3/dist-packages/odoo/addons 
2026-08-14 15:39:34,391 1 INFO ? odoo.service.server: Watching addons folder /var/lib/odoo/.local/share/Odoo/addons/18.0 
2026-08-14 15:39:34,391 1 INFO ? odoo.service.server: Watching addons folder /mnt/extra-addons 
2026-08-14 15:39:37,364 1 INFO ? odoo.service.server: AutoReload watcher running with watchdog 
2026-08-14 15:39:37,365 1 INFO ? odoo.service.server: HTTP service (werkzeug) running on e2fba4569066:8069 
2026-08-14 15:39:39,712 1 INFO ? odoo.modules.loading: loading 1 modules... 
2026-08-14 15:39:39,720 1 INFO ? odoo.modules.loading: 1 modules loaded in 0.01s, 0 queries (+0 extra) 
2026-08-14 15:39:39,764 1 WARNING ? odoo.modules.module: Missing `license` key in manifest for 'recrutement', defaulting to LGPL-3 
2026-08-14 15:39:39,772 1 INFO ? odoo.modules.loading: loading 43 modules... 
2026-08-14 15:39:40,685 1 WARNING ? py.warnings: /usr/lib/python3/dist-packages/odoo/api.py:484: DeprecationWarning: The model odoo.addons.recrutement.models.recruitment_planning_header is not overriding the create method in batch
  File "/usr/lib/python3.12/threading.py", line 1030, in _bootstrap
    self._bootstrap_inner()
  File "/usr/lib/python3.12/threading.py", line 1073, in _bootstrap_inner
    self.run()
  File "/usr/lib/python3.12/threading.py", line 1010, in run
    self._target(*self._args, **self._kwargs)
  File "/usr/lib/python3.12/socketserver.py", line 692, in process_request_thread
    self.finish_request(request, client_address)
  File "/usr/lib/python3.12/socketserver.py", line 362, in finish_request
    self.RequestHandlerClass(request, client_address, self)
  File "/usr/lib/python3/dist-packages/odoo/service/server.py", line 128, in __init__
    super().__init__(*args, **kwargs)
  File "/usr/lib/python3.12/socketserver.py", line 761, in __init__
    self.handle()
  File "/usr/lib/python3/dist-packages/werkzeug/serving.py", line 390, in handle
    super().handle()
  File "/usr/lib/python3.12/http/server.py", line 436, in handle
    self.handle_one_request()
  File "/usr/lib/python3.12/http/server.py", line 424, in handle_one_request
    method()
  File "/usr/lib/python3/dist-packages/werkzeug/serving.py", line 362, in run_wsgi
    execute(self.server.app)
  File "/usr/lib/python3/dist-packages/werkzeug/serving.py", line 323, in execute
    application_iter = app(environ, start_response)
  File "/usr/lib/python3/dist-packages/odoo/http.py", line 2576, in __call__
    response = request._serve_db()
  File "/usr/lib/python3/dist-packages/odoo/http.py", line 2080, in _serve_db
    self.registry, cr_readwrite = self._open_registry()
  File "/usr/lib/python3/dist-packages/odoo/http.py", line 1690, in _open_registry
    registry = Registry(self.db)
  File "/usr/lib/python3/dist-packages/odoo/modules/registry.py", line 108, in __new__
    return cls.new(db_name)
  File "/usr/lib/python3/dist-packages/decorator.py", line 232, in fun
    return caller(func, *(extras + args), **kw)
  File "/usr/lib/python3/dist-packages/odoo/tools/func.py", line 97, in locked
    return func(inst, *args, **kwargs)
  File "/usr/lib/python3/dist-packages/odoo/modules/registry.py", line 129, in new
    odoo.modules.load_modules(registry, force_demo, status, update_module)
  File "/usr/lib/python3/dist-packages/odoo/modules/loading.py", line 485, in load_modules
    processed_modules += load_marked_modules(env, graph,
  File "/usr/lib/python3/dist-packages/odoo/modules/loading.py", line 365, in load_marked_modules
    loaded, processed = load_module_graph(
  File "/usr/lib/python3/dist-packages/odoo/modules/loading.py", line 186, in load_module_graph
    load_openerp_module(package.name)
  File "/usr/lib/python3/dist-packages/odoo/modules/module.py", line 384, in load_openerp_module
    __import__(qualname)
  File "/mnt/extra-addons/recrutement/__init__.py", line 1, in <module>
    from . import models
  File "/mnt/extra-addons/recrutement/models/__init__.py", line 1, in <module>
    from . import recruitment_planning_header
  File "/mnt/extra-addons/recrutement/models/recruitment_planning_header.py", line 5, in <module>
    class RecruitmentPlanningHeader(models.Model):
  File "/mnt/extra-addons/recrutement/models/recruitment_planning_header.py", line 213, in RecruitmentPlanningHeader
    @api.model
  File "/usr/lib/python3/dist-packages/odoo/api.py", line 431, in model
    return model_create_single(method)
  File "/usr/lib/python3/dist-packages/odoo/api.py", line 484, in model_create_single
    warnings.warn(
 
2026-08-14 15:39:40,711 1 INFO ? odoo.modules.loading: 43 modules loaded in 0.94s, 0 queries (+0 extra) 
2026-08-14 15:39:40,803 1 WARNING ? odoo.fields: Field recruitment.planning.header.state: unknown parameter 'tracking', if this is an actual parameter you may want to override the method _valid_field_parameter on the relevant model in order to allow it 
2026-08-14 15:39:40,817 1 INFO ? odoo.modules.loading: Modules loaded. 
2026-08-14 15:39:40,836 1 INFO ? odoo.modules.registry: Registry loaded in 1.183s 
2026-08-14 15:39:40,838 1 INFO rh_2026 odoo.addons.base.models.ir_http: Generating routing map for key None 
2026-08-14 15:39:40,878 1 INFO rh_2026 werkzeug: 172.22.0.1 - - [14/Aug/2026 15:39:40] "GET /websocket?version=18.0-7 HTTP/1.1" 101 - 21 0.085 1.142
2026-08-14 15:39:40,899 1 INFO rh_2026 werkzeug: 172.22.0.1 - - [14/Aug/2026 15:39:40] "POST /bus/has_missed_notifications HTTP/1.1" 200 - 3 0.003 0.004
2026-08-14 15:39:41,079 1 WARNING rh_2026 odoo.modules.module: Missing `license` key in manifest for 'recrutement', defaulting to LGPL-3 
2026-08-14 15:39:41,230 1 INFO ? odoo.addons.bus.models.bus: Bus.loop listen imbus on db postgres 
2026-08-14 15:39:42,019 1 WARNING rh_2026 odoo.addons.base.models.ir_qweb: Found deprecated directive @t-esc="title or 'Odoo'" in template 180. Replace by @t-out 
2026-08-14 15:39:42,020 1 WARNING rh_2026 odoo.addons.base.models.ir_qweb: Found deprecated directive @t-esc='request.csrf_token(None)' in template 180. Replace by @t-out 
2026-08-14 15:39:42,021 1 WARNING rh_2026 odoo.addons.base.models.ir_qweb: Found deprecated directive @t-esc='debug' in template 180. Replace by @t-out 
2026-08-14 15:39:42,026 1 INFO rh_2026 werkzeug: 172.22.0.1 - - [14/Aug/2026 15:39:42] "GET /odoo/apps HTTP/1.1" 200 - 110 0.147 1.922
2026-08-14 15:39:42,140 1 INFO rh_2026 werkzeug: 172.22.0.1 - - [14/Aug/2026 15:39:42] "GET /web/manifest.webmanifest HTTP/1.1" 200 - 11 0.017 0.005
2026-08-14 15:39:42,206 1 INFO rh_2026 werkzeug: 172.22.0.1 - - [14/Aug/2026 15:39:42] "GET /websocket?version=18.0-7 HTTP/1.1" 101 - 1 0.003 0.023
2026-08-14 15:39:42,215 1 INFO rh_2026 werkzeug: 172.22.0.1 - - [14/Aug/2026 15:39:42] "GET /web/image?model=res.users&field=avatar_128&id=2 HTTP/1.1" 304 - 21 0.026 0.019
2026-08-14 15:39:42,231 1 INFO rh_2026 werkzeug: 172.22.0.1 - - [14/Aug/2026 15:39:42] "POST /bus/has_missed_notifications HTTP/1.1" 200 - 2 0.004 0.010
2026-08-14 15:39:42,312 1 INFO rh_2026 werkzeug: 172.22.0.1 - - [14/Aug/2026 15:39:42] "POST /mail/data HTTP/1.1" 200 - 63 0.084 0.050
2026-08-14 15:39:42,955 1 INFO rh_2026 werkzeug: 172.22.0.1 - - [14/Aug/2026 15:39:42] "POST /web/action/load HTTP/1.1" 200 - 11 0.014 0.766
2026-08-14 15:39:43,061 1 INFO rh_2026 werkzeug: 172.22.0.1 - - [14/Aug/2026 15:39:43] "POST /web/dataset/call_kw/ir.module.module/get_views HTTP/1.1" 200 - 61 0.033 0.063
2026-08-14 15:39:43,076 1 INFO rh_2026 werkzeug: 172.22.0.1 - - [14/Aug/2026 15:39:43] "POST /web/dataset/call_kw/ir.module.module/search_panel_select_range HTTP/1.1" 200 - 1 0.001 0.007
2026-08-14 15:39:43,121 1 INFO rh_2026 werkzeug: 172.22.0.1 - - [14/Aug/2026 15:39:43] "POST /web/dataset/call_kw/ir.module.module/search_panel_select_range HTTP/1.1" 200 - 70 0.032 0.019
2026-08-14 15:39:43,146 1 INFO rh_2026 werkzeug: 172.22.0.1 - - [14/Aug/2026 15:39:43] "POST /web/dataset/call_kw/ir.module.module/web_search_read HTTP/1.1" 200 - 6 0.008 0.068
2026-08-14 15:39:43,834 1 INFO rh_2026 werkzeug: 172.22.0.1 - - [14/Aug/2026 15:39:43] "GET /web/service-worker.js HTTP/1.1" 200 - 1 0.001 0.005
2026-08-14 15:39:49,481 1 INFO rh_2026 werkzeug: 172.22.0.1 - - [14/Aug/2026 15:39:49] "POST /web/dataset/call_kw/ir.module.module/search_panel_select_range HTTP/1.1" 200 - 69 0.031 0.020
2026-08-14 15:39:49,494 1 INFO rh_2026 werkzeug: 172.22.0.1 - - [14/Aug/2026 15:39:49] "POST /web/dataset/call_kw/ir.module.module/web_search_read HTTP/1.1" 200 - 6 0.003 0.005
2026-08-14 15:39:52,302 1 INFO rh_2026 odoo.addons.base.models.ir_module: ALLOW access to module.button_immediate_upgrade on ['Gestion recrutement'] to user admin@admin.com #2 via 172.22.0.1 
2026-08-14 15:39:52,305 1 INFO rh_2026 odoo.addons.base.models.ir_module: ALLOW access to module.button_upgrade on ['Gestion recrutement'] to user admin@admin.com #2 via 172.22.0.1 
2026-08-14 15:39:52,306 1 INFO rh_2026 odoo.addons.base.models.ir_module: ALLOW access to module.update_list on ['Gestion recrutement'] to user admin@admin.com #2 via 172.22.0.1 
2026-08-14 15:39:53,446 1 INFO rh_2026 odoo.addons.base.models.ir_module: ALLOW access to module.button_install on [] to user admin@admin.com #2 via 172.22.0.1 
2026-08-14 15:39:53,514 1 INFO rh_2026 odoo.modules.loading: loading 1 modules... 
2026-08-14 15:39:53,521 1 INFO rh_2026 odoo.modules.loading: 1 modules loaded in 0.01s, 0 queries (+0 extra) 
2026-08-14 15:39:53,543 1 INFO rh_2026 odoo.modules.loading: updating modules list 
2026-08-14 15:39:53,545 1 INFO rh_2026 odoo.addons.base.models.ir_module: ALLOW access to module.update_list on [] to user __system__ #1 via 172.22.0.1 
2026-08-14 15:39:54,316 1 INFO rh_2026 odoo.modules.loading: loading 43 modules... 
2026-08-14 15:39:54,344 1 INFO rh_2026 odoo.modules.loading: Loading module recrutement (43/43) 
2026-08-14 15:39:54,495 1 WARNING rh_2026 odoo.fields: Field recruitment.planning.header.state: unknown parameter 'tracking', if this is an actual parameter you may want to override the method _valid_field_parameter on the relevant model in order to allow it 
2026-08-14 15:39:54,507 1 INFO rh_2026 odoo.modules.registry: module recrutement: creating or updating database tables 
2026-08-14 15:39:54,611 1 INFO rh_2026 odoo.modules.loading: loading recrutement/security/security.xml 
2026-08-14 15:39:54,688 1 INFO rh_2026 odoo.modules.loading: loading recrutement/security/ir.model.access.csv 
2026-08-14 15:39:54,710 1 INFO rh_2026 odoo.modules.loading: loading recrutement/data/sequences.xml 
2026-08-14 15:39:54,722 1 INFO rh_2026 odoo.modules.loading: loading recrutement/views/recrutment_planning_header_views.xml 
2026-08-14 15:39:54,760 1 INFO rh_2026 odoo.modules.loading: loading recrutement/views/recrutment_direction_views.xml 
2026-08-14 15:39:54,786 1 INFO rh_2026 odoo.modules.loading: loading recrutement/views/recrutment_project_views.xml 
2026-08-14 15:39:54,810 1 INFO rh_2026 odoo.modules.loading: loading recrutement/views/recruitment_menu.xml 
2026-08-14 15:39:54,855 1 WARNING rh_2026 odoo.modules.loading: The models ['recruitment.direction', 'recruitment.project'] have no access rules in module recrutement, consider adding some, like:
id,name,model_id:id,group_id:id,perm_read,perm_write,perm_create,perm_unlink
recrutement.access_recruitment_direction,access_recruitment_direction,recrutement.model_recruitment_direction,base.group_user,1,0,0,0
recrutement.access_recruitment_project,access_recruitment_project,recrutement.model_recruitment_project,base.group_user,1,0,0,0 
2026-08-14 15:39:54,861 1 INFO rh_2026 odoo.modules.loading: Module recrutement loaded in 0.52s, 248 queries (+248 other) 
2026-08-14 15:39:54,862 1 INFO rh_2026 odoo.modules.loading: 43 modules loaded in 0.55s, 248 queries (+248 extra) 
2026-08-14 15:39:54,920 1 WARNING rh_2026 odoo.fields: Field recruitment.planning.header.state: unknown parameter 'tracking', if this is an actual parameter you may want to override the method _valid_field_parameter on the relevant model in order to allow it 
2026-08-14 15:39:54,986 1 WARNING rh_2026 odoo.fields: Field recruitment.planning.header.state: unknown parameter 'tracking', if this is an actual parameter you may want to override the method _valid_field_parameter on the relevant model in order to allow it 
2026-08-14 15:39:55,118 1 INFO rh_2026 odoo.addons.base.models.ir_model: Deleting 186@ir.ui.menu (recrutement.menu_recruitment_direction) 
2026-08-14 15:39:55,136 1 INFO rh_2026 odoo.models.unlink: User #1 deleted ir.model.data records with IDs: [24922] 
2026-08-14 15:39:55,137 1 INFO rh_2026 odoo.models.unlink: User #1 deleted ir.ui.menu records with IDs: [186] 
2026-08-14 15:39:55,138 1 INFO rh_2026 odoo.addons.base.models.ir_model: Deleting 185@ir.ui.menu (recrutement.menu_recruitment_project) 
2026-08-14 15:39:55,143 1 INFO rh_2026 odoo.models.unlink: User #1 deleted ir.model.data records with IDs: [24921] 
2026-08-14 15:39:55,144 1 INFO rh_2026 odoo.models.unlink: User #1 deleted ir.ui.menu records with IDs: [185] 
2026-08-14 15:39:55,562 1 INFO rh_2026 odoo.modules.loading: Modules loaded. 
2026-08-14 15:39:55,574 1 INFO rh_2026 odoo.modules.registry: Registry changed, signaling through the database 
2026-08-14 15:39:55,578 1 INFO rh_2026 odoo.modules.registry: Registry loaded in 2.087s 
2026-08-14 15:39:55,580 1 INFO rh_2026 odoo.addons.base.models.ir_module: getting next ir.actions.todo() 
2026-08-14 15:39:55,589 1 INFO rh_2026 werkzeug: 172.22.0.1 - - [14/Aug/2026 15:39:55] "POST /web/dataset/call_button/ir.module.module/button_immediate_upgrade HTTP/1.1" 200 - 5175 1.901 1.390
2026-08-14 15:39:55,604 1 INFO rh_2026 odoo.addons.base.models.ir_http: Generating routing map for key None 
2026-08-14 15:39:56,576 1 WARNING rh_2026 odoo.addons.base.models.ir_qweb: Found deprecated directive @t-esc="title or 'Odoo'" in template 180. Replace by @t-out 
2026-08-14 15:39:56,578 1 WARNING rh_2026 odoo.addons.base.models.ir_qweb: Found deprecated directive @t-esc='request.csrf_token(None)' in template 180. Replace by @t-out 
2026-08-14 15:39:56,578 1 WARNING rh_2026 odoo.addons.base.models.ir_qweb: Found deprecated directive @t-esc='debug' in template 180. Replace by @t-out 
2026-08-14 15:39:56,582 1 INFO rh_2026 werkzeug: 172.22.0.1 - - [14/Aug/2026 15:39:56] "GET /odoo HTTP/1.1" 200 - 103 0.032 0.949
2026-08-14 15:39:56,683 1 INFO rh_2026 werkzeug: 172.22.0.1 - - [14/Aug/2026 15:39:56] "GET /web/manifest.webmanifest HTTP/1.1" 200 - 11 0.006 0.007
2026-08-14 15:39:56,777 1 INFO rh_2026 werkzeug: 172.22.0.1 - - [14/Aug/2026 15:39:56] "POST /web/action/load HTTP/1.1" 200 - 7 0.020 0.009
2026-08-14 15:39:56,779 1 INFO rh_2026 werkzeug: 172.22.0.1 - - [14/Aug/2026 15:39:56] "GET /web/image?model=res.users&field=avatar_128&id=2 HTTP/1.1" 304 - 21 0.019 0.015
2026-08-14 15:39:56,829 1 INFO rh_2026 werkzeug: 172.22.0.1 - - [14/Aug/2026 15:39:56] "POST /mail/data HTTP/1.1" 200 - 63 0.043 0.033
2026-08-14 15:39:56,905 1 INFO rh_2026 werkzeug: 172.22.0.1 - - [14/Aug/2026 15:39:56] "POST /mail/data HTTP/1.1" 200 - 76 0.042 0.047
2026-08-14 15:39:56,984 1 INFO rh_2026 werkzeug: 172.22.0.1 - - [14/Aug/2026 15:39:56] "POST /mail/inbox/messages HTTP/1.1" 200 - 8 0.005 0.006
2026-08-14 15:39:58,585 1 INFO rh_2026 werkzeug: 172.22.0.1 - - [14/Aug/2026 15:39:58] "GET /web/service-worker.js HTTP/1.1" 200 - 1 0.001 0.002
2026-08-14 15:40:54,412 1 INFO ? odoo.service.server: Initiating shutdown 
2026-08-14 15:40:54,413 1 INFO ? odoo.service.server: Hit CTRL-C again or send a second signal to force the shutdown. 
2026-08-14 15:40:54,848 1 INFO ? odoo.sql_db: ConnectionPool(read/write;used=0/count=0/max=64): Closed 5 connections  
2026-08-14 15:41:02,583 1 INFO ? odoo: Odoo version 18.0-20260209 
2026-08-14 15:41:02,584 1 INFO ? odoo: Using configuration file at /etc/odoo/odoo.conf 
2026-08-14 15:41:02,584 1 INFO ? odoo: addons paths: ['/usr/lib/python3/dist-packages/odoo/addons', '/var/lib/odoo/.local/share/Odoo/addons/18.0', '/mnt/extra-addons'] 
2026-08-14 15:41:02,585 1 INFO ? odoo: database: odoo@postgres:5432 
2026-08-14 15:41:02,898 1 INFO ? odoo.addons.base.models.ir_actions_report: Will use the Wkhtmltopdf binary at /usr/local/bin/wkhtmltopdf 
2026-08-14 15:41:02,937 1 INFO ? odoo.addons.base.models.ir_actions_report: Will use the Wkhtmltoimage binary at /usr/local/bin/wkhtmltoimage 
2026-08-14 15:41:03,242 1 INFO ? odoo.service.server: Watching addons folder /usr/lib/python3/dist-packages/odoo/addons 
2026-08-14 15:41:03,242 1 INFO ? odoo.service.server: Watching addons folder /var/lib/odoo/.local/share/Odoo/addons/18.0 
2026-08-14 15:41:03,243 1 INFO ? odoo.service.server: Watching addons folder /mnt/extra-addons 
2026-08-14 15:41:06,260 1 INFO ? odoo.service.server: AutoReload watcher running with watchdog 
2026-08-14 15:41:06,261 1 INFO ? odoo.service.server: HTTP service (werkzeug) running on 2ff81584edb0:8069 
2026-08-14 15:41:08,254 1 INFO ? odoo.modules.loading: loading 1 modules... 
2026-08-14 15:41:08,261 1 INFO ? odoo.modules.loading: 1 modules loaded in 0.01s, 0 queries (+0 extra) 
2026-08-14 15:41:08,299 1 WARNING ? odoo.modules.module: Missing `license` key in manifest for 'recrutement', defaulting to LGPL-3 
2026-08-14 15:41:08,307 1 INFO ? odoo.modules.loading: loading 43 modules... 
2026-08-14 15:41:09,093 1 WARNING ? py.warnings: /usr/lib/python3/dist-packages/odoo/api.py:484: DeprecationWarning: The model odoo.addons.recrutement.models.recruitment_planning_header is not overriding the create method in batch
  File "/usr/lib/python3.12/threading.py", line 1030, in _bootstrap
    self._bootstrap_inner()
  File "/usr/lib/python3.12/threading.py", line 1073, in _bootstrap_inner
    self.run()
  File "/usr/lib/python3.12/threading.py", line 1010, in run
    self._target(*self._args, **self._kwargs)
  File "/usr/lib/python3.12/socketserver.py", line 692, in process_request_thread
    self.finish_request(request, client_address)
  File "/usr/lib/python3.12/socketserver.py", line 362, in finish_request
    self.RequestHandlerClass(request, client_address, self)
  File "/usr/lib/python3/dist-packages/odoo/service/server.py", line 128, in __init__
    super().__init__(*args, **kwargs)
  File "/usr/lib/python3.12/socketserver.py", line 761, in __init__
    self.handle()
  File "/usr/lib/python3/dist-packages/werkzeug/serving.py", line 390, in handle
    super().handle()
  File "/usr/lib/python3.12/http/server.py", line 436, in handle
    self.handle_one_request()
  File "/usr/lib/python3.12/http/server.py", line 424, in handle_one_request
    method()
  File "/usr/lib/python3/dist-packages/werkzeug/serving.py", line 362, in run_wsgi
    execute(self.server.app)
  File "/usr/lib/python3/dist-packages/werkzeug/serving.py", line 323, in execute
    application_iter = app(environ, start_response)
  File "/usr/lib/python3/dist-packages/odoo/http.py", line 2576, in __call__
    response = request._serve_db()
  File "/usr/lib/python3/dist-packages/odoo/http.py", line 2080, in _serve_db
    self.registry, cr_readwrite = self._open_registry()
  File "/usr/lib/python3/dist-packages/odoo/http.py", line 1690, in _open_registry
    registry = Registry(self.db)
  File "/usr/lib/python3/dist-packages/odoo/modules/registry.py", line 108, in __new__
    return cls.new(db_name)
  File "/usr/lib/python3/dist-packages/decorator.py", line 232, in fun
    return caller(func, *(extras + args), **kw)
  File "/usr/lib/python3/dist-packages/odoo/tools/func.py", line 97, in locked
    return func(inst, *args, **kwargs)
  File "/usr/lib/python3/dist-packages/odoo/modules/registry.py", line 129, in new
    odoo.modules.load_modules(registry, force_demo, status, update_module)
  File "/usr/lib/python3/dist-packages/odoo/modules/loading.py", line 485, in load_modules
    processed_modules += load_marked_modules(env, graph,
  File "/usr/lib/python3/dist-packages/odoo/modules/loading.py", line 365, in load_marked_modules
    loaded, processed = load_module_graph(
  File "/usr/lib/python3/dist-packages/odoo/modules/loading.py", line 186, in load_module_graph
    load_openerp_module(package.name)
  File "/usr/lib/python3/dist-packages/odoo/modules/module.py", line 384, in load_openerp_module
    __import__(qualname)
  File "/mnt/extra-addons/recrutement/__init__.py", line 1, in <module>
    from . import models
  File "/mnt/extra-addons/recrutement/models/__init__.py", line 1, in <module>
    from . import recruitment_planning_header
  File "/mnt/extra-addons/recrutement/models/recruitment_planning_header.py", line 5, in <module>
    class RecruitmentPlanningHeader(models.Model):
  File "/mnt/extra-addons/recrutement/models/recruitment_planning_header.py", line 213, in RecruitmentPlanningHeader
    @api.model
  File "/usr/lib/python3/dist-packages/odoo/api.py", line 431, in model
    return model_create_single(method)
  File "/usr/lib/python3/dist-packages/odoo/api.py", line 484, in model_create_single
    warnings.warn(
 
2026-08-14 15:41:09,117 1 INFO ? odoo.modules.loading: 43 modules loaded in 0.81s, 0 queries (+0 extra) 
2026-08-14 15:41:09,208 1 WARNING ? odoo.fields: Field recruitment.planning.header.state: unknown parameter 'tracking', if this is an actual parameter you may want to override the method _valid_field_parameter on the relevant model in order to allow it 
2026-08-14 15:41:09,223 1 INFO ? odoo.modules.loading: Modules loaded. 
2026-08-14 15:41:09,231 1 INFO ? odoo.modules.registry: Registry loaded in 1.031s 
2026-08-14 15:41:09,233 1 INFO rh_2026 odoo.addons.base.models.ir_http: Generating routing map for key None 
2026-08-14 15:41:09,271 1 INFO rh_2026 werkzeug: 172.22.0.1 - - [14/Aug/2026 15:41:09] "GET /websocket?version=18.0-7 HTTP/1.1" 101 - 20 0.064 1.009
2026-08-14 15:41:09,280 1 INFO rh_2026 werkzeug: 172.22.0.1 - - [14/Aug/2026 15:41:09] "POST /bus/has_missed_notifications HTTP/1.1" 200 - 2 0.001 0.003
2026-08-14 15:41:09,482 1 WARNING rh_2026 odoo.modules.module: Missing `license` key in manifest for 'recrutement', defaulting to LGPL-3 
2026-08-14 15:41:09,618 1 INFO ? odoo.addons.bus.models.bus: Bus.loop listen imbus on db postgres 
2026-08-14 15:41:09,725 1 INFO rh_2026 werkzeug: 172.22.0.1 - - [14/Aug/2026 15:41:09] "GET /websocket?version=18.0-7 HTTP/1.1" 101 - 3 0.003 0.017
2026-08-14 15:41:09,744 1 INFO rh_2026 werkzeug: 172.22.0.1 - - [14/Aug/2026 15:41:09] "POST /bus/has_missed_notifications HTTP/1.1" 200 - 3 0.002 0.005
2026-08-14 15:41:10,463 1 WARNING rh_2026 odoo.addons.base.models.ir_qweb: Found deprecated directive @t-esc="title or 'Odoo'" in template 180. Replace by @t-out 
2026-08-14 15:41:10,464 1 WARNING rh_2026 odoo.addons.base.models.ir_qweb: Found deprecated directive @t-esc='request.csrf_token(None)' in template 180. Replace by @t-out 
2026-08-14 15:41:10,465 1 WARNING rh_2026 odoo.addons.base.models.ir_qweb: Found deprecated directive @t-esc='debug' in template 180. Replace by @t-out 
2026-08-14 15:41:10,469 1 INFO rh_2026 werkzeug: 172.22.0.1 - - [14/Aug/2026 15:41:10] "GET /odoo/discuss HTTP/1.1" 200 - 111 0.126 2.023
2026-08-14 15:41:10,591 1 INFO rh_2026 werkzeug: 172.22.0.1 - - [14/Aug/2026 15:41:10] "GET /web/manifest.webmanifest HTTP/1.1" 200 - 11 0.018 0.006
2026-08-14 15:41:10,654 1 INFO rh_2026 werkzeug: 172.22.0.1 - - [14/Aug/2026 15:41:10] "GET /web/image?model=res.users&field=avatar_128&id=2 HTTP/1.1" 304 - 20 0.018 0.016
2026-08-14 15:41:10,727 1 INFO rh_2026 werkzeug: 172.22.0.1 - - [14/Aug/2026 15:41:10] "POST /mail/data HTTP/1.1" 200 - 63 0.070 0.031
2026-08-14 15:41:11,315 1 INFO rh_2026 werkzeug: 172.22.0.1 - - [14/Aug/2026 15:41:11] "POST /web/action/load HTTP/1.1" 200 - 7 0.008 0.684
2026-08-14 15:41:11,454 1 INFO rh_2026 werkzeug: 172.22.0.1 - - [14/Aug/2026 15:41:11] "POST /mail/data HTTP/1.1" 200 - 75 0.055 0.045
2026-08-14 15:41:11,532 1 INFO rh_2026 werkzeug: 172.22.0.1 - - [14/Aug/2026 15:41:11] "POST /mail/inbox/messages HTTP/1.1" 200 - 8 0.004 0.007
2026-08-14 15:41:12,291 1 INFO rh_2026 werkzeug: 172.22.0.1 - - [14/Aug/2026 15:41:12] "GET /web/service-worker.js HTTP/1.1" 200 - 1 0.001 0.007
2026-08-14 15:41:15,412 1 INFO rh_2026 werkzeug: 172.22.0.1 - - [14/Aug/2026 15:41:15] "POST /web/action/load HTTP/1.1" 200 - 10 0.022 0.013
2026-08-14 15:41:15,504 1 INFO rh_2026 werkzeug: 172.22.0.1 - - [14/Aug/2026 15:41:15] "POST /web/dataset/call_kw/ir.module.module/get_views HTTP/1.1" 200 - 60 0.030 0.046
2026-08-14 15:41:15,516 1 INFO rh_2026 werkzeug: 172.22.0.1 - - [14/Aug/2026 15:41:15] "POST /web/dataset/call_kw/ir.module.module/search_panel_select_range HTTP/1.1" 200 - 1 0.001 0.003
2026-08-14 15:41:15,562 1 INFO rh_2026 werkzeug: 172.22.0.1 - - [14/Aug/2026 15:41:15] "POST /web/dataset/call_kw/ir.module.module/search_panel_select_range HTTP/1.1" 200 - 70 0.030 0.019
2026-08-14 15:41:15,586 1 INFO rh_2026 werkzeug: 172.22.0.1 - - [14/Aug/2026 15:41:15] "POST /web/dataset/call_kw/ir.module.module/web_search_read HTTP/1.1" 200 - 6 0.007 0.064
2026-08-14 15:41:24,542 1 INFO rh_2026 werkzeug: 172.22.0.1 - - [14/Aug/2026 15:41:24] "POST /web/dataset/call_kw/ir.module.module/search_panel_select_range HTTP/1.1" 200 - 69 0.032 0.020
2026-08-14 15:41:24,555 1 INFO rh_2026 werkzeug: 172.22.0.1 - - [14/Aug/2026 15:41:24] "POST /web/dataset/call_kw/ir.module.module/web_search_read HTTP/1.1" 200 - 6 0.003 0.004
2026-08-14 15:41:27,117 1 INFO rh_2026 odoo.addons.base.models.ir_module: ALLOW access to module.button_immediate_upgrade on ['Gestion recrutement'] to user admin@admin.com #2 via 172.22.0.1 
2026-08-14 15:41:27,130 1 INFO rh_2026 odoo.addons.base.models.ir_module: ALLOW access to module.button_upgrade on ['Gestion recrutement'] to user admin@admin.com #2 via 172.22.0.1 
2026-08-14 15:41:27,131 1 INFO rh_2026 odoo.addons.base.models.ir_module: ALLOW access to module.update_list on ['Gestion recrutement'] to user admin@admin.com #2 via 172.22.0.1 
2026-08-14 15:41:28,342 1 INFO rh_2026 odoo.addons.base.models.ir_module: ALLOW access to module.button_install on [] to user admin@admin.com #2 via 172.22.0.1 
2026-08-14 15:41:28,414 1 INFO rh_2026 odoo.modules.loading: loading 1 modules... 
2026-08-14 15:41:28,421 1 INFO rh_2026 odoo.modules.loading: 1 modules loaded in 0.01s, 0 queries (+0 extra) 
2026-08-14 15:41:28,445 1 INFO rh_2026 odoo.modules.loading: updating modules list 
2026-08-14 15:41:28,446 1 INFO rh_2026 odoo.addons.base.models.ir_module: ALLOW access to module.update_list on [] to user __system__ #1 via 172.22.0.1 
2026-08-14 15:41:29,261 1 INFO rh_2026 odoo.modules.loading: loading 43 modules... 
2026-08-14 15:41:29,292 1 INFO rh_2026 odoo.modules.loading: Loading module recrutement (43/43) 
2026-08-14 15:41:29,438 1 WARNING rh_2026 odoo.fields: Field recruitment.planning.header.state: unknown parameter 'tracking', if this is an actual parameter you may want to override the method _valid_field_parameter on the relevant model in order to allow it 
2026-08-14 15:41:29,453 1 INFO rh_2026 odoo.modules.registry: module recrutement: creating or updating database tables 
2026-08-14 15:41:29,560 1 INFO rh_2026 odoo.modules.loading: loading recrutement/security/security.xml 
2026-08-14 15:41:29,637 1 INFO rh_2026 odoo.modules.loading: loading recrutement/security/ir.model.access.csv 
2026-08-14 15:41:29,660 1 INFO rh_2026 odoo.modules.loading: loading recrutement/data/sequences.xml 
2026-08-14 15:41:29,673 1 INFO rh_2026 odoo.modules.loading: loading recrutement/views/recrutment_planning_header_views.xml 
2026-08-14 15:41:29,710 1 INFO rh_2026 odoo.modules.loading: loading recrutement/views/recrutment_direction_views.xml 
2026-08-14 15:41:29,735 1 INFO rh_2026 odoo.modules.loading: loading recrutement/views/recrutment_project_views.xml 
2026-08-14 15:41:29,758 1 INFO rh_2026 odoo.modules.loading: loading recrutement/views/recruitment_menu.xml 
2026-08-14 15:41:29,800 1 WARNING rh_2026 odoo.modules.loading: The models ['recruitment.direction', 'recruitment.project'] have no access rules in module recrutement, consider adding some, like:
id,name,model_id:id,group_id:id,perm_read,perm_write,perm_create,perm_unlink
recrutement.access_recruitment_direction,access_recruitment_direction,recrutement.model_recruitment_direction,base.group_user,1,0,0,0
recrutement.access_recruitment_project,access_recruitment_project,recrutement.model_recruitment_project,base.group_user,1,0,0,0 
2026-08-14 15:41:29,805 1 INFO rh_2026 odoo.modules.loading: Module recrutement loaded in 0.51s, 248 queries (+248 other) 
2026-08-14 15:41:29,806 1 INFO rh_2026 odoo.modules.loading: 43 modules loaded in 0.54s, 248 queries (+248 extra) 
2026-08-14 15:41:29,867 1 WARNING rh_2026 odoo.fields: Field recruitment.planning.header.state: unknown parameter 'tracking', if this is an actual parameter you may want to override the method _valid_field_parameter on the relevant model in order to allow it 
2026-08-14 15:41:29,273 1 WARNING rh_2026 odoo.fields: Field recruitment.planning.header.state: unknown parameter 'tracking', if this is an actual parameter you may want to override the method _valid_field_parameter on the relevant model in order to allow it 
2026-08-14 15:41:29,125 1 INFO rh_2026 odoo.modules.loading: Modules loaded. 
2026-08-14 15:41:29,130 1 INFO rh_2026 odoo.modules.registry: Registry changed, signaling through the database 
2026-08-14 15:41:29,132 1 INFO rh_2026 odoo.modules.registry: Registry loaded in 0.740s 
2026-08-14 15:41:29,133 1 INFO rh_2026 odoo.addons.base.models.ir_module: getting next ir.actions.todo() 
2026-08-14 15:41:29,138 1 INFO rh_2026 werkzeug: 172.22.0.1 - - [14/Aug/2026 15:41:29] "POST /web/dataset/call_button/ir.module.module/button_immediate_upgrade HTTP/1.1" 200 - 5150 1.251 0.776
2026-08-14 15:41:29,152 1 INFO rh_2026 odoo.addons.base.models.ir_http: Generating routing map for key None 
2026-08-14 15:41:30,148 1 WARNING rh_2026 odoo.addons.base.models.ir_qweb: Found deprecated directive @t-esc="title or 'Odoo'" in template 180. Replace by @t-out 
2026-08-14 15:41:30,149 1 WARNING rh_2026 odoo.addons.base.models.ir_qweb: Found deprecated directive @t-esc='request.csrf_token(None)' in template 180. Replace by @t-out 
2026-08-14 15:41:30,150 1 WARNING rh_2026 odoo.addons.base.models.ir_qweb: Found deprecated directive @t-esc='debug' in template 180. Replace by @t-out 
2026-08-14 15:41:30,154 1 INFO rh_2026 werkzeug: 172.22.0.1 - - [14/Aug/2026 15:41:30] "GET /odoo HTTP/1.1" 200 - 103 0.032 0.972
2026-08-14 15:41:30,247 1 INFO rh_2026 werkzeug: 172.22.0.1 - - [14/Aug/2026 15:41:30] "GET /web/manifest.webmanifest HTTP/1.1" 200 - 11 0.006 0.007
2026-08-14 15:41:30,359 1 INFO rh_2026 werkzeug: 172.22.0.1 - - [14/Aug/2026 15:41:30] "POST /web/action/load HTTP/1.1" 200 - 7 0.010 0.023
2026-08-14 15:41:30,359 1 INFO rh_2026 werkzeug: 172.22.0.1 - - [14/Aug/2026 15:41:30] "GET /web/image?model=res.users&field=avatar_128&id=2 HTTP/1.1" 304 - 21 0.014 0.017
2026-08-14 15:41:30,428 1 INFO rh_2026 werkzeug: 172.22.0.1 - - [14/Aug/2026 15:41:30] "POST /mail/data HTTP/1.1" 200 - 63 0.048 0.050
2026-08-14 15:41:30,481 1 INFO rh_2026 werkzeug: 172.22.0.1 - - [14/Aug/2026 15:41:30] "POST /mail/data HTTP/1.1" 200 - 76 0.037 0.049
2026-08-14 15:41:30,561 1 INFO rh_2026 werkzeug: 172.22.0.1 - - [14/Aug/2026 15:41:30] "POST /mail/inbox/messages HTTP/1.1" 200 - 8 0.007 0.008
2026-08-14 15:41:32,146 1 INFO rh_2026 werkzeug: 172.22.0.1 - - [14/Aug/2026 15:41:32] "GET /web/service-worker.js HTTP/1.1" 200 - 1 0.001 0.003
2026-08-14 15:41:36,403 1 INFO rh_2026 werkzeug: 172.22.0.1 - - [14/Aug/2026 15:41:36] "POST /web/action/load HTTP/1.1" 200 - 10 0.003 0.006
2026-08-14 15:41:36,491 1 INFO rh_2026 werkzeug: 172.22.0.1 - - [14/Aug/2026 15:41:36] "POST /web/dataset/call_kw/ir.module.module/get_views HTTP/1.1" 200 - 60 0.019 0.043
2026-08-14 15:41:36,507 1 INFO rh_2026 werkzeug: 172.22.0.1 - - [14/Aug/2026 15:41:36] "POST /web/dataset/call_kw/ir.module.module/search_panel_select_range HTTP/1.1" 200 - 1 0.003 0.005
2026-08-14 15:41:36,556 1 INFO rh_2026 werkzeug: 172.22.0.1 - - [14/Aug/2026 15:41:36] "POST /web/dataset/call_kw/ir.module.module/web_search_read HTTP/1.1" 200 - 6 0.006 0.047
2026-08-14 15:41:36,564 1 INFO rh_2026 werkzeug: 172.22.0.1 - - [14/Aug/2026 15:41:36] "POST /web/dataset/call_kw/ir.module.module/search_panel_select_range HTTP/1.1" 200 - 70 0.046 0.018
2026-08-14 15:41:38,369 1 INFO rh_2026 werkzeug: 172.22.0.1 - - [14/Aug/2026 15:41:38] "POST /web/action/load HTTP/1.1" 200 - 9 0.006 0.011
2026-08-14 15:41:38,407 1 INFO rh_2026 werkzeug: 172.22.0.1 - - [14/Aug/2026 15:41:38] "POST /web/dataset/call_kw/base.module.update/get_views HTTP/1.1" 200 - 13 0.005 0.013
2026-08-14 15:41:38,422 1 INFO rh_2026 werkzeug: 172.22.0.1 - - [14/Aug/2026 15:41:38] "POST /web/dataset/call_kw/base.module.update/onchange HTTP/1.1" 200 - 2 0.001 0.003
2026-08-14 15:41:40,321 1 INFO rh_2026 werkzeug: 172.22.0.1 - - [14/Aug/2026 15:41:40] "POST /web/dataset/call_kw/base.module.update/web_save HTTP/1.1" 200 - 5 0.008 0.011
2026-08-14 15:41:40,333 1 INFO rh_2026 odoo.addons.base.models.ir_module: ALLOW access to module.update_list on [] to user admin@admin.com #2 via 172.22.0.1 
2026-08-14 15:41:41,432 1 INFO rh_2026 werkzeug: 172.22.0.1 - - [14/Aug/2026 15:41:41] "POST /web/dataset/call_button/base.module.update/update_module HTTP/1.1" 200 - 2288 0.740 0.364
2026-08-14 15:42:03,795 1 INFO rh_2026 odoo.addons.base.models.ir_cron: Job 'Base: Auto-vacuum internal data' (1) starting 
2026-08-14 15:42:03,827 1 INFO rh_2026 odoo.addons.base.models.ir_attachment: filestore gc 0 checked, 0 removed 
2026-08-14 15:42:03,882 1 INFO rh_2026 odoo.addons.base.models.res_users: GC'd 0 user log entries 
2026-08-14 15:42:03,894 1 INFO rh_2026 odoo.addons.base.models.res_users: GC 'res.users.apikeys' delete 0 entries 
2026-08-14 15:42:03,905 1 INFO rh_2026 odoo.addons.base.models.res_device: GC device logs delete 0 entries 
2026-08-14 15:42:03,907 1 INFO rh_2026 odoo.addons.base.models.res_device: GC device logs delete 0 entries 
2026-08-14 15:42:03,927 1 INFO rh_2026 odoo.addons.base.models.res_users: GC 'auth_totp.device' delete 0 entries 
2026-08-14 15:42:04,046 1 INFO rh_2026 odoo.addons.sms.models.sms_sms: GC'd 0 sms marked for deletion 
2026-08-14 15:42:04,102 1 INFO rh_2026 odoo.addons.base.models.ir_cron: Job 'Base: Auto-vacuum internal data' (1) done in 0.307s 
2026-08-14 15:42:04,107 1 INFO rh_2026 odoo.addons.base.models.ir_cron: Job 'Base: Auto-vacuum internal data' (1) processed 0 records, 0 records remaining 
2026-08-14 15:42:04,112 1 INFO rh_2026 odoo.addons.base.models.ir_cron: Job 'Base: Auto-vacuum internal data' (1) completed 
2026-08-14 15:43:01,686 1 INFO rh_2026 odoo.addons.base.models.ir_cron: Job 'Base: Auto-vacuum internal data' (1) starting 
2026-08-14 15:43:01,706 1 INFO rh_2026 odoo.addons.base.models.ir_attachment: filestore gc 0 checked, 0 removed 
2026-08-14 15:43:01,752 1 INFO rh_2026 odoo.addons.base.models.res_users: GC'd 0 user log entries 
2026-08-14 15:43:01,760 1 INFO rh_2026 odoo.addons.base.models.res_users: GC 'res.users.apikeys' delete 0 entries 
2026-08-14 15:43:01,765 1 INFO rh_2026 odoo.addons.base.models.res_device: GC device logs delete 0 entries 
2026-08-14 15:43:01,768 1 INFO rh_2026 odoo.addons.base.models.res_device: GC device logs delete 0 entries 
2026-08-14 15:43:01,779 1 INFO rh_2026 odoo.addons.base.models.res_users: GC 'auth_totp.device' delete 0 entries 
2026-08-14 15:43:01,852 1 INFO rh_2026 odoo.addons.sms.models.sms_sms: GC'd 0 sms marked for deletion 
2026-08-14 15:43:01,891 1 INFO rh_2026 odoo.addons.base.models.ir_cron: Job 'Base: Auto-vacuum internal data' (1) done in 0.204s 
2026-08-14 15:43:01,908 1 INFO rh_2026 odoo.addons.base.models.ir_cron: Job 'Base: Auto-vacuum internal data' (1) processed 0 records, 0 records remaining 
2026-08-14 15:43:01,911 1 INFO rh_2026 odoo.addons.base.models.ir_cron: Job 'Base: Auto-vacuum internal data' (1) completed 
2026-08-14 15:44:51,336 1 INFO ? odoo.service.server: Initiating shutdown 
2026-08-14 15:44:51,337 1 INFO ? odoo.service.server: Hit CTRL-C again or send a second signal to force the shutdown. 
2026-08-14 15:44:51,773 1 INFO ? odoo.sql_db: ConnectionPool(read/write;used=0/count=0/max=64): Closed 5 connections  
2026-08-14 15:44:56,334 1 INFO ? odoo: Odoo version 18.0-20260209 
2026-08-14 15:44:56,335 1 INFO ? odoo: Using configuration file at /etc/odoo/odoo.conf 
2026-08-14 15:44:56,336 1 INFO ? odoo: addons paths: ['/usr/lib/python3/dist-packages/odoo/addons', '/var/lib/odoo/.local/share/Odoo/addons/18.0', '/mnt/extra-addons'] 
2026-08-14 15:44:56,336 1 INFO ? odoo: database: odoo@postgres:5432 
2026-08-14 15:44:56,538 1 INFO ? odoo.addons.base.models.ir_actions_report: Will use the Wkhtmltopdf binary at /usr/local/bin/wkhtmltopdf 
2026-08-14 15:44:56,544 1 INFO ? odoo.addons.base.models.ir_actions_report: Will use the Wkhtmltoimage binary at /usr/local/bin/wkhtmltoimage 
2026-08-14 15:44:56,689 1 INFO ? odoo.service.server: Watching addons folder /usr/lib/python3/dist-packages/odoo/addons 
2026-08-14 15:44:56,690 1 INFO ? odoo.service.server: Watching addons folder /var/lib/odoo/.local/share/Odoo/addons/18.0 
2026-08-14 15:44:56,691 1 INFO ? odoo.service.server: Watching addons folder /mnt/extra-addons 
2026-08-14 15:44:57,087 1 INFO ? odoo.service.server: AutoReload watcher running with watchdog 
2026-08-14 15:44:57,088 1 INFO ? odoo.service.server: HTTP service (werkzeug) running on 2ff81584edb0:8069 
2026-08-14 15:44:59,208 1 INFO ? odoo.modules.loading: loading 1 modules... 
2026-08-14 15:44:59,215 1 INFO ? odoo.modules.loading: 1 modules loaded in 0.01s, 0 queries (+0 extra) 
2026-08-14 15:44:59,248 1 WARNING ? odoo.modules.module: Missing `license` key in manifest for 'recrutement', defaulting to LGPL-3 
2026-08-14 15:44:59,255 1 INFO ? odoo.modules.loading: loading 43 modules... 
2026-08-14 15:44:59,892 1 WARNING ? py.warnings: /usr/lib/python3/dist-packages/odoo/api.py:484: DeprecationWarning: The model odoo.addons.recrutement.models.recruitment_planning_header is not overriding the create method in batch
  File "/usr/lib/python3.12/threading.py", line 1030, in _bootstrap
    self._bootstrap_inner()
  File "/usr/lib/python3.12/threading.py", line 1073, in _bootstrap_inner
    self.run()
  File "/usr/lib/python3.12/threading.py", line 1010, in run
    self._target(*self._args, **self._kwargs)
  File "/usr/lib/python3.12/socketserver.py", line 692, in process_request_thread
    self.finish_request(request, client_address)
  File "/usr/lib/python3.12/socketserver.py", line 362, in finish_request
    self.RequestHandlerClass(request, client_address, self)
  File "/usr/lib/python3/dist-packages/odoo/service/server.py", line 128, in __init__
    super().__init__(*args, **kwargs)
  File "/usr/lib/python3.12/socketserver.py", line 761, in __init__
    self.handle()
  File "/usr/lib/python3/dist-packages/werkzeug/serving.py", line 390, in handle
    super().handle()
  File "/usr/lib/python3.12/http/server.py", line 436, in handle
    self.handle_one_request()
  File "/usr/lib/python3.12/http/server.py", line 424, in handle_one_request
    method()
  File "/usr/lib/python3/dist-packages/werkzeug/serving.py", line 362, in run_wsgi
    execute(self.server.app)
  File "/usr/lib/python3/dist-packages/werkzeug/serving.py", line 323, in execute
    application_iter = app(environ, start_response)
  File "/usr/lib/python3/dist-packages/odoo/http.py", line 2576, in __call__
    response = request._serve_db()
  File "/usr/lib/python3/dist-packages/odoo/http.py", line 2080, in _serve_db
    self.registry, cr_readwrite = self._open_registry()
  File "/usr/lib/python3/dist-packages/odoo/http.py", line 1690, in _open_registry
    registry = Registry(self.db)
  File "/usr/lib/python3/dist-packages/odoo/modules/registry.py", line 108, in __new__
    return cls.new(db_name)
  File "/usr/lib/python3/dist-packages/decorator.py", line 232, in fun
    return caller(func, *(extras + args), **kw)
  File "/usr/lib/python3/dist-packages/odoo/tools/func.py", line 97, in locked
    return func(inst, *args, **kwargs)
  File "/usr/lib/python3/dist-packages/odoo/modules/registry.py", line 129, in new
    odoo.modules.load_modules(registry, force_demo, status, update_module)
  File "/usr/lib/python3/dist-packages/odoo/modules/loading.py", line 485, in load_modules
    processed_modules += load_marked_modules(env, graph,
  File "/usr/lib/python3/dist-packages/odoo/modules/loading.py", line 365, in load_marked_modules
    loaded, processed = load_module_graph(
  File "/usr/lib/python3/dist-packages/odoo/modules/loading.py", line 186, in load_module_graph
    load_openerp_module(package.name)
  File "/usr/lib/python3/dist-packages/odoo/modules/module.py", line 384, in load_openerp_module
    __import__(qualname)
  File "/mnt/extra-addons/recrutement/__init__.py", line 1, in <module>
    from . import models
  File "/mnt/extra-addons/recrutement/models/__init__.py", line 1, in <module>
    from . import recruitment_planning_header
  File "/mnt/extra-addons/recrutement/models/recruitment_planning_header.py", line 5, in <module>
    class RecruitmentPlanningHeader(models.Model):
  File "/mnt/extra-addons/recrutement/models/recruitment_planning_header.py", line 213, in RecruitmentPlanningHeader
    @api.model
  File "/usr/lib/python3/dist-packages/odoo/api.py", line 431, in model
    return model_create_single(method)
  File "/usr/lib/python3/dist-packages/odoo/api.py", line 484, in model_create_single
    warnings.warn(
 
2026-08-14 15:44:59,921 1 INFO ? odoo.modules.loading: 43 modules loaded in 0.67s, 0 queries (+0 extra) 
2026-08-14 15:45:00,004 1 WARNING ? odoo.fields: Field recruitment.planning.header.state: unknown parameter 'tracking', if this is an actual parameter you may want to override the method _valid_field_parameter on the relevant model in order to allow it 
2026-08-14 15:45:00,019 1 INFO ? odoo.modules.loading: Modules loaded. 
2026-08-14 15:45:00,023 1 INFO ? odoo.modules.registry: Registry loaded in 0.838s 
2026-08-14 15:45:00,024 1 INFO rh_2026 odoo.addons.base.models.ir_http: Generating routing map for key None 
2026-08-14 15:45:00,049 1 INFO rh_2026 werkzeug: 172.22.0.1 - - [14/Aug/2026 15:45:00] "GET /websocket?version=18.0-7 HTTP/1.1" 101 - 20 0.014 0.852
2026-08-14 15:45:00,050 1 INFO rh_2026 werkzeug: 172.22.0.1 - - [14/Aug/2026 15:45:00] "GET /websocket?version=18.0-7 HTTP/1.1" 101 - 5 0.008 0.308
2026-08-14 15:45:00,071 1 INFO rh_2026 werkzeug: 172.22.0.1 - - [14/Aug/2026 15:45:00] "POST /bus/has_missed_notifications HTTP/1.1" 200 - 2 0.002 0.006
2026-08-14 15:45:00,072 1 INFO rh_2026 werkzeug: 172.22.0.1 - - [14/Aug/2026 15:45:00] "POST /bus/has_missed_notifications HTTP/1.1" 200 - 3 0.002 0.005
2026-08-14 15:45:00,394 1 INFO ? odoo.addons.bus.models.bus: Bus.loop listen imbus on db postgres 
2026-08-14 15:45:19,144 1 WARNING rh_2026 odoo.modules.module: Missing `license` key in manifest for 'recrutement', defaulting to LGPL-3 
2026-08-14 15:45:20,057 1 WARNING rh_2026 odoo.addons.base.models.ir_qweb: Found deprecated directive @t-esc="title or 'Odoo'" in template 180. Replace by @t-out 
2026-08-14 15:45:20,059 1 WARNING rh_2026 odoo.addons.base.models.ir_qweb: Found deprecated directive @t-esc='request.csrf_token(None)' in template 180. Replace by @t-out 
2026-08-14 15:45:20,060 1 WARNING rh_2026 odoo.addons.base.models.ir_qweb: Found deprecated directive @t-esc='debug' in template 180. Replace by @t-out 
2026-08-14 15:45:20,064 1 INFO rh_2026 werkzeug: 172.22.0.1 - - [14/Aug/2026 15:45:20] "GET /odoo/apps HTTP/1.1" 200 - 100 0.037 0.350
2026-08-14 15:45:20,119 1 INFO rh_2026 werkzeug: 172.22.0.1 - - [14/Aug/2026 15:45:20] "GET /web/manifest.webmanifest HTTP/1.1" 200 - 11 0.004 0.005
2026-08-14 15:45:20,311 1 INFO rh_2026 werkzeug: 172.22.0.1 - - [14/Aug/2026 15:45:20] "GET /web/image?model=res.users&field=avatar_128&id=2 HTTP/1.1" 304 - 20 0.026 0.016
2026-08-14 15:45:20,369 1 INFO rh_2026 werkzeug: 172.22.0.1 - - [14/Aug/2026 15:45:20] "POST /mail/data HTTP/1.1" 200 - 63 0.057 0.033
2026-08-14 15:45:20,855 1 INFO rh_2026 werkzeug: 172.22.0.1 - - [14/Aug/2026 15:45:20] "POST /web/action/load HTTP/1.1" 200 - 11 0.004 0.576
2026-08-14 15:45:20,934 1 INFO rh_2026 werkzeug: 172.22.0.1 - - [14/Aug/2026 15:45:20] "POST /web/dataset/call_kw/ir.module.module/get_views HTTP/1.1" 200 - 60 0.023 0.048
2026-08-14 15:45:20,962 1 INFO rh_2026 werkzeug: 172.22.0.1 - - [14/Aug/2026 15:45:20] "POST /web/dataset/call_kw/ir.module.module/search_panel_select_range HTTP/1.1" 200 - 1 0.002 0.017
2026-08-14 15:45:21,017 1 INFO rh_2026 werkzeug: 172.22.0.1 - - [14/Aug/2026 15:45:21] "POST /web/dataset/call_kw/ir.module.module/search_panel_select_range HTTP/1.1" 200 - 70 0.045 0.028
2026-08-14 15:45:21,028 1 INFO rh_2026 werkzeug: 172.22.0.1 - - [14/Aug/2026 15:45:21] "POST /web/dataset/call_kw/ir.module.module/web_search_read HTTP/1.1" 200 - 6 0.007 0.075
2026-08-14 15:45:21,947 1 INFO rh_2026 werkzeug: 172.22.0.1 - - [14/Aug/2026 15:45:21] "GET /web/service-worker.js HTTP/1.1" 200 - 1 0.001 0.003
2026-08-14 15:45:22,924 1 INFO rh_2026 werkzeug: 172.22.0.1 - - [14/Aug/2026 15:45:22] "POST /web/action/load HTTP/1.1" 200 - 9 0.003 0.006
2026-08-14 15:45:22,954 1 INFO rh_2026 werkzeug: 172.22.0.1 - - [14/Aug/2026 15:45:22] "POST /web/dataset/call_kw/base.module.update/get_views HTTP/1.1" 200 - 13 0.005 0.012
2026-08-14 15:45:22,967 1 INFO rh_2026 werkzeug: 172.22.0.1 - - [14/Aug/2026 15:45:22] "POST /web/dataset/call_kw/base.module.update/onchange HTTP/1.1" 200 - 2 0.001 0.003
2026-08-14 15:45:25,112 1 INFO rh_2026 werkzeug: 172.22.0.1 - - [14/Aug/2026 15:45:25] "POST /web/dataset/call_kw/base.module.update/web_save HTTP/1.1" 200 - 5 0.004 0.017
2026-08-14 15:45:25,126 1 INFO rh_2026 odoo.addons.base.models.ir_module: ALLOW access to module.update_list on [] to user admin@admin.com #2 via 172.22.0.1 
2026-08-14 15:45:26,254 1 INFO rh_2026 werkzeug: 172.22.0.1 - - [14/Aug/2026 15:45:26] "POST /web/dataset/call_button/base.module.update/update_module HTTP/1.1" 200 - 2288 0.759 0.374
2026-08-14 15:45:38,817 1 INFO rh_2026 werkzeug: 172.22.0.1 - - [14/Aug/2026 15:45:38] "POST /web/dataset/call_kw/ir.module.module/search_panel_select_range HTTP/1.1" 200 - 69 0.027 0.018
2026-08-14 15:45:38,830 1 INFO rh_2026 werkzeug: 172.22.0.1 - - [14/Aug/2026 15:45:38] "POST /web/dataset/call_kw/ir.module.module/web_search_read HTTP/1.1" 200 - 6 0.003 0.004
2026-08-14 15:45:41,420 1 INFO rh_2026 werkzeug: 172.22.0.1 - - [14/Aug/2026 15:45:41] "POST /web/dataset/call_kw/base.module.update/onchange HTTP/1.1" 200 - 1 0.001 0.002
2026-08-14 15:45:43,109 1 INFO rh_2026 werkzeug: 172.22.0.1 - - [14/Aug/2026 15:45:43] "POST /web/dataset/call_kw/base.module.update/web_save HTTP/1.1" 200 - 5 0.003 0.007
2026-08-14 15:45:43,120 1 INFO rh_2026 odoo.addons.base.models.ir_module: ALLOW access to module.update_list on [] to user admin@admin.com #2 via 172.22.0.1 
2026-08-14 15:45:44,357 1 INFO rh_2026 werkzeug: 172.22.0.1 - - [14/Aug/2026 15:45:44] "POST /web/dataset/call_button/base.module.update/update_module HTTP/1.1" 200 - 2288 0.787 0.454
2026-08-14 15:45:56,646 1 INFO rh_2026 odoo.addons.base.models.ir_module: ALLOW access to module.button_immediate_upgrade on ['Gestion recrutement'] to user admin@admin.com #2 via 172.22.0.1 
2026-08-14 15:45:56,647 1 INFO rh_2026 odoo.addons.base.models.ir_module: ALLOW access to module.button_upgrade on ['Gestion recrutement'] to user admin@admin.com #2 via 172.22.0.1 
2026-08-14 15:45:56,648 1 INFO rh_2026 odoo.addons.base.models.ir_module: ALLOW access to module.update_list on ['Gestion recrutement'] to user admin@admin.com #2 via 172.22.0.1 
2026-08-14 15:45:57,759 1 INFO rh_2026 odoo.addons.base.models.ir_module: ALLOW access to module.button_install on [] to user admin@admin.com #2 via 172.22.0.1 
2026-08-14 15:45:57,796 1 INFO rh_2026 odoo.modules.loading: loading 1 modules... 
2026-08-14 15:45:57,802 1 INFO rh_2026 odoo.modules.loading: 1 modules loaded in 0.01s, 0 queries (+0 extra) 
2026-08-14 15:45:57,824 1 INFO rh_2026 odoo.modules.loading: updating modules list 
2026-08-14 15:45:57,825 1 INFO rh_2026 odoo.addons.base.models.ir_module: ALLOW access to module.update_list on [] to user __system__ #1 via 172.22.0.1 
2026-08-14 15:45:58,583 1 INFO rh_2026 odoo.modules.loading: loading 43 modules... 
2026-08-14 15:45:58,612 1 INFO rh_2026 odoo.modules.loading: Loading module recrutement (43/43) 
2026-08-14 15:45:58,764 1 WARNING rh_2026 odoo.fields: Field recruitment.planning.header.state: unknown parameter 'tracking', if this is an actual parameter you may want to override the method _valid_field_parameter on the relevant model in order to allow it 
2026-08-14 15:45:58,776 1 INFO rh_2026 odoo.modules.registry: module recrutement: creating or updating database tables 
2026-08-14 15:45:58,844 1 INFO rh_2026 odoo.modules.loading: loading recrutement/security/security.xml 
2026-08-14 15:45:58,909 1 INFO rh_2026 odoo.modules.loading: loading recrutement/security/ir.model.access.csv 
2026-08-14 15:45:58,931 1 WARNING rh_2026 odoo.addons.base.models.ir_model: Rule recruitment.direction.all has no group, this is a deprecated feature. Every access-granting rule should specify a group. 
2026-08-14 15:45:58,932 1 WARNING rh_2026 odoo.addons.base.models.ir_model: Rule recruitment.project.all has no group, this is a deprecated feature. Every access-granting rule should specify a group. 
2026-08-14 15:45:58,950 1 INFO rh_2026 odoo.modules.loading: loading recrutement/data/sequences.xml 
2026-08-14 15:45:58,962 1 INFO rh_2026 odoo.modules.loading: loading recrutement/views/recrutment_planning_header_views.xml 
2026-08-14 15:45:59,002 1 INFO rh_2026 odoo.modules.loading: loading recrutement/views/recrutment_direction_views.xml 
2026-08-14 15:45:59,032 1 INFO rh_2026 odoo.modules.loading: loading recrutement/views/recrutment_project_views.xml 
2026-08-14 15:45:59,060 1 INFO rh_2026 odoo.modules.loading: loading recrutement/views/recruitment_menu.xml 
2026-08-14 15:45:59,108 1 INFO rh_2026 odoo.modules.loading: Module recrutement loaded in 0.50s, 271 queries (+271 other) 
2026-08-14 15:45:59,108 1 INFO rh_2026 odoo.modules.loading: 43 modules loaded in 0.52s, 271 queries (+271 extra) 
2026-08-14 15:45:59,164 1 WARNING rh_2026 odoo.fields: Field recruitment.planning.header.state: unknown parameter 'tracking', if this is an actual parameter you may want to override the method _valid_field_parameter on the relevant model in order to allow it 
2026-08-14 15:45:59,230 1 WARNING rh_2026 odoo.fields: Field recruitment.planning.header.state: unknown parameter 'tracking', if this is an actual parameter you may want to override the method _valid_field_parameter on the relevant model in order to allow it 
2026-08-14 15:45:59,720 1 INFO rh_2026 odoo.modules.loading: Modules loaded. 
2026-08-14 15:45:59,726 1 INFO rh_2026 odoo.modules.registry: Registry changed, signaling through the database 
2026-08-14 15:45:59,728 1 INFO rh_2026 odoo.modules.registry: Registry loaded in 1.943s 
2026-08-14 15:45:59,729 1 INFO rh_2026 odoo.addons.base.models.ir_module: getting next ir.actions.todo() 
2026-08-14 15:45:59,732 1 INFO rh_2026 werkzeug: 172.22.0.1 - - [14/Aug/2026 15:45:59] "POST /web/dataset/call_button/ir.module.module/button_immediate_upgrade HTTP/1.1" 200 - 5172 1.764 1.329
2026-08-14 15:45:59,749 1 INFO rh_2026 odoo.addons.base.models.ir_http: Generating routing map for key None 
2026-08-14 15:46:00,696 1 WARNING rh_2026 odoo.addons.base.models.ir_qweb: Found deprecated directive @t-esc="title or 'Odoo'" in template 180. Replace by @t-out 
2026-08-14 15:46:00,698 1 WARNING rh_2026 odoo.addons.base.models.ir_qweb: Found deprecated directive @t-esc='request.csrf_token(None)' in template 180. Replace by @t-out 
2026-08-14 15:46:00,699 1 WARNING rh_2026 odoo.addons.base.models.ir_qweb: Found deprecated directive @t-esc='debug' in template 180. Replace by @t-out 
2026-08-14 15:46:00,703 1 INFO rh_2026 werkzeug: 172.22.0.1 - - [14/Aug/2026 15:46:00] "GET /odoo HTTP/1.1" 200 - 103 0.031 0.925
2026-08-14 15:46:00,834 1 INFO rh_2026 werkzeug: 172.22.0.1 - - [14/Aug/2026 15:46:00] "GET /web/webclient/load_menus/a4390d1f0aa9e447ba0fa7766cd0f386f6d6099f385690684b25430929aa96ce HTTP/1.1" 200 - 124 0.052 0.066
2026-08-14 15:46:00,834 1 INFO rh_2026 werkzeug: 172.22.0.1 - - [14/Aug/2026 15:46:00] "GET /web/manifest.webmanifest HTTP/1.1" 200 - 11 0.008 0.007
2026-08-14 15:46:00,917 1 INFO rh_2026 werkzeug: 172.22.0.1 - - [14/Aug/2026 15:46:00] "POST /web/action/load HTTP/1.1" 200 - 6 0.008 0.009
2026-08-14 15:46:00,932 1 INFO rh_2026 werkzeug: 172.22.0.1 - - [14/Aug/2026 15:46:00] "POST /mail/data HTTP/1.1" 200 - 64 0.047 0.036
2026-08-14 15:46:00,934 1 INFO rh_2026 werkzeug: 172.22.0.1 - - [14/Aug/2026 15:46:00] "GET /web/image?model=res.users&field=avatar_128&id=2 HTTP/1.1" 304 - 20 0.019 0.016
2026-08-14 15:46:01,136 1 INFO rh_2026 werkzeug: 172.22.0.1 - - [14/Aug/2026 15:46:01] "POST /mail/data HTTP/1.1" 200 - 76 0.040 0.115
2026-08-14 15:46:01,223 1 INFO rh_2026 werkzeug: 172.22.0.1 - - [14/Aug/2026 15:46:01] "POST /mail/inbox/messages HTTP/1.1" 200 - 8 0.006 0.007
2026-08-14 15:46:02,900 1 INFO rh_2026 werkzeug: 172.22.0.1 - - [14/Aug/2026 15:46:02] "GET /web/service-worker.js HTTP/1.1" 200 - 1 0.001 0.003
2026-08-14 15:46:05,041 1 INFO rh_2026 werkzeug: 172.22.0.1 - - [14/Aug/2026 15:46:05] "POST /web/action/load HTTP/1.1" 200 - 10 0.003 0.006
2026-08-14 15:46:05,115 1 INFO rh_2026 werkzeug: 172.22.0.1 - - [14/Aug/2026 15:46:05] "POST /web/dataset/call_kw/recruitment.project/get_views HTTP/1.1" 200 - 28 0.011 0.050
2026-08-14 15:46:05,130 1 INFO rh_2026 werkzeug: 172.22.0.1 - - [14/Aug/2026 15:46:05] "POST /web/dataset/call_kw/res.users/has_group HTTP/1.1" 200 - 1 0.001 0.003
2026-08-14 15:46:05,142 1 INFO rh_2026 werkzeug: 172.22.0.1 - - [14/Aug/2026 15:46:05] "POST /web/dataset/call_kw/recruitment.project/web_search_read HTTP/1.1" 200 - 3 0.011 0.005
2026-08-14 15:46:11,703 1 INFO rh_2026 werkzeug: 172.22.0.1 - - [14/Aug/2026 15:46:11] "POST /web/dataset/call_kw/recruitment.project/onchange HTTP/1.1" 200 - 2 0.002 0.005
2026-08-14 15:46:21,240 1 INFO rh_2026 werkzeug: 172.22.0.1 - - [14/Aug/2026 15:46:21] "POST /web/action/load HTTP/1.1" 200 - 10 0.012 0.021
2026-08-14 15:46:21,315 1 INFO rh_2026 werkzeug: 172.22.0.1 - - [14/Aug/2026 15:46:21] "POST /web/dataset/call_kw/recruitment.direction/get_views HTTP/1.1" 200 - 23 0.009 0.049
2026-08-14 15:46:21,329 1 INFO rh_2026 werkzeug: 172.22.0.1 - - [14/Aug/2026 15:46:21] "POST /web/dataset/call_kw/recruitment.direction/web_search_read HTTP/1.1" 200 - 3 0.004 0.003
2026-08-14 15:46:23,271 1 INFO rh_2026 werkzeug: 172.22.0.1 - - [14/Aug/2026 15:46:23] "POST /web/dataset/call_kw/recruitment.direction/onchange HTTP/1.1" 200 - 2 0.002 0.004
2026-08-14 15:46:34,164 1 INFO rh_2026 werkzeug: 172.22.0.1 - - [14/Aug/2026 15:46:34] "POST /web/dataset/call_kw/res.users/name_search HTTP/1.1" 200 - 11 0.005 0.007
2026-08-14 15:46:45,467 1 INFO rh_2026 werkzeug: 172.22.0.1 - - [14/Aug/2026 15:46:45] "POST /web/dataset/call_kw/recruitment.project/web_search_read HTTP/1.1" 200 - 3 0.003 0.005
2026-08-14 15:46:46,101 1 INFO rh_2026 werkzeug: 172.22.0.1 - - [14/Aug/2026 15:46:46] "POST /web/dataset/call_kw/recruitment.project/web_search_read HTTP/1.1" 200 - 3 0.001 0.003
2026-08-14 15:46:53,954 1 INFO rh_2026 werkzeug: 172.22.0.1 - - [14/Aug/2026 15:46:53] "POST /web/dataset/call_kw/recruitment.project/web_search_read HTTP/1.1" 200 - 3 0.002 0.004
2026-08-14 15:47:06,875 1 INFO rh_2026 werkzeug: 172.22.0.1 - - [14/Aug/2026 15:47:06] "POST /web/action/load HTTP/1.1" 200 - 9 0.003 0.006
2026-08-14 15:47:06,945 1 INFO rh_2026 werkzeug: 172.22.0.1 - - [14/Aug/2026 15:47:06] "POST /web/dataset/call_kw/res.config.settings/get_views HTTP/1.1" 200 - 28 0.015 0.047
2026-08-14 15:47:06,994 1 INFO rh_2026 werkzeug: 172.22.0.1 - - [14/Aug/2026 15:47:06] "POST /web/dataset/call_kw/res.config.settings/onchange HTTP/1.1" 200 - 67 0.022 0.015
2026-08-14 15:47:07,050 1 INFO rh_2026 werkzeug: 172.22.0.1 - - [14/Aug/2026 15:47:07] "POST /base_setup/demo_active HTTP/1.1" 200 - 3 0.002 0.003
2026-08-14 15:47:07,066 1 INFO rh_2026 werkzeug: 172.22.0.1 - - [14/Aug/2026 15:47:07] "POST /base_setup/data HTTP/1.1" 200 - 6 0.002 0.003
2026-08-14 15:47:23,759 1 INFO rh_2026 werkzeug: 172.22.0.1 - - [14/Aug/2026 15:47:23] "POST /web/action/load HTTP/1.1" 200 - 12 0.004 0.006
2026-08-14 15:47:23,922 1 INFO rh_2026 werkzeug: 172.22.0.1 - - [14/Aug/2026 15:47:23] "POST /web/dataset/call_kw/res.users/get_views HTTP/1.1" 200 - 117 0.042 0.111
2026-08-14 15:47:23,944 1 INFO rh_2026 werkzeug: 172.22.0.1 - - [14/Aug/2026 15:47:23] "POST /web/dataset/call_kw/res.users/web_search_read HTTP/1.1" 200 - 17 0.006 0.008
2026-08-14 15:47:26,036 1 INFO rh_2026 werkzeug: 172.22.0.1 - - [14/Aug/2026 15:47:26] "POST /web/dataset/call_kw/res.users/web_read HTTP/1.1" 200 - 65 0.035 0.047
2026-08-14 15:47:26,141 1 INFO rh_2026 werkzeug: 172.22.0.1 - - [14/Aug/2026 15:47:26] "GET /web/image/res.users/2/avatar_128?unique=1786722446238 HTTP/1.1" 200 - 20 0.010 0.014
2026-08-14 15:47:34,259 1 INFO rh_2026 odoo.modules.registry: Caches invalidated, signaling through the database: ['default'] 
2026-08-14 15:47:34,260 1 INFO rh_2026 werkzeug: 172.22.0.1 - - [14/Aug/2026 15:47:34] "POST /web/dataset/call_kw/res.users/web_save HTTP/1.1" 200 - 126 0.045 0.060
2026-08-14 15:47:42,021 1 INFO rh_2026 werkzeug: 172.22.0.1 - - [14/Aug/2026 15:47:42] "POST /web/dataset/call_kw/recruitment.project/web_search_read HTTP/1.1" 200 - 8 0.004 0.006
2026-08-14 15:47:49,889 1 INFO rh_2026 odoo.addons.base.models.ir_cron: Job 'Base: Auto-vacuum internal data' (1) starting 
2026-08-14 15:47:49,943 1 INFO rh_2026 odoo.addons.base.models.ir_attachment: filestore gc 0 checked, 0 removed 
2026-08-14 15:47:50,003 1 INFO rh_2026 odoo.addons.base.models.res_users: GC'd 0 user log entries 
2026-08-14 15:47:50,014 1 INFO rh_2026 odoo.addons.base.models.res_users: GC 'res.users.apikeys' delete 0 entries 
2026-08-14 15:47:50,022 1 INFO rh_2026 odoo.addons.base.models.res_device: GC device logs delete 0 entries 
2026-08-14 15:47:50,025 1 INFO rh_2026 odoo.addons.base.models.res_device: GC device logs delete 0 entries 
2026-08-14 15:47:50,044 1 INFO rh_2026 odoo.addons.base.models.res_users: GC 'auth_totp.device' delete 0 entries 
2026-08-14 15:47:50,146 1 INFO rh_2026 odoo.addons.sms.models.sms_sms: GC'd 0 sms marked for deletion 
2026-08-14 15:47:50,199 1 INFO rh_2026 odoo.addons.base.models.ir_cron: Job 'Base: Auto-vacuum internal data' (1) done in 0.308s 
2026-08-14 15:47:50,204 1 INFO rh_2026 odoo.addons.base.models.ir_cron: Job 'Base: Auto-vacuum internal data' (1) processed 0 records, 0 records remaining 
2026-08-14 15:47:50,209 1 INFO rh_2026 odoo.addons.base.models.ir_cron: Job 'Base: Auto-vacuum internal data' (1) completed 
2026-08-14 15:48:58,438 1 INFO rh_2026 werkzeug: 172.22.0.1 - - [14/Aug/2026 15:48:58] "POST /web/dataset/call_kw/recruitment.project/web_search_read HTTP/1.1" 200 - 3 0.002 0.015
2026-08-14 15:49:01,711 1 WARNING rh_2026 odoo.addons.base.models.ir_qweb: Found deprecated directive @t-esc="title or 'Odoo'" in template 180. Replace by @t-out 
2026-08-14 15:49:01,712 1 WARNING rh_2026 odoo.addons.base.models.ir_qweb: Found deprecated directive @t-esc='request.csrf_token(None)' in template 180. Replace by @t-out 
2026-08-14 15:49:01,713 1 WARNING rh_2026 odoo.addons.base.models.ir_qweb: Found deprecated directive @t-esc='debug' in template 180. Replace by @t-out 
2026-08-14 15:49:01,728 1 INFO rh_2026 werkzeug: 172.22.0.1 - - [14/Aug/2026 15:49:01] "GET /odoo/action-249 HTTP/1.1" 200 - 97 0.035 1.059
2026-08-14 15:49:01,825 1 INFO rh_2026 werkzeug: 172.22.0.1 - - [14/Aug/2026 15:49:01] "GET /web/webclient/load_menus/dfe626631b033f25f1a74b7c09546458778d67447708e16e82db109b62f76153 HTTP/1.1" 200 - 124 0.036 0.044
2026-08-14 15:49:01,849 1 INFO rh_2026 werkzeug: 172.22.0.1 - - [14/Aug/2026 15:49:01] "GET /web/manifest.webmanifest HTTP/1.1" 200 - 11 0.005 0.006
2026-08-14 15:49:01,924 1 INFO rh_2026 werkzeug: 172.22.0.1 - - [14/Aug/2026 15:49:01] "POST /web/action/load HTTP/1.1" 200 - 10 0.011 0.007
2026-08-14 15:49:01,945 1 INFO rh_2026 werkzeug: 172.22.0.1 - - [14/Aug/2026 15:49:01] "GET /web/image?model=res.users&field=avatar_128&id=2 HTTP/1.1" 304 - 20 0.018 0.026
2026-08-14 15:49:01,989 1 INFO rh_2026 werkzeug: 172.22.0.1 - - [14/Aug/2026 15:49:01] "POST /mail/data HTTP/1.1" 200 - 63 0.046 0.032
2026-08-14 15:49:02,011 1 INFO rh_2026 werkzeug: 172.22.0.1 - - [14/Aug/2026 15:49:02] "POST /web/dataset/call_kw/recruitment.project/get_views HTTP/1.1" 200 - 29 0.018 0.061
2026-08-14 15:49:02,027 1 INFO rh_2026 werkzeug: 172.22.0.1 - - [14/Aug/2026 15:49:02] "POST /web/dataset/call_kw/res.users/has_group HTTP/1.1" 200 - 1 0.001 0.003
2026-08-14 15:49:02,028 1 INFO rh_2026 werkzeug: 172.22.0.1 - - [14/Aug/2026 15:49:02] "POST /web/dataset/call_kw/recruitment.project/web_search_read HTTP/1.1" 200 - 3 0.002 0.004
2026-08-14 15:49:03,684 1 INFO rh_2026 werkzeug: 172.22.0.1 - - [14/Aug/2026 15:49:03] "GET /web/service-worker.js HTTP/1.1" 200 - 1 0.001 0.004
2026-08-14 15:49:08,529 1 INFO rh_2026 werkzeug: 172.22.0.1 - - [14/Aug/2026 15:49:08] "POST /web/action/load HTTP/1.1" 200 - 10 0.003 0.006
2026-08-14 15:49:08,609 1 INFO rh_2026 werkzeug: 172.22.0.1 - - [14/Aug/2026 15:49:08] "POST /web/dataset/call_kw/recruitment.planning.header/get_views HTTP/1.1" 200 - 32 0.011 0.056
2026-08-14 15:49:08,631 1 INFO rh_2026 werkzeug: 172.22.0.1 - - [14/Aug/2026 15:49:08] "POST /web/dataset/call_kw/recruitment.planning.header/web_search_read HTTP/1.1" 200 - 3 0.012 0.003
2026-08-14 15:49:11,744 1 INFO rh_2026 werkzeug: 172.22.0.1 - - [14/Aug/2026 15:49:11] "POST /web/dataset/call_kw/recruitment.planning.header/onchange HTTP/1.1" 200 - 2 0.001 0.006
2026-08-14 15:49:23,695 1 INFO rh_2026 werkzeug: 172.22.0.1 - - [14/Aug/2026 15:49:23] "POST /web/dataset/call_kw/recruitment.project/name_search HTTP/1.1" 200 - 3 0.003 0.007
2026-08-14 15:50:10,874 1 INFO rh_2026 werkzeug: 172.22.0.1 - - [14/Aug/2026 15:50:10] "POST /web/action/load HTTP/1.1" 200 - 9 0.007 0.013
2026-08-14 15:50:10,958 1 INFO rh_2026 werkzeug: 172.22.0.1 - - [14/Aug/2026 15:50:10] "POST /web/dataset/call_kw/res.config.settings/get_views HTTP/1.1" 200 - 29 0.012 0.050
2026-08-14 15:50:10,999 1 INFO rh_2026 werkzeug: 172.22.0.1 - - [14/Aug/2026 15:50:10] "POST /web/dataset/call_kw/res.config.settings/onchange HTTP/1.1" 200 - 67 0.016 0.015
2026-08-14 15:50:11,052 1 INFO rh_2026 werkzeug: 172.22.0.1 - - [14/Aug/2026 15:50:11] "POST /base_setup/demo_active HTTP/1.1" 200 - 3 0.002 0.002
2026-08-14 15:50:11,064 1 INFO rh_2026 werkzeug: 172.22.0.1 - - [14/Aug/2026 15:50:11] "POST /base_setup/data HTTP/1.1" 200 - 6 0.002 0.002
2026-08-14 15:50:15,574 1 INFO rh_2026 werkzeug: 172.22.0.1 - - [14/Aug/2026 15:50:15] "POST /web/action/load HTTP/1.1" 200 - 12 0.004 0.006
2026-08-14 15:50:15,730 1 INFO rh_2026 werkzeug: 172.22.0.1 - - [14/Aug/2026 15:50:15] "POST /web/dataset/call_kw/res.users/get_views HTTP/1.1" 200 - 123 0.038 0.107
2026-08-14 15:50:15,751 1 INFO rh_2026 werkzeug: 172.22.0.1 - - [14/Aug/2026 15:50:15] "POST /web/dataset/call_kw/res.users/web_search_read HTTP/1.1" 200 - 17 0.006 0.008
2026-08-14 15:50:17,297 1 INFO rh_2026 werkzeug: 172.22.0.1 - - [14/Aug/2026 15:50:17] "POST /web/dataset/call_kw/res.users/onchange HTTP/1.1" 200 - 48 0.018 0.026
2026-08-14 15:50:21,457 1 INFO rh_2026 werkzeug: 172.22.0.1 - - [14/Aug/2026 15:50:21] "POST /web/dataset/call_kw/res.users/onchange HTTP/1.1" 200 - 22 0.008 0.014
2026-08-14 15:50:35,539 1 INFO rh_2026 werkzeug: 172.22.0.1 - - [14/Aug/2026 15:50:35] "POST /web/dataset/call_kw/res.users/onchange HTTP/1.1" 200 - 22 0.009 0.014
2026-08-14 15:50:41,071 1 INFO rh_2026 odoo.modules.registry: Caches invalidated, signaling through the database: ['default'] 
2026-08-14 15:50:41,074 1 INFO rh_2026 werkzeug: 172.22.0.1 - - [14/Aug/2026 15:50:41] "POST /web/dataset/call_kw/res.users/web_save HTTP/1.1" 200 - 326 0.166 0.190
2026-08-14 15:50:41,129 1 INFO rh_2026 werkzeug: 172.22.0.1 - - [14/Aug/2026 15:50:41] "GET /web/image/res.users/8/avatar_128?unique=1786722641509 HTTP/1.1" 200 - 24 0.013 0.016
2026-08-14 15:50:47,130 1 INFO rh_2026 werkzeug: 172.22.0.1 - - [14/Aug/2026 15:50:47] "POST /web/action/load HTTP/1.1" 200 - 11 0.008 0.013
2026-08-14 15:50:47,165 1 INFO rh_2026 werkzeug: 172.22.0.1 - - [14/Aug/2026 15:50:47] "POST /web/dataset/call_kw/change.password.wizard/get_views HTTP/1.1" 200 - 21 0.008 0.014
2026-08-14 15:50:47,182 1 INFO rh_2026 werkzeug: 172.22.0.1 - - [14/Aug/2026 15:50:47] "POST /web/dataset/call_kw/change.password.wizard/onchange HTTP/1.1" 200 - 12 0.005 0.006
2026-08-14 15:51:02,065 1 INFO rh_2026 werkzeug: 172.22.0.1 - - [14/Aug/2026 15:51:02] "POST /web/dataset/call_kw/change.password.wizard/web_save HTTP/1.1" 200 - 11 0.012 0.010
2026-08-14 15:51:02,099 1 INFO rh_2026 odoo.addons.base.models.res_users: Password change for 'ali@capep.co' (#8) by 'admin@admin.com' (#2) from 172.22.0.1 
2026-08-14 15:51:02,641 1 INFO rh_2026 odoo.modules.registry: Caches invalidated, signaling through the database: ['default'] 
2026-08-14 15:51:02,642 1 INFO rh_2026 werkzeug: 172.22.0.1 - - [14/Aug/2026 15:51:02] "POST /web/dataset/call_button/change.password.wizard/change_password_button HTTP/1.1" 200 - 58 0.027 0.541
2026-08-14 15:51:02,707 1 INFO rh_2026 werkzeug: 172.22.0.1 - - [14/Aug/2026 15:51:02] "POST /web/dataset/call_kw/res.users/web_read HTTP/1.1" 200 - 78 0.026 0.033
2026-08-14 15:51:11,567 1 INFO rh_2026 werkzeug: 172.22.0.1 - - [14/Aug/2026 15:51:11] "POST /web/dataset/call_kw/res.users/onchange HTTP/1.1" 200 - 67 0.038 0.051
2026-08-14 15:51:16,427 1 INFO rh_2026 odoo.modules.registry: Caches invalidated, signaling through the database: ['default'] 
2026-08-14 15:51:16,430 1 INFO rh_2026 werkzeug: 172.22.0.1 - - [14/Aug/2026 15:51:16] "POST /web/dataset/call_kw/res.users/web_save HTTP/1.1" 200 - 137 0.065 0.103
2026-08-14 15:51:30,409 1 INFO rh_2026 werkzeug: 172.22.0.1 - - [14/Aug/2026 15:51:30] "GET /odoo/action-250/11 HTTP/1.1" 303 - 2 0.001 0.005
2026-08-14 15:51:30,458 1 WARNING rh_2026 odoo.addons.base.models.ir_qweb: Found deprecated directive @t-esc='error' in template 185. Replace by @t-out 
2026-08-14 15:51:30,460 1 WARNING rh_2026 odoo.addons.base.models.ir_qweb: Found deprecated directive @t-esc='message' in template 185. Replace by @t-out 
2026-08-14 15:51:30,492 1 WARNING rh_2026 odoo.addons.base.models.ir_qweb: Found deprecated directive @t-esc="title or 'Odoo'" in template 181. Replace by @t-out 
2026-08-14 15:51:30,494 1 WARNING rh_2026 odoo.addons.base.models.ir_qweb: Found deprecated directive @t-esc='request.csrf_token(None)' in template 181. Replace by @t-out 
2026-08-14 15:51:30,495 1 WARNING rh_2026 odoo.addons.base.models.ir_qweb: Found deprecated directive @t-esc='debug' in template 181. Replace by @t-out 
2026-08-14 15:51:30,747 1 INFO rh_2026 werkzeug: 172.22.0.1 - - [14/Aug/2026 15:51:30] "GET /web/login?redirect=/odoo/action-250/11? HTTP/1.1" 200 - 59 0.031 0.299
2026-08-14 15:51:30,788 1 INFO rh_2026 werkzeug: 172.22.0.1 - - [14/Aug/2026 15:51:30] "GET /web/binary/company_logo HTTP/1.1" 200 - 2 0.002 0.004
2026-08-14 15:51:45,155 1 INFO rh_2026 odoo.addons.base.models.res_users: Login failed for db:rh_2026 login:ali@capep.co.ma from 172.22.0.1 
2026-08-14 15:51:45,170 1 WARNING rh_2026 odoo.addons.base.models.ir_qweb: Found deprecated directive @t-esc='error' in template 185. Replace by @t-out 
2026-08-14 15:51:45,171 1 WARNING rh_2026 odoo.addons.base.models.ir_qweb: Found deprecated directive @t-esc='message' in template 185. Replace by @t-out 
2026-08-14 15:51:45,201 1 WARNING rh_2026 odoo.addons.base.models.ir_qweb: Found deprecated directive @t-esc="title or 'Odoo'" in template 181. Replace by @t-out 
2026-08-14 15:51:45,203 1 WARNING rh_2026 odoo.addons.base.models.ir_qweb: Found deprecated directive @t-esc='request.csrf_token(None)' in template 181. Replace by @t-out 
2026-08-14 15:51:45,204 1 WARNING rh_2026 odoo.addons.base.models.ir_qweb: Found deprecated directive @t-esc='debug' in template 181. Replace by @t-out 
2026-08-14 15:51:45,447 1 INFO rh_2026 werkzeug: 172.22.0.1 - - [14/Aug/2026 15:51:45] "POST /web/login HTTP/1.1" 200 - 55 0.019 0.773
2026-08-14 15:51:45,473 1 INFO rh_2026 werkzeug: 172.22.0.1 - - [14/Aug/2026 15:51:45] "GET /web/binary/company_logo HTTP/1.1" 304 - 2 0.001 0.004
2026-08-14 15:51:54,434 1 INFO rh_2026 odoo.addons.base.models.res_users: Login successful for db:rh_2026 login:ali@capep.co.ma from 172.22.0.1 
2026-08-14 15:51:54,444 1 INFO rh_2026 odoo.modules.registry: Caches invalidated, signaling through the database: ['default'] 
2026-08-14 15:51:54,447 1 INFO rh_2026 werkzeug: 172.22.0.1 - - [14/Aug/2026 15:51:54] "POST /web/login HTTP/1.1" 303 - 49 0.025 0.513
2026-08-14 15:51:54,457 1 INFO rh_2026 odoo.addons.base.models.res_device: User 8 inserts device log (H85SqCvIffR-QvtS7tbcWZYx3-UcTeqinBF_wDeCE0) 
2026-08-14 15:51:55,499 1 WARNING rh_2026 odoo.addons.base.models.ir_qweb: Found deprecated directive @t-esc="title or 'Odoo'" in template 180. Replace by @t-out 
2026-08-14 15:51:55,500 1 WARNING rh_2026 odoo.addons.base.models.ir_qweb: Found deprecated directive @t-esc='request.csrf_token(None)' in template 180. Replace by @t-out 
2026-08-14 15:51:55,501 1 WARNING rh_2026 odoo.addons.base.models.ir_qweb: Found deprecated directive @t-esc='debug' in template 180. Replace by @t-out 
2026-08-14 15:51:55,529 1 INFO rh_2026 werkzeug: 172.22.0.1 - - [14/Aug/2026 15:51:55] "GET /odoo/action-250/11 HTTP/1.1" 200 - 147 0.072 1.003
2026-08-14 15:51:55,577 1 INFO rh_2026 werkzeug: 172.22.0.1 - - [14/Aug/2026 15:51:55] "GET /web/manifest.webmanifest HTTP/1.1" 200 - 11 0.007 0.007
2026-08-14 15:51:55,592 1 INFO rh_2026 werkzeug: 172.22.0.1 - - [14/Aug/2026 15:51:55] "GET /web/webclient/load_menus/0ed23746edbcb61b8d735d592a8a561fed10b8a6b2586b85967c278bc9bd47eb HTTP/1.1" 200 - 34 0.017 0.018
2026-08-14 15:51:55,783 1 INFO rh_2026 werkzeug: 172.22.0.1 - - [14/Aug/2026 15:51:55] "GET /web/image/res.partner/77/avatar_128?unique=1786719113000 HTTP/1.1" 200 - 18 0.011 0.017
2026-08-14 15:51:55,805 1 WARNING rh_2026 odoo.http: The action “250” does not exist 
2026-08-14 15:51:55,807 1 INFO rh_2026 werkzeug: 172.22.0.1 - - [14/Aug/2026 15:51:55] "POST /web/action/load HTTP/1.1" 200 - 5 0.010 0.043
2026-08-14 15:51:55,822 1 INFO rh_2026 werkzeug: 172.22.0.1 - - [14/Aug/2026 15:51:55] "GET /web/image?model=res.users&field=avatar_128&id=8 HTTP/1.1" 200 - 20 0.029 0.036
2026-08-14 15:51:55,838 1 INFO rh_2026 werkzeug: 172.22.0.1 - - [14/Aug/2026 15:51:55] "POST /mail/data HTTP/1.1" 200 - 39 0.036 0.042
2026-08-14 15:52:02,261 1 INFO rh_2026 werkzeug: 172.22.0.1 - - [14/Aug/2026 15:52:02] "GET /websocket?version=18.0-7 HTTP/1.1" 101 - 1 0.001 0.018
2026-08-14 15:52:02,280 1 INFO rh_2026 werkzeug: 172.22.0.1 - - [14/Aug/2026 15:52:02] "POST /bus/has_missed_notifications HTTP/1.1" 200 - 2 0.002 0.005
2026-08-14 15:52:02,089 1 INFO rh_2026 werkzeug: 172.22.0.1 - - [14/Aug/2026 15:52:02] "POST /mail/data HTTP/1.1" 200 - 57 0.019 0.028
2026-08-14 15:52:04,083 1 WARNING rh_2026 odoo.addons.base.models.ir_qweb: Found deprecated directive @t-esc="title or 'Odoo'" in template 180. Replace by @t-out 
2026-08-14 15:52:04,084 1 WARNING rh_2026 odoo.addons.base.models.ir_qweb: Found deprecated directive @t-esc='request.csrf_token(None)' in template 180. Replace by @t-out 
2026-08-14 15:52:04,085 1 WARNING rh_2026 odoo.addons.base.models.ir_qweb: Found deprecated directive @t-esc='debug' in template 180. Replace by @t-out 
2026-08-14 15:52:04,100 1 INFO rh_2026 werkzeug: 172.22.0.1 - - [14/Aug/2026 15:52:04] "GET /odoo/action-250/11 HTTP/1.1" 200 - 54 0.017 0.973
2026-08-14 15:52:04,136 1 INFO rh_2026 werkzeug: 172.22.0.1 - - [14/Aug/2026 15:52:04] "GET /web/manifest.webmanifest HTTP/1.1" 200 - 10 0.003 0.004
2026-08-14 15:52:04,282 1 WARNING rh_2026 odoo.http: The action “250” does not exist 
2026-08-14 15:52:04,283 1 INFO rh_2026 werkzeug: 172.22.0.1 - - [14/Aug/2026 15:52:04] "POST /web/action/load HTTP/1.1" 200 - 5 0.005 0.010
2026-08-14 15:52:04,297 1 INFO rh_2026 werkzeug: 172.22.0.1 - - [14/Aug/2026 15:52:04] "GET /web/image?model=res.users&field=avatar_128&id=8 HTTP/1.1" 304 - 20 0.016 0.014
2026-08-14 15:52:04,322 1 INFO rh_2026 werkzeug: 172.22.0.1 - - [14/Aug/2026 15:52:04] "POST /mail/data HTTP/1.1" 200 - 38 0.025 0.024
2026-08-14 15:52:11,434 1 INFO rh_2026 werkzeug: 172.22.0.1 - - [14/Aug/2026 15:52:11] "GET / HTTP/1.1" 303 - 1 0.001 0.004
2026-08-14 15:52:12,376 1 WARNING rh_2026 odoo.addons.base.models.ir_qweb: Found deprecated directive @t-esc="title or 'Odoo'" in template 180. Replace by @t-out 
2026-08-14 15:52:12,377 1 WARNING rh_2026 odoo.addons.base.models.ir_qweb: Found deprecated directive @t-esc='request.csrf_token(None)' in template 180. Replace by @t-out 
2026-08-14 15:52:12,378 1 WARNING rh_2026 odoo.addons.base.models.ir_qweb: Found deprecated directive @t-esc='debug' in template 180. Replace by @t-out 
2026-08-14 15:52:12,383 1 INFO rh_2026 werkzeug: 172.22.0.1 - - [14/Aug/2026 15:52:12] "GET /odoo HTTP/1.1" 200 - 54 0.015 0.924
2026-08-14 15:52:12,532 1 INFO rh_2026 werkzeug: 172.22.0.1 - - [14/Aug/2026 15:52:12] "GET /web/manifest.webmanifest HTTP/1.1" 200 - 10 0.004 0.005
2026-08-14 15:52:12,636 1 INFO rh_2026 werkzeug: 172.22.0.1 - - [14/Aug/2026 15:52:12] "POST /web/action/load HTTP/1.1" 200 - 6 0.006 0.009
2026-08-14 15:52:12,653 1 INFO rh_2026 werkzeug: 172.22.0.1 - - [14/Aug/2026 15:52:12] "GET /web/image?model=res.users&field=avatar_128&id=8 HTTP/1.1" 304 - 20 0.021 0.014
2026-08-14 15:52:12,677 1 INFO rh_2026 werkzeug: 172.22.0.1 - - [14/Aug/2026 15:52:12] "POST /mail/data HTTP/1.1" 200 - 38 0.025 0.027
2026-08-14 15:52:12,752 1 INFO rh_2026 werkzeug: 172.22.0.1 - - [14/Aug/2026 15:52:12] "POST /mail/data HTTP/1.1" 200 - 58 0.025 0.035
2026-08-14 15:52:12,821 1 INFO rh_2026 werkzeug: 172.22.0.1 - - [14/Aug/2026 15:52:12] "POST /mail/inbox/messages HTTP/1.1" 200 - 8 0.008 0.009
2026-08-14 15:52:12,833 1 INFO rh_2026 werkzeug: 172.22.0.1 - - [14/Aug/2026 15:52:12] "GET /web/image/discuss.channel/1/avatar_128?unique=9d7158e9d9b570f4ee24feb758926fc57541aa033bb1ffbc521adda1915dea6e04cb7348b3f48f689a6c67ffcbba8857d213e6fef5b46c2317f7ec1a59a065e9 HTTP/1.1" 200 - 12 0.013 0.014
2026-08-14 15:52:12,837 1 INFO rh_2026 werkzeug: 172.22.0.1 - - [14/Aug/2026 15:52:12] "GET /web/image/res.partner/2/avatar_128?unique=1786720875000 HTTP/1.1" 200 - 18 0.013 0.016
2026-08-14 15:52:16,622 1 INFO rh_2026 werkzeug: 172.22.0.1 - - [14/Aug/2026 15:52:16] "POST /web/action/load HTTP/1.1" 200 - 10 0.003 0.005
2026-08-14 15:52:16,694 1 INFO rh_2026 werkzeug: 172.22.0.1 - - [14/Aug/2026 15:52:16] "POST /web/dataset/call_kw/recruitment.project/get_views HTTP/1.1" 200 - 27 0.009 0.047
2026-08-14 15:52:16,711 1 INFO rh_2026 werkzeug: 172.22.0.1 - - [14/Aug/2026 15:52:16] "POST /web/dataset/call_kw/res.users/has_group HTTP/1.1" 200 - 1 0.001 0.003
2026-08-14 15:52:16,711 1 INFO rh_2026 werkzeug: 172.22.0.1 - - [14/Aug/2026 15:52:16] "POST /web/dataset/call_kw/recruitment.project/web_search_read HTTP/1.1" 200 - 3 0.002 0.003
2026-08-14 15:52:36,127 1 INFO rh_2026 odoo.modules.registry: Caches invalidated, signaling through the database: ['default'] 
2026-08-14 15:52:36,129 1 INFO rh_2026 werkzeug: 172.22.0.1 - - [14/Aug/2026 15:52:36] "POST /web/dataset/call_kw/res.users/web_save HTTP/1.1" 200 - 139 0.046 0.054
2026-08-14 15:52:49,798 1 INFO rh_2026 werkzeug: 172.22.0.1 - - [14/Aug/2026 15:52:49] "GET /web/service-worker.js HTTP/1.1" 200 - 6 0.003 0.006
2026-08-14 15:52:51,391 1 WARNING rh_2026 odoo.addons.base.models.ir_qweb: Found deprecated directive @t-esc="title or 'Odoo'" in template 180. Replace by @t-out 
2026-08-14 15:52:51,392 1 WARNING rh_2026 odoo.addons.base.models.ir_qweb: Found deprecated directive @t-esc='request.csrf_token(None)' in template 180. Replace by @t-out 
2026-08-14 15:52:51,394 1 WARNING rh_2026 odoo.addons.base.models.ir_qweb: Found deprecated directive @t-esc='debug' in template 180. Replace by @t-out 
2026-08-14 15:52:51,403 1 INFO rh_2026 werkzeug: 172.22.0.1 - - [14/Aug/2026 15:52:51] "GET /odoo/action-249 HTTP/1.1" 200 - 100 0.040 1.019
2026-08-14 15:52:51,463 1 INFO rh_2026 werkzeug: 172.22.0.1 - - [14/Aug/2026 15:52:51] "GET /web/manifest.webmanifest HTTP/1.1" 200 - 11 0.007 0.008
2026-08-14 15:52:51,472 1 INFO rh_2026 werkzeug: 172.22.0.1 - - [14/Aug/2026 15:52:51] "GET /web/webclient/load_menus/8dd6438a467956eae5ace53264749abff954d67a2307bc0537b71c01816b1d99 HTTP/1.1" 200 - 35 0.017 0.018
2026-08-14 15:52:51,650 1 INFO rh_2026 werkzeug: 172.22.0.1 - - [14/Aug/2026 15:52:51] "POST /web/action/load HTTP/1.1" 200 - 10 0.012 0.009
2026-08-14 15:52:51,681 1 INFO rh_2026 werkzeug: 172.22.0.1 - - [14/Aug/2026 15:52:51] "GET /web/image?model=res.users&field=avatar_128&id=8 HTTP/1.1" 304 - 21 0.026 0.028
2026-08-14 15:52:51,701 1 INFO rh_2026 werkzeug: 172.22.0.1 - - [14/Aug/2026 15:52:51] "POST /mail/data HTTP/1.1" 200 - 39 0.034 0.030
2026-08-14 15:52:51,740 1 INFO rh_2026 werkzeug: 172.22.0.1 - - [14/Aug/2026 15:52:51] "POST /web/dataset/call_kw/recruitment.project/get_views HTTP/1.1" 200 - 29 0.015 0.058
2026-08-14 15:52:51,755 1 INFO rh_2026 werkzeug: 172.22.0.1 - - [14/Aug/2026 15:52:51] "POST /web/dataset/call_kw/res.users/has_group HTTP/1.1" 200 - 1 0.000 0.004
2026-08-14 15:52:51,756 1 INFO rh_2026 werkzeug: 172.22.0.1 - - [14/Aug/2026 15:52:51] "POST /web/dataset/call_kw/recruitment.project/web_search_read HTTP/1.1" 200 - 3 0.002 0.004
2026-08-14 15:52:53,396 1 INFO rh_2026 werkzeug: 172.22.0.1 - - [14/Aug/2026 15:52:53] "GET /web/service-worker.js HTTP/1.1" 200 - 1 0.001 0.003
2026-08-14 15:52:54,235 1 INFO rh_2026 werkzeug: 172.22.0.1 - - [14/Aug/2026 15:52:54] "POST /web/dataset/call_kw/recruitment.project/onchange HTTP/1.1" 200 - 2 0.001 0.004
2026-08-14 15:52:59,097 1 INFO rh_2026 werkzeug: 172.22.0.1 - - [14/Aug/2026 15:52:59] "POST /web/action/load HTTP/1.1" 200 - 10 0.005 0.010
2026-08-14 15:52:59,207 1 INFO rh_2026 werkzeug: 172.22.0.1 - - [14/Aug/2026 15:52:59] "POST /web/dataset/call_kw/recruitment.planning.header/get_views HTTP/1.1" 200 - 32 0.015 0.076
2026-08-14 15:52:59,218 1 INFO rh_2026 werkzeug: 172.22.0.1 - - [14/Aug/2026 15:52:59] "POST /web/dataset/call_kw/recruitment.planning.header/web_search_read HTTP/1.1" 200 - 3 0.001 0.003
2026-08-14 15:52:59,828 1 INFO rh_2026 werkzeug: 172.22.0.1 - - [14/Aug/2026 15:52:59] "POST /web/dataset/call_kw/recruitment.planning.header/onchange HTTP/1.1" 200 - 2 0.001 0.005
2026-08-14 15:53:04,648 1 INFO rh_2026 werkzeug: 172.22.0.1 - - [14/Aug/2026 15:53:04] "POST /web/dataset/call_kw/recruitment.project/name_search HTTP/1.1" 200 - 3 0.001 0.003
2026-08-14 16:02:13,481 1 INFO ? odoo.service.server: Initiating shutdown 
2026-08-14 16:02:13,483 1 INFO ? odoo.service.server: Hit CTRL-C again or send a second signal to force the shutdown. 
2026-08-14 16:02:13,723 1 INFO ? odoo.sql_db: ConnectionPool(read/write;used=0/count=0/max=64): Closed 5 connections  
2026-08-14 16:02:20,849 1 INFO ? odoo: Odoo version 18.0-20260209 
2026-08-14 16:02:20,850 1 INFO ? odoo: Using configuration file at /etc/odoo/odoo.conf 
2026-08-14 16:02:20,851 1 INFO ? odoo: addons paths: ['/usr/lib/python3/dist-packages/odoo/addons', '/var/lib/odoo/.local/share/Odoo/addons/18.0', '/mnt/extra-addons'] 
2026-08-14 16:02:20,851 1 INFO ? odoo: database: odoo@postgres:5432 
2026-08-14 16:02:21,141 1 INFO ? odoo.addons.base.models.ir_actions_report: Will use the Wkhtmltopdf binary at /usr/local/bin/wkhtmltopdf 
2026-08-14 16:02:21,175 1 INFO ? odoo.addons.base.models.ir_actions_report: Will use the Wkhtmltoimage binary at /usr/local/bin/wkhtmltoimage 
2026-08-14 16:02:21,493 1 INFO ? odoo.service.server: Watching addons folder /usr/lib/python3/dist-packages/odoo/addons 
2026-08-14 16:02:21,494 1 INFO ? odoo.service.server: Watching addons folder /var/lib/odoo/.local/share/Odoo/addons/18.0 
2026-08-14 16:02:21,494 1 INFO ? odoo.service.server: Watching addons folder /mnt/extra-addons 
2026-08-14 16:02:24,635 1 INFO ? odoo.service.server: AutoReload watcher running with watchdog 
2026-08-14 16:02:24,636 1 INFO ? odoo.service.server: HTTP service (werkzeug) running on 2ff81584edb0:8069 
2026-08-14 16:02:25,752 1 INFO ? odoo.modules.loading: loading 1 modules... 
2026-08-14 16:02:25,759 1 INFO ? odoo.modules.loading: 1 modules loaded in 0.01s, 0 queries (+0 extra) 
2026-08-14 16:02:25,807 1 WARNING ? odoo.modules.module: Missing `license` key in manifest for 'recrutement', defaulting to LGPL-3 
2026-08-14 16:02:25,830 1 INFO ? odoo.modules.loading: loading 43 modules... 
2026-08-14 16:02:26,806 1 WARNING ? py.warnings: /usr/lib/python3/dist-packages/odoo/api.py:484: DeprecationWarning: The model odoo.addons.recrutement.models.recruitment_planning_header is not overriding the create method in batch
  File "/usr/lib/python3.12/threading.py", line 1030, in _bootstrap
    self._bootstrap_inner()
  File "/usr/lib/python3.12/threading.py", line 1073, in _bootstrap_inner
    self.run()
  File "/usr/lib/python3.12/threading.py", line 1010, in run
    self._target(*self._args, **self._kwargs)
  File "/usr/lib/python3.12/socketserver.py", line 692, in process_request_thread
    self.finish_request(request, client_address)
  File "/usr/lib/python3.12/socketserver.py", line 362, in finish_request
    self.RequestHandlerClass(request, client_address, self)
  File "/usr/lib/python3/dist-packages/odoo/service/server.py", line 128, in __init__
    super().__init__(*args, **kwargs)
  File "/usr/lib/python3.12/socketserver.py", line 761, in __init__
    self.handle()
  File "/usr/lib/python3/dist-packages/werkzeug/serving.py", line 390, in handle
    super().handle()
  File "/usr/lib/python3.12/http/server.py", line 436, in handle
    self.handle_one_request()
  File "/usr/lib/python3.12/http/server.py", line 424, in handle_one_request
    method()
  File "/usr/lib/python3/dist-packages/werkzeug/serving.py", line 362, in run_wsgi
    execute(self.server.app)
  File "/usr/lib/python3/dist-packages/werkzeug/serving.py", line 323, in execute
    application_iter = app(environ, start_response)
  File "/usr/lib/python3/dist-packages/odoo/http.py", line 2576, in __call__
    response = request._serve_db()
  File "/usr/lib/python3/dist-packages/odoo/http.py", line 2080, in _serve_db
    self.registry, cr_readwrite = self._open_registry()
  File "/usr/lib/python3/dist-packages/odoo/http.py", line 1690, in _open_registry
    registry = Registry(self.db)
  File "/usr/lib/python3/dist-packages/odoo/modules/registry.py", line 108, in __new__
    return cls.new(db_name)
  File "/usr/lib/python3/dist-packages/decorator.py", line 232, in fun
    return caller(func, *(extras + args), **kw)
  File "/usr/lib/python3/dist-packages/odoo/tools/func.py", line 97, in locked
    return func(inst, *args, **kwargs)
  File "/usr/lib/python3/dist-packages/odoo/modules/registry.py", line 129, in new
    odoo.modules.load_modules(registry, force_demo, status, update_module)
  File "/usr/lib/python3/dist-packages/odoo/modules/loading.py", line 485, in load_modules
    processed_modules += load_marked_modules(env, graph,
  File "/usr/lib/python3/dist-packages/odoo/modules/loading.py", line 365, in load_marked_modules
    loaded, processed = load_module_graph(
  File "/usr/lib/python3/dist-packages/odoo/modules/loading.py", line 186, in load_module_graph
    load_openerp_module(package.name)
  File "/usr/lib/python3/dist-packages/odoo/modules/module.py", line 384, in load_openerp_module
    __import__(qualname)
  File "/mnt/extra-addons/recrutement/__init__.py", line 1, in <module>
    from . import models
  File "/mnt/extra-addons/recrutement/models/__init__.py", line 1, in <module>
    from . import recruitment_planning_header
  File "/mnt/extra-addons/recrutement/models/recruitment_planning_header.py", line 5, in <module>
    class RecruitmentPlanningHeader(models.Model):
  File "/mnt/extra-addons/recrutement/models/recruitment_planning_header.py", line 213, in RecruitmentPlanningHeader
    @api.model
  File "/usr/lib/python3/dist-packages/odoo/api.py", line 431, in model
    return model_create_single(method)
  File "/usr/lib/python3/dist-packages/odoo/api.py", line 484, in model_create_single
    warnings.warn(
 
2026-08-14 16:02:26,889 1 INFO ? odoo.modules.loading: 43 modules loaded in 1.06s, 0 queries (+0 extra) 
2026-08-14 16:02:26,993 1 WARNING ? odoo.fields: Field recruitment.planning.header.state: unknown parameter 'tracking', if this is an actual parameter you may want to override the method _valid_field_parameter on the relevant model in order to allow it 
2026-08-14 16:02:27,022 1 INFO ? odoo.modules.loading: Modules loaded. 
2026-08-14 16:02:27,035 1 INFO ? odoo.modules.registry: Registry loaded in 1.348s 
2026-08-14 16:02:27,037 1 INFO rh_2026 odoo.addons.base.models.ir_http: Generating routing map for key None 
2026-08-14 16:02:27,080 1 INFO rh_2026 werkzeug: 172.22.0.1 - - [14/Aug/2026 16:02:27] "GET /websocket?version=18.0-7 HTTP/1.1" 101 - 20 0.110 1.285
2026-08-14 16:02:27,098 1 INFO rh_2026 werkzeug: 172.22.0.1 - - [14/Aug/2026 16:02:27] "POST /bus/has_missed_notifications HTTP/1.1" 200 - 2 0.002 0.003
2026-08-14 16:02:27,480 1 INFO ? odoo.addons.bus.models.bus: Bus.loop listen imbus on db postgres 
2026-08-14 16:02:28,415 1 INFO rh_2026 werkzeug: 172.22.0.1 - - [14/Aug/2026 16:02:28] "GET /websocket?version=18.0-7 HTTP/1.1" 101 - 2 0.001 0.005
2026-08-14 16:02:28,428 1 INFO rh_2026 werkzeug: 172.22.0.1 - - [14/Aug/2026 16:02:28] "POST /bus/has_missed_notifications HTTP/1.1" 200 - 2 0.001 0.002
2026-08-14 16:03:02,575 1 INFO rh_2026 werkzeug: 172.22.0.1 - - [14/Aug/2026 16:03:02] "GET /api/recruitment/projects HTTP/1.1" 200 - 4 0.005 0.672
2026-08-14 16:21:34,265 1 INFO rh_2026 odoo.addons.base.models.ir_cron: Job 'Notification: Notify scheduled messages' (8) starting 
2026-08-14 16:21:34,284 1 INFO rh_2026 odoo.addons.base.models.ir_cron: Job 'Notification: Notify scheduled messages' (8) done in 0.018s 
2026-08-14 16:21:34,290 1 INFO rh_2026 odoo.addons.base.models.ir_cron: Job 'Notification: Notify scheduled messages' (8) processed 0 records, 0 records remaining 
2026-08-14 16:21:34,294 1 INFO rh_2026 odoo.addons.base.models.ir_cron: Job 'Notification: Notify scheduled messages' (8) completed 
2026-08-14 16:21:34,305 1 INFO rh_2026 odoo.addons.base.models.ir_cron: Job 'SMS: SMS Queue Manager' (15) starting 
2026-08-14 16:21:34,322 1 INFO rh_2026 odoo.addons.base.models.ir_cron: Job 'SMS: SMS Queue Manager' (15) done in 0.016s 
2026-08-14 16:21:34,326 1 INFO rh_2026 odoo.addons.base.models.ir_cron: Job 'SMS: SMS Queue Manager' (15) processed 0 records, 0 records remaining 
2026-08-14 16:21:34,330 1 INFO rh_2026 odoo.addons.base.models.ir_cron: Job 'SMS: SMS Queue Manager' (15) completed 
2026-08-14 16:21:34,340 1 INFO rh_2026 odoo.addons.base.models.ir_cron: Job 'Snailmail: process letters queue' (16) starting 
2026-08-14 16:21:34,347 1 INFO rh_2026 odoo.addons.base.models.ir_cron: Job 'Snailmail: process letters queue' (16) done in 0.006s 
2026-08-14 16:21:34,351 1 INFO rh_2026 odoo.addons.base.models.ir_cron: Job 'Snailmail: process letters queue' (16) processed 0 records, 0 records remaining 
2026-08-14 16:21:34,354 1 INFO rh_2026 odoo.addons.base.models.ir_cron: Job 'Snailmail: process letters queue' (16) completed 
2026-08-14 16:21:34,365 1 INFO rh_2026 odoo.addons.base.models.ir_cron: Job 'Mail: Email Queue Manager' (3) starting 
2026-08-14 16:21:34,391 1 INFO rh_2026 odoo.addons.base.models.ir_cron: Job 'Mail: Email Queue Manager' (3) done in 0.026s 
2026-08-14 16:21:34,395 1 INFO rh_2026 odoo.addons.base.models.ir_cron: Job 'Mail: Email Queue Manager' (3) processed 0 records, 0 records remaining 
2026-08-14 16:21:34,398 1 INFO rh_2026 odoo.addons.base.models.ir_cron: Job 'Mail: Email Queue Manager' (3) completed 
2026-08-14 16:21:34,409 1 INFO rh_2026 odoo.addons.base.models.ir_cron: Job 'Partner Autocomplete: Sync with remote DB' (14) starting 
2026-08-14 16:21:34,412 1 INFO rh_2026 odoo.addons.base.models.ir_cron: Job 'Partner Autocomplete: Sync with remote DB' (14) done in 0.002s 
2026-08-14 16:21:34,417 1 INFO rh_2026 odoo.addons.base.models.ir_cron: Job 'Partner Autocomplete: Sync with remote DB' (14) processed 0 records, 0 records remaining 
2026-08-14 16:21:34,421 1 INFO rh_2026 odoo.addons.base.models.ir_cron: Job 'Partner Autocomplete: Sync with remote DB' (14) completed 
2026-08-14 16:22:37,883 1 INFO rh_2026 odoo.addons.base.models.res_device: User 2 inserts device log (9ezY0Q_JqoNzc6kiwwA6UFeKpHkd0hdc6QtxM7-Qa9) 
2026-08-14 16:42:49,289 1 INFO rh_2026 odoo.addons.base.models.res_device: User 2 inserts device log (9ezY0Q_JqoNzc6kiwwA6UFeKpHkd0hdc6QtxM7-Qa9) 
2026-08-14 16:42:49,291 1 INFO rh_2026 werkzeug: 172.22.0.1 - - [14/Aug/2026 16:42:49] "GET /websocket?version=18.0-7 HTTP/1.1" 101 - 1 0.002 0.052
2026-08-14 16:42:49,302 1 INFO rh_2026 werkzeug: 172.22.0.1 - - [14/Aug/2026 16:42:49] "GET /websocket?version=18.0-7 HTTP/1.1" 101 - 2 0.010 0.067
2026-08-14 16:42:49,479 1 INFO rh_2026 werkzeug: 172.22.0.1 - - [14/Aug/2026 16:42:49] "POST /bus/has_missed_notifications HTTP/1.1" 200 - 2 0.003 0.004
2026-08-14 16:42:49,830 1 INFO rh_2026 werkzeug: 172.22.0.1 - - [14/Aug/2026 16:42:49] "POST /bus/has_missed_notifications HTTP/1.1" 200 - 2 0.004 0.036
2026-08-14 16:46:03,566 1 INFO ? odoo.service.server: Initiating shutdown 
2026-08-14 16:46:03,567 1 INFO ? odoo.service.server: Hit CTRL-C again or send a second signal to force the shutdown. 
2026-08-14 16:46:09,359 1 INFO ? odoo: Odoo version 18.0-20260209 
2026-08-14 16:46:09,360 1 INFO ? odoo: Using configuration file at /etc/odoo/odoo.conf 
2026-08-14 16:46:09,361 1 INFO ? odoo: addons paths: ['/usr/lib/python3/dist-packages/odoo/addons', '/var/lib/odoo/.local/share/Odoo/addons/18.0', '/mnt/extra-addons'] 
2026-08-14 16:46:09,362 1 INFO ? odoo: database: odoo@postgres:5432 
2026-08-14 16:46:09,721 1 INFO ? odoo.addons.base.models.ir_actions_report: Will use the Wkhtmltopdf binary at /usr/local/bin/wkhtmltopdf 
2026-08-14 16:46:09,764 1 INFO ? odoo.addons.base.models.ir_actions_report: Will use the Wkhtmltoimage binary at /usr/local/bin/wkhtmltoimage 
2026-08-14 16:46:10,089 1 INFO ? odoo.service.server: Watching addons folder /usr/lib/python3/dist-packages/odoo/addons 
2026-08-14 16:46:10,090 1 INFO ? odoo.service.server: Watching addons folder /var/lib/odoo/.local/share/Odoo/addons/18.0 
2026-08-14 16:46:10,090 1 INFO ? odoo.service.server: Watching addons folder /mnt/extra-addons 
2026-08-14 16:46:13,387 1 INFO ? odoo.service.server: AutoReload watcher running with watchdog 
2026-08-14 16:46:13,411 1 INFO ? odoo.service.server: HTTP service (werkzeug) running on 2ff81584edb0:8069 
2026-08-14 16:46:14,454 1 INFO ? odoo.modules.loading: loading 1 modules... 
2026-08-14 16:46:14,461 1 INFO ? odoo.modules.loading: 1 modules loaded in 0.01s, 0 queries (+0 extra) 
2026-08-14 16:46:14,505 1 WARNING ? odoo.modules.module: Missing `license` key in manifest for 'recrutement', defaulting to LGPL-3 
2026-08-14 16:46:14,528 1 INFO ? odoo.modules.loading: loading 43 modules... 
2026-08-14 16:46:15,444 1 WARNING ? py.warnings: /usr/lib/python3/dist-packages/odoo/api.py:484: DeprecationWarning: The model odoo.addons.recrutement.models.recruitment_planning_header is not overriding the create method in batch
  File "/usr/lib/python3.12/threading.py", line 1030, in _bootstrap
    self._bootstrap_inner()
  File "/usr/lib/python3.12/threading.py", line 1073, in _bootstrap_inner
    self.run()
  File "/usr/lib/python3.12/threading.py", line 1010, in run
    self._target(*self._args, **self._kwargs)
  File "/usr/lib/python3.12/socketserver.py", line 692, in process_request_thread
    self.finish_request(request, client_address)
  File "/usr/lib/python3.12/socketserver.py", line 362, in finish_request
    self.RequestHandlerClass(request, client_address, self)
  File "/usr/lib/python3/dist-packages/odoo/service/server.py", line 128, in __init__
    super().__init__(*args, **kwargs)
  File "/usr/lib/python3.12/socketserver.py", line 761, in __init__
    self.handle()
  File "/usr/lib/python3/dist-packages/werkzeug/serving.py", line 390, in handle
    super().handle()
  File "/usr/lib/python3.12/http/server.py", line 436, in handle
    self.handle_one_request()
  File "/usr/lib/python3.12/http/server.py", line 424, in handle_one_request
    method()
  File "/usr/lib/python3/dist-packages/werkzeug/serving.py", line 362, in run_wsgi
    execute(self.server.app)
  File "/usr/lib/python3/dist-packages/werkzeug/serving.py", line 323, in execute
    application_iter = app(environ, start_response)
  File "/usr/lib/python3/dist-packages/odoo/http.py", line 2576, in __call__
    response = request._serve_db()
  File "/usr/lib/python3/dist-packages/odoo/http.py", line 2080, in _serve_db
    self.registry, cr_readwrite = self._open_registry()
  File "/usr/lib/python3/dist-packages/odoo/http.py", line 1690, in _open_registry
    registry = Registry(self.db)
  File "/usr/lib/python3/dist-packages/odoo/modules/registry.py", line 108, in __new__
    return cls.new(db_name)
  File "/usr/lib/python3/dist-packages/decorator.py", line 232, in fun
    return caller(func, *(extras + args), **kw)
  File "/usr/lib/python3/dist-packages/odoo/tools/func.py", line 97, in locked
    return func(inst, *args, **kwargs)
  File "/usr/lib/python3/dist-packages/odoo/modules/registry.py", line 129, in new
    odoo.modules.load_modules(registry, force_demo, status, update_module)
  File "/usr/lib/python3/dist-packages/odoo/modules/loading.py", line 485, in load_modules
    processed_modules += load_marked_modules(env, graph,
  File "/usr/lib/python3/dist-packages/odoo/modules/loading.py", line 365, in load_marked_modules
    loaded, processed = load_module_graph(
  File "/usr/lib/python3/dist-packages/odoo/modules/loading.py", line 186, in load_module_graph
    load_openerp_module(package.name)
  File "/usr/lib/python3/dist-packages/odoo/modules/module.py", line 384, in load_openerp_module
    __import__(qualname)
  File "/mnt/extra-addons/recrutement/__init__.py", line 1, in <module>
    from . import models
  File "/mnt/extra-addons/recrutement/models/__init__.py", line 1, in <module>
    from . import recruitment_planning_header
  File "/mnt/extra-addons/recrutement/models/recruitment_planning_header.py", line 5, in <module>
    class RecruitmentPlanningHeader(models.Model):
  File "/mnt/extra-addons/recrutement/models/recruitment_planning_header.py", line 213, in RecruitmentPlanningHeader
    @api.model
  File "/usr/lib/python3/dist-packages/odoo/api.py", line 431, in model
    return model_create_single(method)
  File "/usr/lib/python3/dist-packages/odoo/api.py", line 484, in model_create_single
    warnings.warn(
 
2026-08-14 16:46:15,491 1 INFO ? odoo.modules.loading: 43 modules loaded in 0.96s, 0 queries (+0 extra) 
2026-08-14 16:46:15,585 1 WARNING ? odoo.fields: Field recruitment.planning.header.state: unknown parameter 'tracking', if this is an actual parameter you may want to override the method _valid_field_parameter on the relevant model in order to allow it 
2026-08-14 16:46:15,615 1 INFO ? odoo.modules.loading: Modules loaded. 
2026-08-14 16:46:15,624 1 INFO ? odoo.modules.registry: Registry loaded in 1.262s 
2026-08-14 16:46:15,627 1 INFO rh_2026 odoo.addons.base.models.ir_http: Generating routing map for key None 
2026-08-14 16:46:15,684 1 INFO rh_2026 werkzeug: 172.22.0.1 - - [14/Aug/2026 16:46:15] "GET /websocket?version=18.0-7 HTTP/1.1" 101 - 20 0.108 1.216
2026-08-14 16:46:15,684 1 INFO rh_2026 werkzeug: 172.22.0.1 - - [14/Aug/2026 16:46:15] "GET /websocket?version=18.0-7 HTTP/1.1" 101 - 6 0.028 0.171
2026-08-14 16:46:15,703 1 INFO rh_2026 werkzeug: 172.22.0.1 - - [14/Aug/2026 16:46:15] "POST /bus/has_missed_notifications HTTP/1.1" 200 - 2 0.003 0.005
2026-08-14 16:46:15,704 1 INFO rh_2026 werkzeug: 172.22.0.1 - - [14/Aug/2026 16:46:15] "POST /bus/has_missed_notifications HTTP/1.1" 200 - 2 0.001 0.003
2026-08-14 16:46:16,065 1 INFO ? odoo.addons.bus.models.bus: Bus.loop listen imbus on db postgres 
2026-08-14 16:46:16,892 1 WARNING rh_2026 odoo.modules.module: Missing `license` key in manifest for 'recrutement', defaulting to LGPL-3 
2026-08-14 16:46:17,904 1 WARNING rh_2026 odoo.addons.base.models.ir_qweb: Found deprecated directive @t-esc="title or 'Odoo'" in template 180. Replace by @t-out 
2026-08-14 16:46:17,905 1 WARNING rh_2026 odoo.addons.base.models.ir_qweb: Found deprecated directive @t-esc='request.csrf_token(None)' in template 180. Replace by @t-out 
2026-08-14 16:46:17,906 1 WARNING rh_2026 odoo.addons.base.models.ir_qweb: Found deprecated directive @t-esc='debug' in template 180. Replace by @t-out 
2026-08-14 16:46:17,910 1 INFO rh_2026 werkzeug: 172.22.0.1 - - [14/Aug/2026 16:46:17] "GET /odoo/users/8 HTTP/1.1" 200 - 100 0.098 1.877
2026-08-14 16:46:17,993 1 INFO rh_2026 werkzeug: 172.22.0.1 - - [14/Aug/2026 16:46:17] "GET /web/manifest.webmanifest HTTP/1.1" 200 - 11 0.018 0.005
2026-08-14 16:46:18,137 1 INFO rh_2026 werkzeug: 172.22.0.1 - - [14/Aug/2026 16:46:18] "GET /web/image?model=res.users&field=avatar_128&id=2 HTTP/1.1" 304 - 20 0.013 0.016
2026-08-14 16:46:18,154 1 INFO rh_2026 werkzeug: 172.22.0.1 - - [14/Aug/2026 16:46:18] "POST /web/action/load HTTP/1.1" 200 - 14 0.030 0.014
2026-08-14 16:46:18,232 1 INFO rh_2026 werkzeug: 172.22.0.1 - - [14/Aug/2026 16:46:18] "POST /mail/data HTTP/1.1" 200 - 63 0.074 0.041
2026-08-14 16:46:18,371 1 INFO rh_2026 werkzeug: 172.22.0.1 - - [14/Aug/2026 16:46:18] "POST /web/dataset/call_kw/res.users/get_views HTTP/1.1" 200 - 126 0.076 0.129
2026-08-14 16:46:18,456 1 INFO rh_2026 werkzeug: 172.22.0.1 - - [14/Aug/2026 16:46:18] "POST /web/dataset/call_kw/res.users/web_read HTTP/1.1" 200 - 70 0.033 0.032
2026-08-14 16:46:18,569 1 INFO rh_2026 werkzeug: 172.22.0.1 - - [14/Aug/2026 16:46:18] "GET /web/image/res.users/8/avatar_128?unique=1786725979271 HTTP/1.1" 200 - 21 0.009 0.015
2026-08-14 16:46:19,946 1 INFO rh_2026 werkzeug: 172.22.0.1 - - [14/Aug/2026 16:46:19] "GET /web/service-worker.js HTTP/1.1" 200 - 1 0.001 0.007
2026-08-14 16:46:21,395 1 INFO rh_2026 werkzeug: 172.22.0.1 - - [14/Aug/2026 16:46:21] "POST /web/action/load HTTP/1.1" 200 - 10 0.006 0.006
2026-08-14 16:46:21,484 1 INFO rh_2026 werkzeug: 172.22.0.1 - - [14/Aug/2026 16:46:21] "POST /web/dataset/call_kw/recruitment.planning.header/get_views HTTP/1.1" 200 - 35 0.017 0.060
2026-08-14 16:46:21,500 1 INFO rh_2026 werkzeug: 172.22.0.1 - - [14/Aug/2026 16:46:21] "POST /web/dataset/call_kw/res.users/has_group HTTP/1.1" 200 - 1 0.001 0.002
2026-08-14 16:46:21,501 1 INFO rh_2026 werkzeug: 172.22.0.1 - - [14/Aug/2026 16:46:21] "POST /web/dataset/call_kw/recruitment.planning.header/web_search_read HTTP/1.1" 200 - 3 0.003 0.003
2026-08-14 16:46:26,303 1 INFO rh_2026 werkzeug: 172.22.0.1 - - [14/Aug/2026 16:46:26] "POST /web/dataset/call_kw/recruitment.planning.header/onchange HTTP/1.1" 200 - 2 0.002 0.005
